rpm_variation,harsh_braking_count,idling_time,fuel_consumption,acceleration_smoothness
2147,5,14.2,7.87,0.97
1703,3,4.2,9.37,0.5
2253,0,5.5,8.85,0.78
2866,3,21.7,5.87,0.6
1636,2,3.1,6.71,0.99
1636,2,0.0,8.33,0.24
2905,4,18.5,8.06,0.67
2337,4,12.2,9.25,0.54
1471,2,13.3,8.36,0.87
2179,2,14.8,8.59,0.46
1475,5,7.5,8.4,0.61
1473,2,14.9,7.31,0.96
1969,2,0.0,6.75,0.57
500,0,9.7,7.7,0.89
592,2,14.4,7.84,0.67
1406,2,11.2,6.57,0.45
1091,1,2.7,6.19,0.48
2019,2,10.4,7.83,0.67
1164,2,18.5,7.77,0.8
811,1,12.0,6.62,0.95
2825,2,7.4,8.0,0.84
1641,1,9.1,7.4,0.69
1847,6,20.0,10.9,0.46
802,7,24.3,8.4,0.54
1418,1,0.4,6.84,0.63
994,1,14.2,8.64,0.7
2062,3,6.9,8.79,0.66
1379,2,12.9,8.83,0.56
1595,3,10.3,8.77,0.35
1378,5,9.6,8.18,0.61
3096,2,9.7,8.12,0.7
1790,1,2.2,7.57,0.59
1059,3,12.0,9.75,0.95
2375,4,10.5,9.5,0.62
945,4,11.5,8.64,0.5
1946,2,8.9,9.31,0.86
500,7,15.5,9.83,0.39
870,1,5.5,4.15,0.86
1937,0,0.0,4.69,0.86
2316,3,21.4,7.72,0.49
1919,4,21.4,8.65,0.84
1719,3,15.3,9.76,0.62
1589,1,7.2,9.61,0.64
765,1,13.1,7.35,0.61
1296,1,0.5,6.83,0.53
1477,5,18.6,8.38,0.66
2539,1,6.6,7.84,0.76
2040,3,5.0,9.69,0.51
565,2,16.2,6.53,0.64
2026,2,12.9,7.62,0.44
1530,3,9.2,4.87,0.81
1326,3,11.4,9.02,0.56
2228,3,7.0,7.42,0.55
2521,1,11.8,6.43,0.79
2451,6,17.6,8.13,0.43
1212,2,12.3,6.98,0.83
1583,4,2.1,9.15,0.67
2031,4,14.0,10.06,0.6
2482,4,7.2,8.5,0.34
1464,3,16.1,6.33,1.0
1670,0,7.7,6.54,0.37
1025,0,18.9,8.2,0.56
962,2,7.6,4.67,0.75
2368,1,2.2,7.57,0.68
2749,1,5.0,8.33,1.0
2502,4,7.4,9.83,0.49
2053,5,2.1,10.22,0.87
1348,4,16.0,7.96,0.7
2052,3,22.0,10.04,0.71
2876,2,17.3,6.51,0.75
1774,3,9.8,7.71,0.92
2895,2,7.5,10.58,0.74
500,0,7.7,6.43,0.66
2375,3,17.3,7.68,0.64
1860,2,7.5,10.39,0.55
1590,3,10.6,8.53,0.8
500,1,9.9,6.33,0.91
1646,5,21.1,7.77,0.44
2049,1,10.8,7.3,0.66
2834,2,10.2,8.83,0.56
1437,0,7.9,4.1,0.6
1448,5,16.2,10.78,0.71
2440,3,14.1,10.83,0.74
1429,1,15.0,7.47,0.82
2159,3,12.2,7.27,0.51
1867,4,11.5,9.07,0.83
2478,1,16.8,9.4,0.93
1308,3,4.3,8.43,0.54
1570,2,12.6,8.68,0.32
1525,1,12.5,5.46,0.7
775,1,10.6,6.05,0.67
2007,4,10.1,7.65,0.72
1982,2,21.4,7.52,0.74
1803,3,15.2,9.87,0.76
1635,2,5.8,7.51,0.63
809,4,9.6,6.95,0.84
1505,2,1.3,6.11,0.78
1560,0,7.2,5.92,0.61
1238,2,20.7,8.07,0.82
1687,0,0.9,5.26,0.85
2082,1,10.8,6.87,0.56
3120,1,7.5,7.12,0.53
1922,0,9.6,7.08,0.67
1980,4,14.7,9.9,0.64
1747,1,10.1,8.15,0.54
500,5,6.8,8.54,0.67
1781,2,6.2,7.04,0.85
1842,2,8.4,6.55,0.49
3524,3,12.2,8.62,0.56
1665,4,19.6,9.37,0.77
2011,0,18.8,8.29,0.85
1775,5,13.4,8.58,0.7
981,4,10.6,8.71,0.61
2599,3,12.3,8.83,0.71
2326,2,11.8,8.09,0.88
2353,1,18.5,8.8,0.91
1163,3,4.4,8.96,0.59
2781,2,13.9,9.44,0.7
818,3,17.4,6.14,0.78
2210,4,8.2,8.12,0.7
1106,6,10.2,9.07,0.68
1403,4,5.4,9.1,0.59
1869,3,10.4,7.23,0.73
1447,5,17.8,9.52,0.62
714,4,3.3,6.28,0.52
1056,0,13.4,5.09,1.0
2131,6,14.4,8.1,0.39
1156,2,12.3,5.52,0.7
2884,3,14.5,7.58,0.68
1251,1,1.9,4.98,0.74
1574,3,8.7,6.65,0.79
2369,1,9.0,7.71,0.66
938,4,8.3,8.41,0.59
1959,3,9.6,7.35,0.67
2714,3,16.2,7.94,0.41
674,1,0.0,6.63,0.57
1929,2,11.2,7.57,0.88
1981,2,5.2,8.01,0.61
2347,5,12.6,10.13,0.31
934,0,6.7,6.39,0.52
875,1,9.7,6.69,0.59
2165,1,8.8,8.74,0.64
2007,2,11.9,6.19,0.62
1975,4,15.9,11.07,0.84
2042,3,3.8,8.08,0.7
1323,1,7.5,6.29,0.9
1962,1,5.3,7.18,0.77
2005,1,0.5,7.07,0.78
1299,2,5.5,7.74,0.64
3106,4,17.9,9.8,0.8
2131,4,11.5,11.18,0.47
966,1,11.8,6.31,0.69
2259,0,10.2,7.1,0.55
1117,1,4.7,4.23,0.8
2350,2,13.1,11.56,0.92
2611,6,9.7,9.82,0.64
2474,1,6.2,8.44,1.0
2088,1,2.5,7.93,0.68
2375,4,13.5,7.75,0.73
3127,2,6.9,9.46,0.7
1628,1,12.3,6.59,0.63
1272,2,14.0,5.82,0.51
1177,4,0.0,6.86,0.71
1228,0,25.2,7.32,0.89
1746,4,6.4,8.24,0.53
2038,1,12.8,6.47,0.51
1993,3,9.3,7.64,0.61
2379,6,16.9,9.99,0.83
1809,5,10.9,7.68,0.72
2817,4,20.2,9.12,0.61
1614,4,5.6,7.79,0.46
2237,4,3.2,7.61,0.83
1199,2,10.9,6.41,0.72
1050,6,8.3,8.19,0.61
2137,1,12.8,6.31,0.84
1643,3,13.3,8.34,0.66
2299,3,14.2,8.51,0.59
2131,1,7.9,7.41,0.78
1749,4,11.5,8.91,0.73
1207,1,8.5,6.92,0.8
739,5,8.1,9.43,0.44
1487,1,22.1,6.04,0.74
2399,5,10.0,8.18,0.32
1949,4,10.8,9.35,0.65
927,3,13.2,8.59,0.66
1921,0,5.8,8.98,0.81
2069,2,11.8,5.97,0.61
1181,5,4.7,6.47,0.68
1907,4,12.6,8.88,0.77
999,2,12.4,6.41,0.47
2050,6,22.8,10.02,0.64
2192,4,22.3,8.87,0.56
2558,3,9.3,9.71,0.71
2537,2,0.0,9.07,0.69
835,5,15.6,7.99,0.35
1143,2,8.5,5.91,0.73
2160,3,6.9,7.22,0.79
2159,2,11.7,7.63,0.61
2160,3,12.7,11.18,0.35
2199,3,9.1,6.63,0.62
2594,7,13.4,10.69,0.81
2467,6,12.1,9.85,0.39
2255,4,9.4,8.29,0.94
1579,4,16.2,10.51,0.76
2331,4,8.8,7.74,0.63
1259,4,5.6,7.39,0.52
1634,3,14.1,8.4,0.54
1460,4,15.0,9.73,0.62
1857,3,21.2,6.64,0.84
3420,3,24.0,9.53,0.48
500,1,16.8,8.21,0.7
2280,2,13.8,9.16,0.57
671,3,11.5,9.35,0.6
1469,2,6.6,5.99,0.8
2562,1,20.3,7.97,0.71
1844,1,11.2,7.32,0.79
1045,1,16.5,8.72,0.71
1299,3,11.3,7.84,0.42
1288,0,9.0,6.97,0.64
1951,2,7.0,9.44,0.89
1831,2,13.1,8.38,0.88
1343,2,21.7,8.28,0.61
3300,0,5.4,7.37,0.85
2243,5,12.9,8.73,0.72
500,2,1.2,8.7,0.86
1930,2,13.5,7.92,0.72
1336,4,15.8,7.82,0.51
2396,6,18.0,11.71,0.9
1245,3,10.2,6.75,0.74
1719,1,7.2,7.0,0.72
2153,3,12.6,8.21,0.67
2406,2,13.0,7.79,0.7
959,4,12.7,8.34,0.77
1565,1,6.8,7.74,0.61
1467,1,1.3,5.95,0.87
1342,1,14.1,6.92,0.67
3035,5,14.7,9.4,0.51
2083,3,4.5,9.77,0.74
917,3,14.7,7.86,0.94
2442,2,13.7,8.1,0.85
3285,3,9.2,8.62,0.61
2522,6,10.0,11.08,0.95
736,2,15.6,7.95,0.8
1461,3,9.2,7.36,0.79
2686,0,0.0,8.7,0.73
1304,3,11.2,8.63,0.56
2110,3,12.3,10.47,0.59
2342,5,14.6,9.22,0.69
1151,3,8.0,7.02,0.86
1758,3,11.9,8.36,0.69
500,4,16.3,6.1,0.68
1082,4,2.1,6.32,0.78
1623,2,13.1,7.71,0.34
926,0,12.2,7.23,0.39
2942,1,7.5,8.19,0.69
798,4,6.1,7.67,0.35
1491,1,13.7,7.82,0.55
1891,1,15.6,6.4,0.73
794,4,11.9,7.11,0.48
2614,2,5.5,8.29,0.87
1807,4,9.7,10.48,0.68
2123,1,13.8,10.15,0.88
1939,4,15.9,8.06,0.64
1379,1,9.9,4.68,0.86
1848,3,22.6,10.37,0.46
1530,2,3.9,7.2,0.72
1879,1,6.4,6.98,0.7
2263,4,13.3,9.3,0.71
2910,1,7.6,8.91,0.71
933,0,7.0,6.62,0.56
3293,3,15.9,8.46,0.62
500,2,6.0,7.5,0.72
1693,2,19.3,6.95,0.38
2211,1,4.6,5.35,0.48
1996,4,9.1,8.86,0.58
1364,2,16.1,6.9,0.81
1654,5,20.1,9.31,0.54
1454,2,8.8,6.22,0.39
1387,2,16.6,9.05,0.65
2394,3,7.1,7.25,0.64
2049,5,4.5,8.77,0.49
1314,2,15.4,8.44,0.66
2429,2,2.8,7.56,0.65
2015,2,10.3,7.32,0.65
2369,2,19.9,10.16,0.72
2240,2,5.7,8.92,0.57
1219,3,5.1,9.91,0.4
1407,1,4.4,5.76,0.36
2323,2,4.3,6.89,0.8
2227,1,3.7,7.55,0.55
1785,4,5.1,9.58,0.68
1882,5,18.9,8.51,0.73
2694,4,4.4,11.17,0.56
1385,0,11.3,6.44,0.95
2182,3,3.4,8.43,0.85
1658,2,11.2,9.12,0.88
1647,1,13.6,6.83,0.98
2569,3,11.4,7.13,0.88
2369,3,11.4,9.03,0.35
2713,3,8.9,9.65,0.63
1814,5,13.1,9.25,0.7
2277,3,5.2,10.79,0.64
1582,0,9.8,5.22,0.6
2026,1,7.8,6.48,0.82
1708,5,17.8,9.94,0.92
1867,1,14.4,5.95,0.74
2216,1,10.9,6.9,0.64
1227,4,11.2,8.41,0.81
3264,3,7.8,7.52,0.66
1095,2,6.0,6.73,0.82
950,2,12.1,5.49,0.41
2610,2,13.0,8.43,0.61
2354,2,9.7,8.49,0.65
2236,3,11.5,8.29,0.43
2239,3,4.7,9.19,0.51
1791,2,11.1,9.27,0.67
1171,3,9.3,6.41,0.68
1853,3,17.4,9.34,0.7
1325,3,13.2,8.83,0.77
2482,2,8.9,9.92,0.9
1697,1,11.2,6.93,0.82
1222,5,23.4,9.68,0.35
1575,3,16.0,8.38,0.64
2089,1,6.4,7.41,0.57
1405,1,11.8,6.2,0.59
1970,4,17.2,8.86,0.63
1971,0,7.4,8.51,0.89
1445,3,17.8,7.96,0.56
1470,5,5.0,8.95,0.72
1962,2,5.1,8.2,0.62
786,4,3.4,8.26,0.5
814,2,2.5,7.07,0.81
1297,4,12.9,7.18,0.93
1650,1,2.3,10.25,0.73
2017,2,5.4,7.35,0.55
2832,3,3.0,8.76,0.75
2400,2,12.7,8.13,0.65
1688,6,9.1,10.92,0.64
1786,3,16.0,7.71,0.68
1098,3,10.9,7.46,0.88
1787,3,18.6,9.3,0.81
1597,1,7.4,7.22,0.85
2025,3,15.9,8.69,0.93
1220,2,11.4,7.66,0.8
2163,7,19.4,11.66,0.61
2872,3,16.3,9.67,0.52
1723,3,12.5,8.41,0.44
2081,7,18.3,9.87,0.64
2283,3,14.4,10.54,0.9
1519,3,3.5,8.46,0.91
1956,6,17.0,9.45,0.48
1808,3,15.8,10.1,0.48
1868,4,12.4,6.13,0.6
1258,3,4.8,7.34,0.39
1817,4,15.3,7.35,0.44
2148,0,1.0,4.35,0.75
2815,2,2.0,8.15,0.75
2471,1,15.0,10.99,0.69
3307,4,15.4,9.72,0.43
1262,1,5.2,8.17,0.93
2410,0,10.1,6.3,0.73
1928,1,8.2,6.01,0.74
3332,0,12.0,8.93,0.63
1212,0,3.6,5.93,0.98
1380,2,8.6,7.49,0.61
500,1,3.3,6.1,0.83
1431,2,15.6,8.06,0.77
1268,0,6.9,7.91,0.61
1905,7,15.3,11.16,0.5
2039,3,9.5,9.24,0.83
3113,2,7.5,8.36,0.93
2465,4,10.2,10.34,0.84
1396,1,7.3,9.26,0.81
1171,3,15.5,9.18,0.6
2144,0,12.6,9.13,0.66
875,5,14.8,7.63,0.63
3082,4,20.0,10.73,0.54
2625,2,13.5,7.98,0.47
600,4,17.2,9.6,0.66
2747,0,12.7,7.18,0.73
1719,2,11.3,9.35,0.67
2666,5,12.6,10.11,0.75
683,3,4.9,8.31,0.87
1380,1,6.8,6.25,0.85
1803,1,0.0,5.1,0.86
1832,5,12.2,10.47,0.46
1484,2,10.6,7.65,0.9
2235,0,13.4,7.82,0.73
1052,2,7.8,8.07,0.85
1700,2,11.7,7.3,0.42
2160,3,5.9,8.14,0.43
2298,3,14.4,8.03,0.94
1012,2,2.1,5.05,0.57
726,2,5.6,5.44,0.65
2694,1,4.9,6.78,0.53
2032,3,8.1,9.61,0.5
1276,1,5.6,5.58,0.87
2885,4,14.5,11.45,0.62
1880,4,11.8,7.42,0.46
2625,5,8.8,8.75,0.61
1847,3,4.0,5.2,0.73
3028,2,15.2,5.52,0.7
1625,2,10.4,6.76,0.61
2480,1,0.0,6.27,0.61
1124,2,7.8,8.53,0.9
2280,5,20.6,10.55,0.53
2540,3,15.0,10.2,0.42
568,4,16.8,7.27,0.58
971,2,15.7,8.99,0.56
500,3,9.6,8.53,0.62
1611,2,8.7,6.84,0.71
2302,1,9.6,6.51,0.59
2851,3,8.8,8.42,0.58
1851,4,9.9,8.63,0.77
2940,1,13.4,7.64,1.0
833,2,13.3,5.27,0.75
607,4,2.4,8.23,0.54
1761,3,10.7,7.9,0.8
2068,2,16.3,6.77,0.63
1777,2,14.3,6.01,0.78
500,4,13.3,8.66,0.56
1737,4,20.5,9.18,0.67
886,2,8.4,5.82,0.72
2268,1,8.0,6.96,0.68
2056,5,3.7,9.09,0.4
1142,0,7.9,6.21,0.73
1440,4,22.2,10.02,0.62
1058,0,7.9,5.64,0.81
1756,3,12.7,9.75,0.72
2468,4,11.9,8.46,0.81
1109,2,12.7,8.94,0.59
2152,3,8.3,7.59,0.75
1428,2,19.3,8.02,0.7
1244,1,14.6,6.08,0.64
1725,5,17.5,11.73,0.7
1075,2,16.3,7.55,0.62
1412,2,10.3,6.36,0.61
3175,4,14.7,10.39,0.92
1824,6,21.2,8.57,0.47
1310,0,6.6,6.66,0.89
1949,4,11.3,9.62,0.5
1721,3,12.2,7.03,0.55
1645,3,1.7,7.23,0.63
2229,4,7.6,8.12,0.74
2330,4,9.9,7.43,0.78
1428,0,13.9,4.63,0.79
1396,1,11.2,8.57,0.81
1607,4,7.6,9.15,0.7
500,1,10.9,8.17,0.79
739,1,9.7,6.49,0.74
2756,2,7.8,8.55,0.61
2951,1,6.1,8.04,0.7
1625,3,23.4,8.85,0.81
2017,4,10.0,8.79,0.72
2583,2,6.1,6.24,0.91
1710,7,13.7,7.88,0.63
1131,1,3.3,7.01,0.63
675,1,10.5,6.88,0.8
1942,5,15.8,9.62,0.3
1270,5,8.6,9.9,0.64
804,1,16.4,8.76,0.64
1347,2,5.6,6.23,0.75
1042,2,12.7,7.12,0.79
2980,5,7.6,10.18,0.52
2417,3,14.4,10.66,0.61
1794,4,15.4,10.35,0.78
2835,1,5.5,7.26,0.77
1854,4,14.7,8.74,0.47
1197,3,13.3,8.79,0.88
2866,3,10.5,7.85,0.69
2177,3,15.7,10.36,0.64
1073,3,7.1,8.66,0.59
1666,2,16.6,7.18,0.54
1187,2,13.1,8.11,0.59
832,2,4.0,8.56,0.52
2448,1,12.0,8.65,0.71
3136,5,12.9,9.59,0.47
821,2,7.5,6.46,0.57
2194,1,13.0,6.63,0.96
1344,0,13.2,8.51,0.59
1459,2,0.0,4.14,0.62
1385,5,13.7,6.43,0.64
1195,4,12.1,9.72,0.7
1833,4,10.2,7.77,0.64
1218,1,10.2,5.24,0.64
1989,3,16.8,9.07,0.42
1764,1,2.7,7.06,0.73
1632,5,10.3,8.39,0.78
1164,1,5.5,6.04,0.48
1396,1,12.1,7.48,0.69
2328,3,8.8,9.92,0.38
2150,3,15.4,8.15,0.76
1115,3,16.2,7.24,0.76
1869,3,10.5,9.43,0.56
2325,3,12.5,5.95,0.66
631,2,9.7,7.13,0.76
2180,4,23.0,9.4,0.69
1336,3,6.8,9.31,0.71
2199,2,2.9,9.57,0.71
1265,1,0.0,7.3,1.0
536,2,11.5,9.16,0.87
660,2,11.6,9.15,0.71
1833,2,4.7,6.92,0.69
1981,3,7.8,8.17,0.72
1166,3,16.5,6.71,0.9
2247,2,14.5,6.76,0.8
636,0,6.8,5.5,1.0
1753,0,5.7,6.97,0.87
952,1,6.7,7.05,0.75
1343,3,13.4,6.93,0.54
1833,6,17.1,9.19,0.75
1197,2,14.4,7.78,0.6
1530,1,12.6,6.84,1.0
2504,1,5.3,6.93,0.53
1396,1,9.8,7.86,0.52
2384,4,15.2,8.45,0.66
1009,3,8.9,6.9,0.7
2170,2,10.3,8.4,0.9
2809,4,9.5,9.31,0.8
500,1,4.9,6.71,0.81
1242,1,3.0,8.07,0.77
2203,4,7.0,5.46,0.65
1657,5,12.0,10.94,0.68
2059,4,9.7,9.85,0.63
1377,0,12.4,6.45,0.58
1860,4,9.1,8.17,0.3
1691,1,8.4,5.53,0.72
2617,2,11.4,7.86,0.64
1978,2,6.2,8.09,0.35
2036,2,8.5,7.96,0.94
1511,1,0.0,7.64,0.6
1458,5,19.4,7.96,0.57
1505,1,8.5,9.7,0.86
2002,3,14.8,9.06,0.67
3252,2,15.2,8.27,0.91
2409,2,11.3,9.14,0.67
1571,6,7.7,10.08,0.34
2640,4,23.5,10.56,0.53
1514,1,8.1,6.46,0.48
500,2,8.6,7.62,0.67
1094,3,12.3,7.79,0.57
500,2,18.8,8.41,0.72
1553,3,15.9,8.54,0.62
1812,1,13.7,9.38,0.45
2973,7,15.3,9.25,0.58
2028,2,18.0,7.8,0.65
1646,4,11.7,7.69,0.6
2380,5,7.1,8.62,0.51
500,1,8.9,8.03,0.88
1964,3,11.6,6.99,0.47
2339,4,7.9,9.28,0.69
764,5,11.0,8.52,0.46
2600,2,6.9,4.36,0.98
2036,2,16.7,7.88,0.87
1509,3,9.4,6.72,0.75
2242,2,13.6,5.86,0.86
3389,2,14.1,9.2,0.89
1927,3,16.2,8.89,0.48
1973,3,14.9,10.25,0.74
1478,5,15.6,8.17,0.54
1205,2,0.0,5.73,0.91
2381,5,5.0,9.54,0.43
1200,3,7.3,7.92,0.74
1850,4,9.8,9.09,0.51
1465,2,7.1,6.95,0.94
2135,2,11.2,7.24,0.67
2033,4,13.5,7.93,0.69
2526,2,3.0,7.88,0.79
1442,0,12.2,7.84,0.59
1611,1,10.8,7.36,0.76
1114,0,6.6,6.76,0.96
1488,7,16.5,8.1,0.61
2064,1,15.1,7.63,0.53
2329,6,15.7,9.58,0.48
1154,2,13.3,6.82,0.95
2408,3,4.9,9.08,0.82
2748,6,14.6,11.02,0.71
2089,2,8.1,7.89,0.57
3113,3,8.8,10.21,0.66
1258,1,8.3,7.77,0.65
928,5,15.4,8.59,0.47
554,0,9.0,6.38,0.89
2847,2,12.1,6.31,0.59
2258,0,0.0,7.27,0.61
1761,4,14.5,9.53,0.79
1995,5,16.9,10.77,0.87
1012,0,2.2,5.61,0.76
3512,3,14.7,9.61,0.46
1890,3,16.8,8.75,0.66
1876,4,13.6,7.67,0.46
2308,5,12.8,9.66,0.53
2136,4,12.8,8.49,0.64
1956,1,4.3,9.13,0.84
1246,7,14.3,9.93,0.57
2130,4,14.4,10.66,0.52
3117,3,18.7,8.63,0.89
2741,2,14.5,7.57,0.79
2915,5,4.6,10.77,0.84
1442,1,4.3,8.04,0.72
1107,2,7.6,7.28,0.76
1711,6,17.5,10.15,0.38
1839,1,9.5,8.32,0.84
615,2,13.7,8.43,0.61
2870,2,12.7,7.11,0.62
1689,2,13.3,7.86,0.73
1501,3,12.6,7.83,0.51
1091,4,18.7,7.82,1.0
641,2,9.3,9.51,0.51
2376,1,3.6,6.53,0.42
1851,5,16.3,11.37,0.59
897,2,15.7,8.64,0.74
893,7,17.3,10.8,0.74
1564,7,14.7,9.0,0.69
1618,1,3.1,7.64,0.84
747,1,9.2,6.86,0.83
1627,2,13.9,7.21,0.71
1609,2,9.9,7.18,0.52
500,2,10.9,7.5,0.52
1761,3,10.2,6.09,0.62
1638,5,17.0,9.42,0.58
2287,2,11.5,8.14,0.86
3094,3,13.3,9.2,0.68
2588,3,8.3,6.8,0.6
1611,2,12.8,8.59,1.0
1025,2,2.1,5.9,0.81
1783,2,10.3,7.91,0.97
1938,2,13.5,7.47,0.85
1698,0,8.4,8.04,0.89
1398,7,24.8,11.24,0.46
1417,4,19.0,10.11,0.89
1777,2,9.4,7.55,0.73
1419,3,6.9,7.59,0.38
1301,6,16.3,9.32,0.55
1874,2,11.5,8.06,0.6
1621,4,14.9,7.12,0.54
2852,2,15.9,10.17,0.42
500,1,18.4,5.8,0.77
2564,2,8.6,8.85,0.5
2672,0,1.1,6.52,0.92
500,1,4.1,6.97,0.56
1560,3,8.2,8.2,0.52
1539,1,14.5,8.19,0.54
814,3,2.5,7.67,0.81
1255,2,11.1,8.16,0.69
1022,2,4.3,8.96,0.67
3026,3,10.7,8.56,0.64
2454,4,10.4,11.3,0.78
2690,2,1.6,8.26,0.92
2305,2,13.4,8.57,0.65
1009,1,4.4,6.92,0.48
1432,2,11.7,7.35,0.78
2142,3,21.0,6.51,0.73
944,3,6.8,9.59,0.5
2299,1,12.1,7.83,0.32
1631,4,9.1,6.14,0.5
1537,1,1.4,5.02,1.0
2297,2,18.5,9.92,0.49
2110,2,11.3,8.83,0.72
1547,3,13.5,8.02,0.87
2611,2,3.4,8.64,0.52
1043,2,6.9,7.11,0.66
2231,0,5.6,7.35,0.77
2215,1,8.9,7.19,0.85
1583,2,14.7,7.26,0.58
2028,4,15.2,10.38,0.41
924,0,5.7,6.23,0.94
2446,2,6.4,5.87,0.68
1670,2,8.5,7.86,0.5
1434,4,11.9,8.65,0.74
2534,1,6.8,8.05,0.8
1306,1,8.1,5.54,0.99
814,2,16.1,8.63,0.51
710,1,6.5,7.28,0.62
2224,3,7.2,10.25,0.71
903,1,11.0,6.44,0.94
3028,6,11.4,9.88,0.8
500,2,9.3,6.14,0.84
2987,4,6.4,9.6,0.52
1947,2,10.8,7.95,0.59
1732,3,10.3,8.41,0.71
2079,2,7.6,6.1,0.93
1773,2,8.8,7.9,0.79
2572,2,19.7,6.89,0.96
1879,2,8.0,7.81,0.54
1905,2,19.7,8.61,0.56
1545,3,13.1,8.78,0.9
1760,2,4.6,8.73,0.65
2015,6,16.3,9.23,0.68
602,2,11.8,7.31,0.37
856,2,16.0,10.26,0.62
2320,2,8.9,7.93,0.67
1919,1,14.6,7.87,0.8
1671,2,15.2,6.22,0.74
1812,1,3.5,5.84,0.76
2043,3,6.1,8.32,0.71
1422,4,4.2,5.78,0.67
1255,2,15.0,7.31,0.6
1937,3,5.1,10.15,0.59
1115,1,15.0,6.86,0.9
2085,1,16.0,7.35,0.71
608,0,18.8,7.73,0.64
2520,4,15.9,8.62,0.79
2130,2,14.2,9.19,0.63
2487,6,7.8,8.64,0.46
2965,6,9.4,9.25,0.33
2510,2,7.7,8.23,0.64
511,1,12.1,7.23,0.59
904,5,11.7,7.27,0.56
1362,3,8.9,8.24,0.61
1818,2,19.1,9.68,0.74
2162,0,4.4,6.53,0.72
1291,1,3.3,8.85,0.72
1930,3,16.4,10.75,0.41
1271,2,15.4,7.4,0.95
1371,3,16.7,7.4,0.9
815,1,6.2,7.4,0.83
1153,0,5.2,6.16,0.82
853,3,19.1,9.52,0.68
1116,2,8.7,7.41,0.43
2537,3,12.6,8.66,0.97
1135,1,16.8,8.32,0.57
3642,3,8.2,8.31,0.58
2145,4,9.5,8.3,0.74
1929,3,10.2,8.0,0.97
1199,3,13.3,7.35,0.77
2290,3,5.9,7.73,0.69
1397,3,5.6,8.97,0.61
1885,2,8.1,7.87,0.81
3592,5,17.4,11.97,0.56
1732,2,12.6,6.63,0.56
2604,3,9.9,5.94,0.42
1307,2,13.1,6.79,0.78
1775,2,4.5,7.03,0.84
3039,4,13.1,9.39,0.53
1361,2,10.3,6.52,0.83
3068,3,18.2,8.98,0.82
2295,3,13.5,9.73,0.32
1406,3,1.6,8.07,0.4
2242,2,4.1,8.12,0.69
2480,3,13.5,4.97,0.61
2235,3,1.9,7.31,0.67
700,5,13.7,10.76,0.54
1291,1,6.5,7.35,0.72
1626,1,9.0,6.17,0.69
1747,2,7.1,6.84,0.71
2234,5,18.5,10.37,0.58
1924,3,9.7,7.41,0.62
865,2,12.7,8.78,0.97
2066,2,12.6,7.13,0.47
2227,3,5.5,8.06,1.0
2191,2,11.8,9.69,0.56
2556,6,12.3,10.81,0.51
2383,3,13.6,9.87,0.6
2121,2,4.9,7.94,0.91
1750,2,8.8,7.36,0.76
637,5,15.9,9.56,0.71
2100,2,12.0,10.05,0.91
1945,2,5.8,7.42,0.55
1990,3,13.0,7.84,0.69
906,3,13.6,7.75,0.96
1043,1,2.1,5.34,0.57
2537,2,2.0,6.4,0.85
1772,5,17.0,8.7,0.53
2277,2,4.5,8.03,0.68
1819,2,10.9,6.84,0.78
1820,3,10.8,7.31,0.54
2456,6,12.6,9.64,0.66
1438,0,15.8,8.08,0.83
1867,2,5.2,9.22,0.78
1476,3,7.5,6.73,0.65
1495,7,19.7,11.78,0.4
1583,3,13.2,7.57,0.69
1955,3,12.3,10.51,0.7
1464,5,15.4,10.24,0.81
2679,3,8.7,8.07,0.87
1173,2,5.1,6.16,0.6
1669,5,21.8,8.45,0.78
1492,5,8.3,7.51,0.64
2812,1,0.0,9.53,0.9
1937,4,9.2,8.37,0.75
2522,5,18.0,7.99,0.78
760,2,0.3,4.92,0.63
1986,2,6.2,7.8,0.68
2422,2,14.9,7.68,0.71
1857,5,7.7,10.42,0.59
2545,3,12.5,8.18,0.84
1437,0,8.0,6.36,0.79
2786,2,10.7,8.19,0.86
3409,2,13.5,9.52,0.79
1546,0,1.7,6.68,0.69
1488,2,15.0,8.79,0.86
2817,4,6.8,10.75,0.45
2905,6,12.8,9.3,0.61
1433,3,9.8,7.75,0.72
1505,3,13.7,8.59,0.75
1602,2,2.5,8.44,0.75
858,2,18.5,8.97,0.78
1156,2,9.0,8.81,0.82
1097,3,15.6,6.82,0.61
1262,2,4.2,7.46,0.78
1775,2,7.7,4.69,0.7
1963,2,0.0,7.32,0.5
2885,5,18.2,11.19,0.57
1101,3,6.5,5.64,0.93
2489,2,4.6,8.45,0.46
1650,2,13.1,7.41,0.75
1765,6,0.0,9.36,0.69
2272,4,11.7,8.89,0.55
1014,1,18.1,7.46,0.67
2067,4,7.8,8.05,0.37
1916,2,5.9,7.94,0.89
2144,3,16.2,9.28,0.71
2002,1,3.2,6.84,0.94
3518,6,22.3,9.02,0.58
1353,3,17.1,8.84,0.45
1428,1,11.8,9.47,0.81
1363,3,6.8,7.38,0.83
1411,3,11.1,7.36,0.63
1353,2,9.0,8.31,0.95
2632,4,13.2,8.02,0.62
2794,2,12.0,8.09,0.74
1400,5,11.3,8.3,0.8
1217,2,7.7,7.25,0.61
2129,1,12.8,7.07,0.73
1413,1,20.8,7.83,0.47
2243,2,4.3,8.25,0.72
1942,2,14.2,8.51,0.67
738,5,16.6,9.58,0.59
2883,1,11.5,9.15,0.82
3057,4,14.0,10.76,0.48
1371,3,8.9,7.6,0.63
1528,4,13.5,7.04,0.78
2000,3,10.1,7.96,0.88
2260,4,15.1,7.75,0.9
3207,1,0.0,8.7,0.97
1676,2,11.3,8.07,0.6
1241,2,11.6,6.28,0.71
834,6,20.5,11.65,0.67
1288,1,9.2,8.37,0.57
1776,0,5.9,7.41,0.58
3056,4,17.5,9.79,0.67
1437,5,10.3,8.67,0.67
1956,3,4.0,8.19,0.63
1788,0,11.1,6.52,0.6
2631,2,16.9,7.25,0.8
3568,3,9.8,8.06,0.63
1428,4,9.1,6.77,0.65
1457,0,14.0,7.17,0.59
2530,5,16.6,10.3,0.67
2277,3,10.2,6.71,0.67
3092,5,15.3,10.17,0.54
2208,3,6.7,9.51,0.39
1548,4,14.4,9.93,0.89
2213,2,0.5,9.92,0.56
2576,4,8.5,7.69,0.94
2374,7,15.6,9.86,0.51
2155,4,13.6,8.4,0.77
2546,2,8.4,8.29,0.8
2618,3,16.5,9.36,0.48
2767,2,11.3,6.02,0.95
2254,1,6.8,8.33,0.69
1683,3,10.6,8.17,0.8
1902,2,13.6,8.89,0.36
2644,2,12.3,9.44,0.62
1228,1,7.6,5.14,0.7
2058,1,16.5,8.03,0.84
1524,2,5.7,5.18,0.68
1820,2,18.0,9.75,0.95
2694,2,3.2,8.92,0.43
1933,1,3.0,6.09,0.58
1832,3,6.0,7.64,0.54
848,3,17.6,7.28,0.48
2322,7,13.5,11.46,0.5
2251,3,10.1,7.4,0.4
3314,2,3.4,6.57,0.49
1584,0,5.4,4.94,0.45
1953,0,6.8,6.33,0.86
1974,2,13.3,6.73,0.56
2904,4,14.5,8.55,0.6
1733,2,7.1,9.55,0.74
1995,3,4.8,6.14,0.6
2225,3,10.3,8.68,0.36
1930,2,19.4,9.47,0.79
1487,2,12.0,6.69,0.64
1935,5,8.4,9.44,0.88
2551,6,7.5,9.04,0.57
1081,5,9.0,9.37,0.62
1893,4,11.3,7.2,0.55
1309,1,15.2,7.51,0.74
2636,4,0.0,6.69,0.78
733,3,13.0,8.69,0.89
1408,2,5.5,6.73,0.84
2895,1,10.4,6.37,0.63
1753,2,21.0,7.7,0.53
1411,3,12.3,8.5,0.74
3116,3,19.6,9.03,0.51
786,0,3.7,4.55,0.76
500,2,8.9,6.61,0.54
2108,3,1.8,6.9,0.77
1448,2,11.2,7.6,0.78
1085,2,9.1,9.29,0.69
2295,3,13.6,7.45,0.78
1970,4,12.0,10.8,0.79
1405,3,18.7,8.21,0.67
903,2,9.2,6.07,0.84
2410,2,13.1,8.55,0.91
2255,4,20.9,9.8,0.7
1730,1,18.0,8.86,0.69
3092,3,13.6,11.2,0.8
1050,2,11.1,7.39,0.79
732,3,13.7,8.39,0.5
1315,2,18.5,8.37,0.6
1768,5,14.5,6.76,0.8
1970,7,17.2,10.36,0.57
1631,3,7.4,10.09,0.73
2046,3,7.7,8.6,0.63
923,1,12.1,4.48,0.94
2810,4,8.3,9.87,0.5
1742,1,10.8,10.1,0.86
2582,3,10.2,7.46,0.81
2039,0,4.8,6.7,0.95
2119,4,8.6,7.77,0.65
2113,6,17.9,8.68,0.69
2249,1,2.3,7.77,0.68
2730,2,22.9,10.41,0.79
1937,4,13.5,8.44,0.67
2296,1,5.6,4.74,0.95
1737,2,9.4,7.37,0.67
2808,2,18.4,8.04,0.81
1326,3,8.0,9.27,0.77
3060,3,9.5,9.77,0.53
1771,3,14.4,9.28,0.58
798,2,9.2,7.54,0.55
1889,3,18.5,8.18,0.72
1323,2,6.6,6.46,0.83
2388,4,9.4,9.61,0.71
1343,4,11.0,10.19,0.77
1487,4,11.5,6.16,0.71
500,1,10.9,5.14,0.52
1483,4,11.8,9.55,0.66
500,3,8.0,5.8,0.74
691,3,14.1,7.38,0.82
2332,3,7.7,7.11,0.73
2350,3,15.8,8.0,0.8
2097,2,0.8,9.44,0.78
1766,6,14.9,6.86,0.29
1797,1,11.1,9.56,0.77
989,3,14.1,8.34,0.79
2852,4,13.0,9.74,0.45
2414,3,22.0,10.85,0.52
1645,1,12.4,8.31,0.83
1818,2,19.6,7.99,0.85
1945,4,14.3,10.82,0.42
500,0,5.0,6.36,0.74
1626,2,0.0,8.92,0.79
1322,3,13.5,6.58,0.61
1098,1,12.4,6.57,0.75
1603,3,5.3,6.22,0.34
3058,0,8.2,7.0,0.91
2248,4,5.8,7.19,0.53
1400,3,15.8,7.49,0.73
2200,0,11.4,6.14,0.68
2779,1,0.0,8.63,0.4
2447,2,3.1,6.85,0.43
1841,0,0.0,7.07,0.73
1347,1,11.0,7.57,0.75
2288,3,13.5,7.2,0.74
2075,2,14.8,6.39,0.65
2426,3,6.1,8.05,0.4
2244,1,6.9,8.77,0.52
2534,4,8.9,10.34,0.54
1425,2,5.8,6.98,0.67
2722,2,5.7,7.46,0.79
1938,3,5.2,9.49,0.63
3252,4,14.7,10.63,0.49
1317,1,16.5,5.61,0.56
3015,5,18.4,10.58,0.64
1938,0,6.0,6.89,0.79
1344,1,8.7,6.02,0.66
1461,3,13.6,8.47,0.58
1575,4,13.6,8.88,0.59
2096,3,7.1,8.25,0.93
2165,3,13.8,5.5,0.53
1398,2,13.0,6.85,0.45
1782,1,4.5,9.48,0.66
3299,7,17.0,11.17,0.59
3009,7,15.3,11.66,0.43
2105,4,15.2,9.13,0.76
1826,7,13.1,11.4,0.32
1884,3,21.2,9.55,0.62
2229,0,1.0,7.31,0.74
1084,3,20.7,4.93,0.69
1619,2,6.2,8.52,0.68
631,3,14.4,7.66,0.61
2079,3,6.2,8.97,0.53
2253,0,4.2,8.4,0.76
1461,1,4.7,7.83,0.51
2901,3,9.0,8.19,0.44
941,3,6.8,8.73,0.51
774,5,24.8,10.25,0.5
1957,5,19.1,9.28,0.61
2532,3,10.2,9.69,0.91
2978,4,17.8,8.93,0.63
1478,3,22.9,10.37,0.68
2555,3,16.9,8.59,0.6
1773,2,18.0,8.79,0.75
1679,3,17.9,9.88,0.6
2418,1,16.5,7.64,0.57
2256,3,16.5,8.12,0.56
696,1,4.0,7.11,0.65
2833,2,18.1,8.99,0.87
2766,4,13.1,7.21,0.66
1362,2,12.0,8.23,0.88
2077,4,2.5,7.93,0.58
2145,5,10.2,9.79,0.67
1982,3,17.8,7.96,0.69
1414,5,19.0,7.43,0.42
1329,1,13.2,7.58,0.79
1782,6,8.0,11.03,0.49
2620,2,11.6,8.55,0.77
2180,1,9.0,7.6,0.98
1540,3,15.2,8.95,0.58
2340,4,12.1,8.78,0.58
500,3,7.8,7.12,0.75
2604,2,7.3,8.05,0.74
582,2,0.0,7.63,0.53
1546,5,12.6,7.86,0.84
1016,4,12.0,9.52,0.45
893,2,3.4,7.42,0.69
2612,2,7.9,6.44,0.87
1472,3,24.8,8.51,0.59
2042,2,6.3,7.45,0.83
1767,2,15.5,6.3,0.58
2133,1,9.4,7.17,0.7
1853,1,10.3,7.67,0.62
901,3,16.1,8.73,0.81
2497,1,0.0,6.63,0.78
1454,3,14.5,10.38,0.59
710,3,6.5,8.54,0.6
1500,0,11.4,6.77,0.9
2850,2,12.3,11.21,0.81
2395,3,3.2,7.81,0.47
1555,1,12.9,7.73,0.44
1574,1,9.9,7.86,0.91
3253,4,24.1,9.91,0.86
2067,1,5.2,6.72,0.58
2101,5,13.0,9.56,0.81
2521,3,16.9,8.27,0.48
1967,2,14.9,7.1,0.71
1618,1,11.7,7.09,0.76
1662,1,4.9,6.14,0.54
2309,6,21.1,10.6,0.28
1836,2,14.0,8.85,0.97
1743,3,17.3,8.18,0.46
1855,3,14.7,7.68,0.5
500,1,7.8,5.89,0.87
2441,2,8.1,11.32,0.79
2042,0,2.0,7.77,0.82
2498,2,10.0,7.57,0.58
500,3,8.8,6.81,0.67
3261,2,9.6,7.48,0.69
1702,3,12.9,6.35,0.69
2575,6,12.4,10.72,0.76
1072,1,13.9,6.25,0.91
2228,3,10.7,8.79,0.52
1363,0,11.7,6.55,0.88
3139,5,14.5,9.83,0.65
1666,4,7.3,7.01,1.0
1952,2,2.9,7.74,0.77
2409,3,9.6,9.75,0.76
2146,2,18.4,9.62,0.81
1905,2,12.9,9.43,0.61
2055,5,17.1,10.02,0.61
3482,1,8.2,7.19,0.61
1759,2,12.2,9.37,1.0
1940,4,16.9,8.45,0.36
2535,4,12.0,7.99,0.61
2573,6,8.2,8.5,0.88
2630,1,5.2,9.91,0.59
2247,4,8.8,9.27,0.9
999,3,24.1,9.84,0.53
2943,4,14.4,8.2,0.44
997,1,8.0,5.85,0.96
2011,2,3.7,7.45,0.63
1272,3,15.7,5.77,0.55
1755,2,12.7,5.83,0.5
2030,4,13.5,9.67,0.91
2024,3,13.9,6.76,0.86
2095,3,5.9,8.56,0.58
2929,5,14.0,9.69,0.71
2117,4,13.3,10.57,0.57
1629,3,15.5,8.1,0.52
2474,4,17.7,7.61,0.73
2632,4,0.0,9.93,0.58
940,4,11.7,6.96,0.62
2218,5,18.5,9.59,0.76
2290,1,17.6,7.42,0.73
1591,6,10.0,9.19,0.42
2762,3,11.3,9.85,0.69
1694,2,13.7,8.41,0.36
1887,5,17.1,9.15,0.61
1678,3,5.4,8.14,0.69
1810,3,6.1,5.6,0.52
1032,4,2.1,6.65,0.74
791,1,6.9,5.66,0.62
2916,4,8.6,7.68,0.62
1207,1,0.0,6.71,0.67
1106,1,11.4,5.45,0.9
500,4,11.5,6.86,0.41
1352,2,13.3,10.39,0.67
873,1,11.0,7.03,0.62
2949,7,20.5,9.46,0.81
2506,3,10.0,8.77,0.65
1318,2,10.4,8.66,0.52
3376,3,10.7,8.92,0.59
1572,1,12.8,7.05,0.79
500,3,14.0,6.72,0.54
3403,4,6.1,10.55,0.54
827,3,21.6,9.79,0.82
648,2,8.0,7.44,0.46
2515,3,10.1,8.34,0.76
3507,2,18.8,9.58,0.71
2768,6,15.7,9.66,0.42
2194,1,7.3,6.96,0.78
2216,3,15.2,8.91,0.53
2397,3,6.5,7.6,0.42
2331,5,5.5,9.56,0.56
1996,4,9.1,7.95,0.58
1872,3,20.4,11.3,0.89
1756,1,4.8,6.82,0.55
1272,4,11.0,7.06,0.35
1603,2,11.3,7.38,0.47
614,1,12.1,7.03,0.72
1731,1,11.0,8.04,0.57
1107,1,4.7,4.06,0.53
1027,1,17.0,6.84,0.68
2774,3,17.5,9.69,0.78
2442,2,4.6,7.06,0.81
700,2,12.7,8.24,0.62
1107,1,12.2,6.76,0.69
2458,4,8.9,7.96,0.95
1112,4,16.4,7.9,1.0
1642,6,8.1,10.44,0.96
2185,1,4.1,7.92,0.74
1122,2,13.9,8.75,0.64
1873,1,1.8,5.43,0.52
866,1,12.8,7.37,0.87
1379,5,8.6,10.69,0.66
2023,4,16.6,9.27,0.53
684,2,1.6,7.53,0.74
2108,2,8.9,8.72,0.61
1786,1,11.8,8.24,0.6
2186,2,19.8,8.16,0.76
1956,3,7.7,8.6,0.9
2754,4,3.7,7.72,0.85
1887,1,3.5,8.61,0.4
1499,5,17.1,9.36,0.67
1885,4,22.5,7.97,0.63
2180,2,7.1,9.71,0.69
1834,3,16.4,11.03,0.67
1828,3,12.0,8.31,0.62
1308,4,15.0,6.69,0.27
1335,1,8.0,7.52,0.81
818,5,8.6,6.11,0.72
3024,3,18.1,7.29,0.74
929,4,10.5,9.26,0.6
1314,4,8.9,8.46,0.42
1297,0,9.0,6.03,0.77
2426,1,8.6,10.03,0.68
1593,4,23.1,8.51,0.98
2673,5,14.5,9.6,0.52
1995,3,16.7,8.45,0.63
1215,3,11.8,7.54,0.46
968,2,12.2,5.62,0.69
2016,2,15.3,8.49,0.62
2243,6,20.5,10.96,0.53
2089,1,4.8,7.44,0.77
1670,2,4.9,8.65,0.68
1709,4,7.0,7.41,0.74
1830,1,11.1,9.67,0.83
1697,4,20.1,8.07,0.58
2474,5,5.2,10.05,0.41
3347,4,22.1,10.14,0.64
1409,1,13.7,8.47,0.81
841,5,8.0,8.56,0.51
1738,3,9.8,6.16,0.59
3605,3,7.0,8.49,0.73
1237,1,15.4,6.38,0.9
2947,3,15.3,10.5,1.0
2974,4,11.1,8.02,0.7
1412,1,9.1,7.89,0.75
2198,3,15.6,8.29,0.56
2939,3,10.3,7.65,0.98
1534,2,6.3,8.67,1.0
1657,3,11.0,8.49,0.71
1392,1,10.7,6.92,0.58
1089,1,4.0,5.19,0.43
1345,1,7.7,5.77,0.7
943,1,8.9,9.17,0.58
1823,2,10.5,9.24,0.94
1261,1,15.5,5.38,0.66
1963,2,13.2,8.7,0.8
710,5,16.4,7.74,0.69
2031,4,7.3,8.91,0.36
2383,4,10.3,9.95,0.64
500,0,9.4,5.02,0.81
2061,5,13.7,8.88,0.74
2659,1,13.5,8.02,0.38
953,2,13.7,8.29,1.0
2970,1,0.0,5.66,0.64
2093,1,10.4,6.36,0.45
1306,4,15.2,9.84,0.64
1760,3,1.3,6.07,0.65
2190,2,12.1,7.81,0.63
2177,5,11.5,10.19,0.82
1155,1,6.8,6.17,0.55
1918,1,10.3,7.66,1.0
810,2,15.6,7.37,0.85
1722,5,18.6,6.93,0.71
1167,2,6.4,7.22,0.56
1285,4,14.4,8.23,0.69
2665,2,8.5,6.77,0.98
2563,5,11.1,8.25,0.71
2226,5,18.3,9.89,0.41
1035,3,23.7,8.09,0.42
1578,2,9.3,7.43,0.45
2649,2,7.4,7.25,0.89
1899,5,8.5,7.73,0.44
3423,3,17.2,8.98,0.68
2075,4,23.7,10.61,0.78
1934,5,6.5,8.9,0.65
1583,2,8.7,7.25,0.42
1893,5,3.0,9.11,0.5
1693,4,16.0,9.14,0.67
2295,1,5.9,6.59,0.68
2469,7,11.5,9.29,0.76
1249,1,6.1,5.98,0.67
868,1,2.5,4.81,0.8
514,1,15.3,7.83,0.8
2155,3,15.6,8.2,0.63
1027,2,17.2,10.04,0.69
500,5,11.4,7.69,0.56
2072,6,17.1,10.89,0.86
3545,2,12.6,8.34,0.85
1795,1,11.7,7.38,1.0
2386,4,10.4,8.44,0.61
1857,3,14.6,7.89,0.39
1730,1,13.5,8.88,0.39
2443,4,14.0,9.26,0.43
1596,2,11.6,7.05,0.77
1987,3,20.6,6.65,0.78
2025,2,14.3,7.41,0.81
1332,1,5.2,7.76,1.0
2494,3,10.0,7.99,0.47
1677,3,19.9,7.71,0.64
1270,1,22.5,8.14,0.87
2175,1,6.3,5.51,0.72
1171,2,13.1,10.86,0.49
1819,1,11.2,9.48,0.84
1793,3,14.0,9.36,0.62
2560,3,7.6,8.97,0.62
2132,1,12.1,5.91,0.64
1782,1,5.2,4.87,0.61
2372,3,2.8,8.24,0.77
2773,6,19.4,11.88,0.75
2190,3,20.8,8.71,1.0
1807,4,10.8,7.74,0.54
881,1,9.3,6.44,0.77
1054,4,8.3,7.31,0.77
1586,3,12.5,9.16,0.89
1373,2,9.8,6.28,0.55
1669,1,4.9,7.46,0.69
1839,2,7.4,7.48,0.69
2170,2,0.4,10.63,0.59
1750,3,3.1,6.76,0.58
2140,2,0.5,7.34,0.52
1845,3,8.1,9.74,0.84
500,4,11.2,6.07,0.59
1142,2,12.1,9.27,0.6
1699,1,14.1,6.25,0.57
953,0,0.8,4.88,0.8
2219,1,14.2,9.02,0.98
2871,6,13.6,9.53,0.55
2653,7,19.6,11.15,0.56
1650,0,11.2,7.05,0.81
2843,0,9.2,9.2,0.75
1904,1,11.2,5.54,0.48
1564,1,12.7,7.11,0.69
1370,2,23.0,7.8,0.62
1588,2,24.5,9.14,0.79
1528,2,8.7,8.29,0.75
1919,3,18.7,8.23,0.64
1912,3,11.9,8.96,0.73
1802,1,12.3,9.16,0.71
2105,2,6.9,7.44,0.53
2633,3,17.5,9.22,0.57
2464,3,14.6,9.29,0.7
760,4,19.0,9.59,0.53
500,2,7.1,9.01,0.9
2454,1,0.0,7.01,0.66
843,1,19.3,7.85,0.57
1642,1,5.9,7.11,0.99
980,2,9.9,5.65,0.75
538,3,21.1,8.7,0.93
2179,2,5.3,6.3,0.75
2331,2,13.3,7.55,0.59
1396,2,20.9,6.7,0.68
500,5,15.6,8.07,0.53
1417,3,22.2,5.51,0.84
2074,2,10.9,8.08,0.72
764,4,18.1,6.93,1.0
1928,4,12.2,7.91,0.67
1789,0,4.2,5.84,1.0
2205,7,17.5,10.17,0.48
1883,4,1.5,9.55,0.5
1118,1,4.4,7.23,0.79
2637,3,10.7,8.49,0.59
1689,0,9.9,6.86,0.95
1780,3,20.4,8.14,0.75
1146,3,10.2,6.67,0.54
1489,2,6.7,8.35,0.71
1180,2,11.8,8.56,0.95
1678,2,7.2,9.65,0.84
2998,3,3.4,7.7,0.45
839,2,7.0,6.83,0.95
670,6,9.7,7.28,0.74
2829,3,15.4,7.55,0.75
1653,3,8.0,9.26,0.88
1331,2,14.2,8.59,0.73
2527,6,11.8,10.38,0.48
1376,1,10.8,8.71,0.95
3078,5,16.8,11.43,0.43
2274,2,7.0,7.37,0.58
1458,3,6.6,7.03,0.96
3310,4,16.6,10.02,0.51
1375,5,9.7,8.0,0.67
2319,3,4.4,6.96,0.71
2009,4,8.5,6.97,0.43
2711,2,7.0,8.85,0.62
2893,2,15.8,7.61,0.5
1822,4,3.2,8.71,0.65
1272,1,16.5,7.27,0.63
2121,1,5.2,9.6,0.86
1325,2,11.7,7.98,1.0
3209,4,16.9,8.02,0.58
1895,4,11.6,8.38,0.77
1929,0,16.8,6.64,0.84
857,2,9.0,7.81,0.88
1119,1,7.2,6.4,0.67
2640,6,25.3,10.65,0.27
1340,2,8.1,8.1,0.78
1067,3,1.1,7.61,0.72
2175,0,16.0,6.22,0.85
2629,3,6.2,6.56,0.69
2497,4,13.8,7.04,0.45
1270,3,11.3,8.85,0.77
804,4,6.2,7.93,0.89
2850,1,12.0,7.0,0.55
1574,2,5.3,7.24,0.68
1624,2,13.2,10.27,0.58
2729,2,11.0,9.95,0.61
2189,2,17.0,6.91,0.73
2119,3,7.3,8.79,0.7
3315,1,2.8,7.74,0.66
1349,3,8.5,7.57,0.88
2449,1,10.9,6.2,0.85
1839,3,18.9,11.03,0.75
1988,3,9.2,10.3,0.94
2869,2,9.4,7.18,0.68
2155,1,9.9,9.12,0.64
2176,6,10.8,10.75,0.67
2550,4,6.3,8.52,0.59
1544,2,10.0,9.08,0.93
1212,2,14.6,7.41,0.67
1068,2,8.9,7.62,0.83
500,3,16.0,6.06,0.52
3239,5,6.0,8.03,0.47
1027,3,11.1,8.58,0.58
1645,3,0.7,8.6,0.7
1606,5,15.7,8.52,0.75
2015,3,6.8,9.48,0.92
2371,2,14.3,6.19,0.65
2402,1,0.0,5.95,0.73
1391,2,15.6,9.4,0.65
1683,3,4.2,8.37,0.65
1997,3,8.7,7.61,0.58
1625,3,6.9,8.32,0.47
2925,4,16.4,10.26,0.63
2143,1,10.3,9.33,0.66
2314,5,18.2,8.16,0.72
2264,1,11.2,8.6,0.63
2621,5,11.6,9.79,0.5
1926,5,9.1,10.31,0.63
892,1,12.1,5.99,0.59
2079,7,19.0,10.27,0.62
1344,7,12.9,9.98,0.68
1429,0,3.2,4.71,0.66
2210,4,14.4,8.39,0.36
2666,3,18.1,10.37,0.76
1814,5,14.1,8.55,0.56
2016,3,10.4,8.5,0.48
2991,6,13.8,8.01,0.34
1968,1,2.0,8.01,0.79
3621,1,15.1,5.99,0.57
2195,2,9.3,7.22,1.0
567,2,6.1,7.71,0.54
2327,3,3.2,9.66,0.71
2066,4,16.6,7.52,0.66
2702,4,16.9,8.62,0.42
2271,3,12.4,9.16,0.89
1703,0,11.1,4.45,0.61
942,2,9.7,7.81,1.0
1653,2,4.4,6.18,0.53
1204,3,18.0,8.75,0.91
1393,2,14.7,8.9,0.59
2212,4,8.4,9.97,0.81
2968,4,17.4,9.96,0.7
2076,0,13.6,7.26,0.49
962,3,12.1,8.77,0.94
2111,4,10.4,7.66,0.44
2637,3,13.7,7.95,0.66
1373,4,13.2,9.15,0.5
1706,4,9.7,8.54,0.64
1810,1,15.3,10.08,0.83
1250,1,13.3,8.32,0.68
2253,2,11.8,6.75,0.49
1715,1,7.8,6.14,0.63
2093,2,16.9,7.96,0.71
1178,3,8.4,9.67,0.52
1493,1,11.8,7.48,0.84
2305,3,8.7,7.18,0.5
1539,1,16.6,8.19,0.81
3008,5,11.7,9.79,0.51
1520,4,11.2,10.72,0.99
1957,3,10.5,7.52,0.75
2452,0,3.7,6.48,0.89
807,2,19.7,5.22,0.63
567,0,11.3,4.64,0.88
732,2,11.0,5.98,0.69
2683,4,10.1,7.29,0.6
1413,2,13.2,8.49,0.76
3590,3,6.2,8.54,0.47
1405,1,2.7,7.7,0.64
1929,2,6.5,6.75,0.59
2879,2,14.4,8.39,0.99
3204,2,14.7,6.39,0.9
3243,2,10.9,7.48,0.58
2645,1,8.2,8.24,0.83
2516,4,12.6,5.9,0.57
2214,4,16.2,8.3,0.74
2344,4,2.5,8.52,0.78
1414,5,16.1,9.24,0.57
1227,2,14.2,7.93,0.57
1797,1,13.0,7.78,0.75
1680,4,14.4,9.71,0.62
1482,2,13.2,8.07,0.72
2287,3,19.5,10.73,0.76
2468,0,4.7,6.5,0.79
1861,1,9.0,8.79,0.83
2834,3,10.6,8.55,0.62
1000,2,16.3,8.71,0.71
1664,0,6.4,7.35,0.64
1298,3,7.2,7.27,0.59
500,2,6.9,6.28,0.82
1742,4,5.2,8.6,0.32
1714,3,10.5,10.13,0.84
2859,4,12.3,9.53,0.66
2241,4,6.3,9.6,0.47
1083,2,7.4,9.14,0.8
3097,5,12.2,10.35,0.64
2654,1,13.5,8.17,0.8
2207,1,5.0,7.64,0.75
1641,5,8.2,7.13,0.5
1128,3,10.0,6.54,0.63
1539,2,14.1,8.82,0.71
2562,1,8.2,7.07,0.81
3119,5,16.3,9.61,0.52
2880,4,9.1,8.72,0.55
1457,3,13.3,8.36,0.86
1016,0,10.7,5.8,0.79
1898,1,4.6,6.86,0.75
562,1,5.4,8.62,1.0
2026,4,2.7,7.33,0.74
1696,6,17.7,10.23,0.83
1473,1,5.3,7.36,0.81
683,5,12.7,7.46,0.67
2159,4,11.9,9.71,0.95
1427,1,11.6,6.64,0.62
981,2,7.5,6.65,0.53
500,2,9.6,7.16,0.84
1780,4,18.9,9.95,0.58
2962,5,16.8,9.91,0.64
1480,2,16.6,9.39,0.63
1378,1,10.9,8.79,0.65
2128,2,9.4,9.39,0.71
1101,0,11.5,7.24,0.68
2011,2,7.6,7.47,0.77
2336,2,5.6,8.03,0.72
2658,2,6.1,8.03,0.89
1729,5,8.7,9.7,0.59
1657,4,14.0,9.31,0.74
1185,1,9.6,6.85,0.82
1221,2,0.0,8.12,0.83
1641,2,9.1,6.77,0.81
2057,1,13.5,6.06,0.69
2439,1,16.9,9.06,0.59
1237,4,17.8,9.11,0.65
2844,5,7.0,9.95,0.71
1610,2,11.5,6.85,0.54
1785,3,10.9,7.7,0.77
1276,2,17.0,8.62,0.65
500,3,5.1,7.33,0.8
2418,1,11.1,9.39,0.76
2315,3,18.0,9.55,0.86
1603,1,0.0,8.09,0.98
1846,2,8.6,9.41,0.55
2161,4,7.3,10.45,0.52
706,1,12.5,7.79,0.81
1429,1,10.6,8.53,0.83
2355,3,15.9,10.29,0.64
921,3,7.6,7.31,0.67
2005,5,12.9,9.66,0.46
850,3,10.3,6.26,0.55
2126,3,13.2,8.09,0.64
1775,0,9.4,6.75,0.99
669,1,2.9,7.67,0.61
2615,3,12.4,7.71,0.79
1285,2,1.1,6.47,0.7
1232,3,14.3,7.57,0.95
1940,3,3.6,10.35,0.62
2604,2,13.6,8.62,0.75
1088,4,9.1,8.17,0.59
1843,2,13.1,5.85,0.71
2100,2,15.1,6.88,0.87
2285,2,5.5,7.53,0.38
1923,1,15.4,6.57,0.95
1543,1,4.0,7.78,0.67
1220,2,11.1,7.44,0.56
1860,1,5.2,5.78,1.0
1049,6,6.7,7.37,0.57
500,2,11.7,6.82,0.81
2105,5,18.8,7.78,0.62
2432,6,13.1,10.28,0.61
500,2,14.2,6.21,0.61
1093,2,5.1,7.11,0.87
2233,1,12.1,8.1,1.0
3240,1,0.0,9.19,0.63
1814,5,20.2,8.37,0.89
1290,3,8.8,8.43,0.75
1671,1,3.3,6.97,0.57
2762,4,9.9,8.09,0.42
1347,2,19.8,6.46,0.85
1240,6,17.5,9.97,0.49
1462,2,9.4,8.4,0.76
1132,3,24.7,6.93,0.77
1885,1,12.6,5.89,0.95
2937,2,12.1,7.62,0.64
2026,2,15.9,6.46,0.65
1623,6,21.4,10.75,0.71
1595,5,10.9,11.42,0.65
705,1,3.8,5.43,0.77
1745,2,10.7,7.69,0.64
1673,2,10.0,7.53,0.83
2009,2,5.7,6.97,0.97
1273,1,15.4,8.05,0.58
1501,4,9.9,7.77,0.77
2603,2,4.8,7.48,0.71
1879,0,6.2,6.12,1.0
793,3,7.1,7.74,0.67
2443,0,4.0,6.64,0.8
1332,0,7.9,7.98,0.64
3111,7,19.2,12.0,0.52
1486,4,21.6,10.11,0.6
2696,5,7.5,7.49,0.63
1847,3,10.6,8.53,0.7
2396,3,14.0,8.72,0.66
2139,4,14.8,8.11,0.71
1207,3,8.6,8.9,0.81
1349,4,17.0,9.98,0.8
2520,1,4.5,5.14,0.77
1565,2,7.4,6.03,0.64
1517,4,11.1,6.53,0.63
1131,0,4.8,4.99,1.0
2096,7,23.6,9.34,0.37
3243,2,12.7,8.22,0.81
1052,4,15.3,8.99,0.58
1816,2,7.5,8.64,0.51
2788,1,22.2,7.16,0.59
1744,5,7.5,9.59,0.61
2116,3,16.0,10.82,0.8
1056,5,23.8,10.51,0.75
2099,2,12.5,8.73,1.0
1668,1,10.2,8.02,0.49
2490,1,7.6,7.71,0.83
2631,5,17.2,9.94,0.28
3612,4,12.6,10.41,0.69
2205,2,18.7,6.5,0.89
2028,1,6.4,6.02,0.91
1936,0,4.4,5.94,0.58
1552,0,3.2,6.16,0.44
2036,2,18.3,6.92,0.49
1593,2,13.0,9.53,0.49
1917,4,19.9,10.24,0.54
2722,3,10.0,11.85,0.81
1095,1,2.1,6.04,0.67
2597,3,16.9,8.21,0.65
2721,4,17.3,8.66,0.74
1717,1,5.8,8.09,0.71
500,3,6.7,9.26,0.8
1374,2,7.0,5.87,0.67
2707,3,10.5,7.97,0.54
1783,6,15.8,7.68,0.58
1100,5,16.4,9.36,0.61
1446,1,7.2,6.15,0.82
2388,2,20.7,7.08,0.71
2182,2,20.6,6.69,0.59
1632,1,10.7,6.24,0.54
1543,0,9.7,6.8,0.81
1525,1,6.2,8.26,0.61
1154,1,15.2,6.33,0.76
1574,2,3.5,6.41,0.9
2652,4,9.8,7.2,0.67
2864,5,14.4,11.54,0.6
2498,2,16.0,10.58,0.62
1497,3,0.0,10.12,0.74
2082,5,15.9,8.18,0.57
1783,0,7.9,6.77,0.61
1167,4,10.3,7.02,0.45
2027,2,8.3,6.3,0.57
974,3,16.7,9.04,0.53
2631,0,8.0,6.74,0.84
1474,3,0.0,7.04,0.67
1940,0,7.7,7.78,0.64
1998,4,15.6,8.31,0.3
1618,1,5.9,5.26,0.59
2210,1,0.5,8.9,0.72
1467,6,21.1,10.16,0.64
2409,2,8.1,9.26,0.53
857,1,10.3,5.46,0.79
1888,2,0.7,8.3,0.72
3157,3,17.5,9.55,0.64
1099,1,2.9,6.17,0.78
1325,3,18.3,10.11,0.8
2159,3,8.4,8.12,0.71
1925,1,11.2,7.24,0.64
2045,1,13.5,7.81,0.56
2142,4,6.5,7.91,0.8
2244,3,14.5,8.04,0.69
2576,4,16.2,8.53,0.71
2086,5,4.8,8.38,0.61
1631,3,9.2,7.59,0.75
2270,2,3.3,8.25,0.73
3129,2,0.0,6.96,0.83
1707,4,11.6,8.41,0.39
1117,1,7.7,5.83,0.8
2574,4,9.3,11.25,0.4
1715,2,6.0,9.31,0.78
500,2,2.2,8.14,0.65
2393,3,11.6,8.09,0.59
1425,2,13.4,6.31,0.68
1736,3,13.4,8.2,0.79
2032,2,2.1,5.86,0.66
1933,4,16.5,8.08,0.56
2296,4,18.0,9.2,0.92
1495,2,22.3,7.94,0.46
2159,2,6.7,5.29,0.67
1618,1,12.4,7.99,0.73
2317,1,17.2,4.95,0.7
2230,2,13.4,6.61,0.64
2560,3,10.3,9.63,0.77
1424,1,6.9,5.61,0.73
2365,4,3.6,6.03,0.38
2057,4,12.5,10.25,0.33
3086,4,13.0,11.68,0.59
1643,2,11.9,8.99,0.55
1555,4,15.5,9.41,0.42
1786,3,10.7,6.58,0.69
1587,2,12.0,5.45,0.74
2359,2,9.1,6.34,0.61
668,2,13.3,6.83,0.67
1062,1,2.5,7.66,0.68
1052,1,5.7,4.28,0.7
2465,4,14.4,7.76,0.77
2997,1,12.9,7.45,0.66
1726,1,8.5,5.24,0.7
1681,0,6.3,6.9,0.71
1849,3,10.5,7.23,0.63
2613,6,10.8,8.83,0.49
1150,1,8.0,5.02,0.77
1966,4,18.1,9.64,0.27
2482,0,7.5,6.76,1.0
2150,2,9.0,8.94,0.8
1932,3,10.7,8.35,0.41
2500,3,20.7,9.39,0.76
500,3,15.9,8.18,0.81
2274,2,14.7,8.22,0.74
1342,3,14.3,9.39,0.78
518,2,13.2,10.35,0.62
2157,2,14.7,9.69,0.94
2761,4,21.5,7.58,0.74
1703,1,10.2,6.86,0.83
2467,5,15.1,8.93,0.68
2928,3,18.5,9.67,0.55
2720,5,14.8,10.92,0.46
2947,1,14.4,5.98,0.6
2319,4,11.1,8.95,0.7
1852,3,4.7,9.56,0.64
678,3,5.1,6.37,0.76
1627,4,21.4,11.79,0.39
1209,1,23.4,6.2,0.73
3319,2,10.7,8.84,0.66
1676,2,7.7,8.21,0.63
1886,3,13.4,8.24,0.7
2186,4,9.5,7.34,0.75
1830,1,19.2,8.94,0.63
2986,3,7.8,7.84,0.66
1364,4,6.3,8.16,0.53
1936,1,9.9,8.99,0.64
1280,2,13.9,5.14,0.84
875,4,12.6,9.6,0.7
1371,2,17.5,9.39,0.38
1774,0,8.4,7.29,0.86
1499,2,8.5,6.47,0.69
815,6,17.2,10.61,0.6
1741,4,9.5,9.44,0.61
746,2,5.1,5.26,0.64
2332,4,7.1,9.29,0.71
1857,2,0.0,8.32,0.91
779,0,14.3,7.22,0.68
1583,2,9.8,7.52,1.0
1273,3,15.4,9.63,0.57
2023,4,13.9,9.22,0.6
2738,4,0.8,10.12,0.75
1880,5,13.2,8.24,0.79
1687,2,17.5,6.59,0.37
2269,3,16.4,8.99,0.61
1273,3,11.4,8.18,0.93
1576,2,6.6,9.08,0.77
1242,1,4.7,6.97,0.48
2553,2,6.6,7.24,0.77
1814,4,11.8,8.45,0.81
3130,4,13.4,7.47,0.59
1757,3,10.2,6.23,0.54
1304,1,10.9,8.28,0.75
740,2,8.2,7.3,0.61
537,2,13.9,6.77,0.74
691,2,20.2,7.6,0.73
1986,3,17.9,7.53,0.78
2156,2,5.2,7.79,0.67
693,3,8.7,7.75,0.36
2426,3,17.9,10.27,0.7
1461,0,0.0,6.55,0.74
1902,3,10.1,6.2,0.68
2928,4,13.0,8.67,0.59
2427,2,9.0,9.0,0.68
1612,1,8.1,7.23,0.59
1176,3,13.2,8.28,0.6
500,2,10.7,6.4,0.74
1296,3,7.5,9.05,0.54
1652,2,19.1,7.74,1.0
1108,4,12.7,6.54,0.39
1708,4,14.6,7.51,0.52
1853,1,7.7,9.67,0.65
1344,4,9.0,5.5,0.74
1918,3,5.4,9.95,0.7
2109,3,15.0,6.84,0.86
1036,1,4.6,6.6,0.39
2787,3,10.1,7.96,0.54
1730,4,21.7,9.2,0.43
1813,3,18.0,8.57,0.82
2295,3,7.8,7.81,0.7
1963,0,10.1,6.39,0.65
2467,3,4.5,8.78,0.63
2000,1,15.6,7.18,0.85
1371,3,12.0,6.32,0.55
2053,2,16.2,8.87,0.41
999,4,14.2,9.44,0.49
1875,3,9.5,8.13,0.57
1776,3,10.2,6.47,0.46
1654,4,10.9,8.97,0.69
1710,3,13.8,7.87,1.0
500,2,6.6,8.12,0.75
1415,3,11.7,9.01,0.78
1864,0,8.6,7.92,0.73
1911,5,6.1,8.9,0.53
1080,3,6.1,7.29,0.8
2685,5,5.6,9.06,0.65
1193,5,12.5,7.87,0.43
2478,2,9.9,8.35,0.8
2099,2,14.1,5.29,0.73
1347,1,4.8,4.76,0.92
3042,5,7.3,9.59,0.63
964,3,8.9,7.83,0.58
2443,2,12.3,10.29,0.66
2500,5,22.6,10.37,0.61
1330,0,8.5,5.34,0.65
2774,4,7.6,9.05,0.45
1624,3,13.6,9.05,0.47
2002,5,14.5,10.32,0.42
1982,2,10.6,7.36,0.71
1705,4,6.1,7.25,0.67
2367,2,12.4,9.89,0.75
2355,4,10.5,8.1,0.62
576,0,5.6,4.15,0.8
2713,1,13.7,7.87,0.75
636,1,12.1,7.13,0.86
2522,3,5.9,8.83,0.66
2588,3,19.1,7.73,0.73
1036,1,14.4,8.16,1.0
1512,3,7.4,6.57,0.65
1026,2,0.0,5.81,0.94
1649,5,15.8,8.03,0.73
1584,4,14.1,7.15,0.82
2345,3,6.9,11.74,0.78
2717,6,24.3,11.11,0.35
2776,4,12.3,9.38,0.57
1406,3,11.4,9.57,0.53
1653,2,12.1,6.93,0.68
621,1,15.3,5.8,0.5
1235,2,11.8,7.74,0.99
2475,1,9.6,7.26,0.9
2930,2,3.2,8.6,0.35
935,2,10.3,8.84,0.7
1385,3,18.3,9.15,0.85
1781,2,7.1,7.13,0.99
1996,5,14.7,11.54,0.47
1233,7,1.0,9.61,0.49
2096,2,17.5,8.81,0.82
1468,1,8.7,7.28,0.73
1789,2,9.6,8.18,0.64
2182,3,14.2,8.05,0.68
1804,4,14.3,7.37,0.55
1494,1,11.3,8.31,0.47
1723,4,7.0,7.56,0.74
1738,2,17.0,9.73,0.67
1540,3,17.4,7.7,0.58
1618,0,9.7,8.18,0.73
2919,5,21.8,10.54,0.49
2192,3,11.7,7.71,0.53
1593,2,8.1,7.57,0.36
2287,6,16.6,10.55,0.54
1566,3,17.6,8.63,0.55
2621,0,5.9,6.79,0.63
2058,1,6.8,8.89,0.89
1724,2,5.1,7.69,0.45
700,3,12.7,10.88,0.66
1011,0,2.8,7.33,0.77
964,3,1.7,9.1,1.0
1900,4,11.0,9.65,0.33
3012,4,14.1,9.33,0.68
3361,3,20.1,8.61,0.68
2246,3,15.5,9.26,0.75
539,3,9.2,7.89,0.81
1420,1,11.6,8.78,0.69
1248,2,9.9,9.05,0.76
1682,4,15.8,7.2,0.53
1469,4,1.1,6.54,0.71
500,3,8.5,7.74,0.64
2323,3,4.1,8.65,0.75
1049,2,16.9,9.68,0.63
1967,4,8.8,8.39,0.63
3251,4,14.9,8.23,0.75
1156,2,9.6,7.6,0.4
500,4,10.8,8.62,0.93
1599,2,5.6,6.74,0.64
2570,4,10.4,7.68,0.8
3170,3,11.9,9.28,0.8
939,4,11.2,6.07,0.64
2147,3,14.2,7.84,0.54
1474,4,4.1,9.27,0.66
1725,2,3.1,7.49,1.0
3651,3,15.4,9.63,0.32
747,4,7.7,7.21,0.79
1977,1,1.4,5.82,0.64
2560,4,11.9,7.95,0.35
1868,1,13.5,8.32,0.57
2015,2,0.0,7.44,0.51
1988,4,15.4,10.88,0.65
1559,3,14.3,8.69,0.77
2235,4,16.7,8.87,0.77
1541,4,15.9,7.94,0.55
2063,4,13.1,9.4,0.87
1779,3,8.6,8.38,0.78
2588,2,1.0,7.72,0.95
1764,4,22.5,7.68,0.72
558,1,4.3,8.07,0.62
2683,3,17.5,8.75,0.56
1165,6,12.2,11.74,0.38
1342,3,10.4,6.88,0.53
1383,3,7.5,6.5,0.65
2762,5,14.3,8.77,0.5
500,1,11.6,5.49,0.68
2539,1,11.7,7.1,0.67
1956,4,21.0,8.14,1.0
1761,4,15.4,8.62,0.58
1999,0,12.0,7.6,1.0
2164,2,9.5,8.85,0.58
2251,5,11.4,10.76,0.49
2188,4,14.0,9.76,0.92
1862,2,4.9,7.36,0.84
1661,2,9.0,8.75,0.67
1694,3,3.2,6.82,0.53
1663,2,4.7,8.63,0.84
2593,3,17.5,11.3,0.68
2215,3,0.0,9.47,0.88
500,2,14.1,7.5,0.54
2259,3,21.7,8.6,0.62
1936,1,10.4,11.01,0.82
1786,2,5.6,8.06,0.76
1528,2,13.5,6.41,0.57
2586,1,2.0,7.63,0.77
2463,4,8.8,8.82,0.64
1258,2,3.7,7.48,0.52
2084,3,5.0,9.69,0.87
1119,1,13.6,7.15,0.4
834,2,9.5,6.65,0.61
1361,1,12.3,9.32,0.85
2403,1,10.3,9.36,0.83
2467,3,3.9,9.94,0.63
2159,2,8.9,6.84,0.47
2307,2,5.6,7.41,0.54
2161,4,10.4,10.61,0.47
1350,2,10.0,5.85,0.41
2102,1,7.7,7.1,0.96
2360,0,9.0,5.79,1.0
2328,3,12.2,7.49,0.55
2632,4,7.8,10.79,0.34
2295,2,10.9,5.91,0.71
2046,0,16.7,8.89,0.76
2549,2,7.7,8.86,0.83
1781,5,6.7,8.46,0.64
1182,1,8.0,6.12,0.74
1685,6,19.2,9.18,0.41
1278,2,13.7,11.08,0.66
1327,4,14.7,8.28,0.79
1245,6,22.4,9.88,0.59
1584,2,16.1,8.67,0.75
500,3,10.3,8.38,0.63
1949,2,24.5,8.41,0.77
1800,3,8.3,9.8,0.42
1228,3,16.1,8.32,0.79
2261,1,5.9,7.51,1.0
2456,1,13.0,7.8,0.7
674,1,12.1,5.97,0.77
1266,1,7.6,6.25,0.56
1261,1,0.0,6.7,0.92
1142,2,21.3,9.01,0.64
2380,2,18.4,10.63,0.56
1664,2,17.8,9.16,0.72
1614,2,3.1,7.73,0.61
500,0,13.0,6.63,0.64
2244,3,10.9,7.97,0.53
932,1,7.1,6.49,0.44
1841,0,3.9,6.39,0.58
1994,5,21.3,9.55,0.81
2752,2,12.0,8.29,0.83
883,1,9.3,7.29,0.71
500,1,11.1,7.65,0.71
1928,1,10.2,7.69,0.51
3060,1,14.2,10.27,0.87
2667,4,2.4,6.77,0.54
1946,3,9.6,6.87,0.77
1455,4,5.8,6.5,0.57
2364,7,17.6,11.19,0.43
1118,2,2.6,10.05,0.94
2133,6,9.0,7.73,0.56
2153,2,12.0,8.43,0.82
2542,1,7.7,7.75,0.78
2074,1,3.2,6.56,0.89
1443,5,12.8,10.11,0.44
1782,2,10.1,7.5,0.6
561,2,3.6,5.98,0.53
1313,4,9.3,8.23,0.61
1513,2,11.3,7.63,0.7
1433,3,9.8,6.75,0.48
1906,2,6.2,6.88,0.57
1224,0,9.2,5.92,0.73
2584,5,11.5,9.08,0.76
1800,2,11.8,7.36,0.55
1793,5,16.8,8.77,0.72
1570,6,18.2,9.16,0.45
1908,3,12.2,6.8,0.73
2377,6,14.3,10.3,0.75
1193,3,11.4,7.09,0.83
1339,3,18.2,9.98,0.66
1587,3,8.1,8.82,0.67
857,3,18.4,8.24,0.41
1226,3,9.1,6.46,0.84
1466,3,14.0,10.81,0.54
2412,2,11.4,7.28,0.61
1983,2,13.8,7.96,0.77
1935,1,0.0,5.72,0.51
2395,3,14.4,10.55,0.68
1703,4,11.9,6.79,0.89
2073,1,12.3,8.78,0.89
1727,5,15.5,8.06,0.54
1985,4,17.4,9.91,0.83
1392,2,5.5,7.62,0.74
500,1,0.1,6.43,0.94
1706,2,2.3,6.54,0.49
2795,1,6.7,7.24,0.9
2448,0,4.0,5.65,0.88
2475,2,13.0,8.86,0.71
2665,5,20.1,11.48,0.55
1862,4,16.4,10.07,0.38
1938,1,6.2,7.72,0.8
1367,1,8.7,8.39,0.89
1578,3,14.6,9.53,0.44
2231,4,19.6,9.13,0.76
2642,5,19.3,8.28,0.6
1702,3,16.9,11.01,0.67
1484,4,14.8,8.68,0.69
1800,3,17.2,10.13,0.95
2220,1,13.2,8.42,0.72
789,2,2.6,7.18,0.72
500,2,12.0,8.08,0.67
1414,5,9.7,10.14,0.45
945,4,8.5,8.39,0.53
1444,1,10.0,8.45,0.7
1696,3,11.6,9.28,0.71
1482,3,10.4,6.17,1.0
2028,2,9.6,6.24,0.81
2010,2,4.5,9.43,0.86
2235,0,9.6,7.11,0.84
1002,1,9.0,6.94,0.92
2527,4,15.9,8.48,0.66
1746,3,6.6,6.02,0.66
2269,3,17.5,8.4,0.87
1049,1,10.2,8.28,0.6
2372,3,7.3,7.24,0.75
2063,4,21.0,9.99,0.88
1168,3,7.8,6.89,0.56
1191,1,14.4,6.95,0.64
2587,1,11.7,7.06,0.76
967,3,4.1,5.49,0.55
2949,2,9.0,8.67,0.57
1169,1,14.0,8.0,0.97
2246,1,8.2,7.89,0.79
1569,2,15.4,4.89,0.77
2222,0,10.8,8.68,0.56
1419,3,17.1,7.18,0.64
1686,4,15.4,7.12,0.81
1828,2,5.7,6.21,0.84
1098,3,12.0,6.26,0.79
2318,3,12.5,8.69,0.98
1440,5,14.0,10.4,0.36
1639,0,4.3,7.13,0.87
1103,2,9.2,8.45,0.73
500,2,13.3,8.59,0.55
1666,1,9.4,7.49,0.67
3488,4,1.0,9.58,0.69
2349,2,16.9,9.81,0.58
1786,4,10.6,8.9,0.82
1615,0,0.0,9.23,0.8
1815,1,9.2,9.13,0.78
2182,3,8.5,7.31,0.42
973,2,5.9,7.23,0.74
2580,0,8.9,5.33,0.66
2300,3,18.6,9.49,0.54
2302,4,15.1,8.33,0.64
2106,1,2.4,7.1,0.78
1813,3,10.3,9.32,0.88
2271,5,11.9,8.62,0.65
2214,3,14.2,8.38,0.87
1552,3,2.0,6.22,0.48
1398,3,14.5,6.72,0.71
1871,2,5.8,6.5,0.77
2884,2,7.6,6.0,0.63
932,6,19.8,8.14,0.37
772,4,14.5,7.6,0.74
1915,2,13.1,8.21,0.84
1835,4,17.7,9.85,0.69
1921,0,6.6,7.78,0.74
1970,1,4.2,6.54,0.63
1643,2,11.7,7.08,0.72
2842,3,15.7,8.46,0.85
679,0,8.3,6.45,0.75
1220,3,18.2,7.14,0.66
1727,2,8.8,7.79,0.74
649,2,9.4,6.59,0.43
1676,0,2.3,8.48,0.74
2963,2,5.7,5.19,0.76
1814,1,10.3,7.7,0.67
1961,7,10.0,6.91,0.69
917,1,8.9,6.63,0.65
1368,1,9.0,6.53,0.6
1537,1,12.1,6.59,0.77
1577,3,16.4,8.8,1.0
2697,4,15.3,9.24,0.58
2190,5,24.8,9.58,0.52
1021,3,12.2,7.6,0.56
1972,3,20.3,8.1,0.47
2148,2,0.0,7.67,0.52
2598,0,9.8,5.74,0.73
2906,1,7.3,8.45,0.47
1089,2,12.1,9.75,0.81
1232,3,13.2,7.53,0.93
919,3,15.8,8.2,0.89
1636,0,11.7,5.76,0.71
2126,0,8.9,6.86,0.82
2491,4,6.9,9.94,0.56
1576,3,5.5,8.68,0.74
1906,3,7.3,8.02,0.56
1215,0,10.4,7.45,1.0
3262,3,12.5,7.93,0.56
674,0,3.1,4.8,0.83
1929,1,2.7,6.13,0.85
3216,3,12.2,8.93,0.75
1804,5,12.9,9.03,0.56
1666,4,10.1,7.34,0.75
1549,3,14.9,9.09,0.75
1673,3,11.4,9.32,0.66
2760,1,14.3,7.57,0.51
500,3,14.6,9.72,0.74
2873,3,3.9,9.19,0.86
803,4,3.7,9.23,0.78
1613,5,18.1,9.14,0.76
1499,2,16.0,6.08,0.56
2211,3,14.6,9.57,0.82
681,2,6.2,7.51,0.32
2123,2,17.6,6.55,0.71
3217,4,15.5,9.66,0.74
845,4,17.9,9.41,0.63
1932,4,16.3,10.77,0.33
1336,6,13.1,9.62,0.53
2098,2,10.7,6.94,0.81
1813,0,7.0,6.84,0.9
1350,6,25.2,8.53,0.77
2141,5,15.8,8.52,0.54
3063,0,10.8,7.87,0.92
1666,2,10.6,9.17,0.89
2303,2,4.1,9.15,0.57
894,1,4.7,7.21,0.84
1130,3,11.3,8.78,0.69
2130,1,0.2,6.52,0.69
2838,1,6.2,7.37,0.74
2048,1,10.4,6.43,0.84
1580,5,12.9,9.43,0.81
1799,5,15.9,11.32,0.58
924,2,14.1,5.64,0.53
2223,1,3.3,6.96,0.93
2417,4,13.3,8.85,0.61
1483,5,12.0,8.25,0.52
1470,1,5.0,6.81,0.85
1986,3,8.4,8.85,0.74
1494,2,12.9,7.18,0.71
1753,4,5.4,9.31,0.54
3269,5,9.8,6.96,0.56
1627,5,12.1,6.87,0.67
1549,0,10.8,9.61,0.7
1346,3,8.8,7.71,0.62
2320,3,7.6,9.05,0.54
1673,1,7.2,7.42,0.84
1345,4,19.9,8.05,0.55
2724,3,21.2,8.88,0.73
2793,1,10.2,9.23,0.72
1379,3,0.0,7.14,0.58
500,1,13.5,8.07,1.0
2505,4,7.4,9.77,0.65
1320,3,13.7,9.36,0.48
2353,0,0.9,7.4,1.0
500,1,3.5,7.07,0.89
2424,3,11.3,6.81,0.59
952,2,12.4,8.45,0.7
2311,3,0.0,6.4,0.79
1809,5,9.3,10.72,0.68
1132,1,13.5,8.67,0.86
1515,3,7.6,8.56,0.68
2280,2,4.9,9.03,0.63
1874,4,10.7,6.61,0.65
2209,4,20.8,8.6,0.47
705,5,15.8,10.02,0.61
2932,1,8.4,6.21,0.78
1873,5,17.5,8.62,0.86
1170,1,12.9,5.11,0.57
868,3,8.4,4.99,0.9
1667,3,7.6,7.73,0.73
2445,3,10.4,8.32,0.3
1710,4,17.5,10.28,0.82
2857,3,16.0,9.4,0.65
784,1,7.4,6.49,0.95
1791,2,6.7,6.97,0.6
923,1,13.4,6.32,0.66
2054,3,10.1,8.49,0.78
2420,4,18.0,8.88,0.38
1505,1,9.4,6.64,0.61
500,4,15.6,8.47,0.4
1939,1,6.0,8.42,0.57
2105,0,15.4,8.1,0.99
2083,1,3.7,6.68,0.57
2665,0,11.4,9.34,0.64
2276,5,20.8,9.05,0.5
2634,0,1.7,8.03,0.29
554,3,20.7,9.3,0.7
2023,3,20.5,7.34,0.78
1447,3,16.0,8.06,0.73
1742,1,13.2,7.21,0.49
2043,3,15.1,7.96,0.65
1458,5,11.0,8.69,0.67
1327,3,9.2,8.33,0.6
1823,3,14.0,5.79,0.47
1038,0,14.8,6.91,0.89
1039,4,16.4,8.04,0.45
2275,2,1.9,5.83,0.76
995,3,15.4,6.76,0.66
2266,4,10.3,7.84,0.85
2123,4,16.4,9.03,0.98
591,3,8.7,7.16,0.57
1325,1,13.9,6.51,0.54
2635,0,11.6,6.22,0.77
1113,3,11.2,6.86,0.67
1474,2,5.0,8.06,0.78
2123,1,15.5,6.81,0.61
2348,6,16.3,9.05,0.46
1623,4,12.2,8.83,0.62
1381,3,12.6,6.63,0.71
2795,1,3.1,7.56,0.55
3017,4,16.2,9.47,0.61
2485,2,9.0,7.82,0.68
1859,0,8.1,5.46,0.85
1234,7,17.5,8.0,0.53
1218,2,1.9,6.96,0.86
2165,2,0.4,6.53,0.79
2092,5,5.6,6.17,0.33
2781,0,4.1,8.34,0.72
2255,2,9.2,9.12,0.86
747,2,2.1,6.1,0.55
2536,2,3.6,8.26,0.73
1101,1,9.7,6.03,0.78
1531,4,6.9,6.59,0.65
1975,5,10.6,10.51,0.54
3196,5,19.8,10.53,0.61
2224,3,3.5,9.01,0.55
1671,3,12.1,7.11,0.8
2174,4,14.9,5.32,0.58
2421,6,19.8,11.74,0.92
1575,2,13.5,5.2,0.47
3056,1,11.7,7.46,0.74
1961,5,14.3,7.51,0.48
2148,2,12.7,6.98,0.81
2266,1,13.8,9.41,0.55
2095,4,12.1,9.89,0.8
2387,4,9.1,7.68,0.74
1367,1,8.5,9.15,0.56
1409,1,7.1,7.05,0.67
1029,1,8.6,7.3,0.79
2107,2,0.5,8.08,0.83
2345,0,13.2,5.89,0.84
2120,6,16.3,10.26,0.54
1796,2,5.5,6.6,0.87
2268,0,10.5,7.46,0.61
1035,3,10.6,9.82,0.67
1529,0,8.6,7.94,1.0
2286,2,13.5,7.92,0.75
2394,2,14.5,6.97,0.69
1594,2,7.8,7.53,0.63
1749,1,6.7,6.67,0.56
737,1,10.8,6.06,0.71
1550,4,0.0,6.61,0.61
2423,7,20.3,10.08,0.32
2202,1,10.8,7.98,0.59
2150,2,11.4,5.61,0.83
1834,3,12.5,7.45,0.48
1804,0,0.0,6.12,0.72
1337,2,9.2,7.96,0.76
2289,4,14.0,9.88,0.71
2094,3,12.6,8.92,0.9
2144,5,24.7,9.87,0.55
1431,5,11.6,8.87,0.6
500,0,10.1,5.23,1.0
2568,2,3.1,7.45,0.59
1464,1,4.0,6.75,0.72
1196,1,16.4,7.24,0.74
2285,4,10.9,9.96,0.61
1525,2,10.9,7.0,0.84
2541,3,13.0,9.23,0.3
2231,7,23.6,8.11,0.47
2278,1,8.9,10.9,0.83
843,1,6.0,6.98,0.58
2648,3,7.9,8.68,0.54
1982,3,12.5,7.26,0.6
1541,2,14.4,7.91,0.91
1900,1,6.0,7.52,0.75
556,4,9.0,5.12,0.61
2086,3,15.3,8.91,0.49
1079,2,15.6,6.74,0.72
853,2,18.0,4.84,0.48
734,3,12.3,5.56,0.34
2578,1,11.4,6.55,0.66
1359,2,12.4,7.92,0.34
2873,1,0.0,9.85,0.68
1424,3,17.5,8.61,0.83
604,2,14.5,9.96,0.92
1018,0,9.8,7.5,0.88
2665,0,9.4,7.49,0.9
1690,3,12.3,8.92,0.61
1416,4,23.4,6.68,0.52
1912,4,3.8,7.67,0.7
2151,3,9.3,6.5,0.78
2582,5,14.2,9.87,0.66
2813,3,17.6,10.62,0.66
1548,3,13.4,8.04,0.47
871,6,11.8,9.71,0.27
1510,3,7.4,7.15,0.66
1982,2,11.4,10.69,0.87
1125,2,8.6,8.09,0.52
1129,4,23.3,9.27,0.68
2040,2,11.6,8.87,0.77
1765,1,5.7,7.16,0.78
1822,5,23.3,7.1,0.46
1269,1,4.4,7.65,0.46
1638,2,10.8,8.06,0.55
1153,4,9.6,7.25,0.65
2423,2,6.9,6.39,0.58
2524,2,12.1,9.26,0.66
507,5,18.7,9.1,0.56
1149,3,14.9,8.0,0.61
752,3,7.5,9.71,0.68
1344,2,16.5,6.93,0.54
1741,5,16.4,8.17,0.69
785,3,0.0,8.81,0.51
1154,4,16.7,9.2,0.66
1097,2,16.2,8.43,0.6
1945,2,11.1,7.16,0.59
1848,3,14.5,7.7,0.65
1294,2,19.9,6.58,0.66
1923,3,0.0,8.11,0.69
1417,1,12.2,8.98,0.77
1609,4,8.2,6.88,0.33
2971,2,16.1,9.51,0.75
2738,2,8.9,8.6,0.75
890,3,13.5,7.98,0.66
2380,2,2.4,8.43,0.8
2367,3,15.6,7.38,0.71
996,3,5.5,8.15,0.47
2373,1,7.6,7.61,0.95
2876,1,15.3,8.43,0.79
1014,3,15.1,7.81,0.47
1157,3,10.2,9.96,0.57
2512,4,5.5,8.42,0.56
1990,1,8.3,6.35,0.78
2186,3,9.0,7.96,0.78
2038,5,11.4,8.78,0.62
2073,3,7.8,7.27,0.73
871,3,9.7,8.75,0.72
2533,2,9.2,8.67,0.35
2618,0,17.6,6.96,0.61
1639,0,2.4,6.84,0.39
1769,1,14.9,6.99,0.6
728,3,17.8,7.66,0.62
2159,1,0.0,5.4,0.52
2200,0,3.9,7.17,0.69
1756,0,7.5,6.87,0.81
2587,2,11.1,6.09,0.72
1566,4,5.2,7.73,0.55
2195,1,8.2,8.1,0.56
1086,2,12.5,8.29,0.79
1783,2,2.9,7.87,0.79
1677,1,8.9,6.81,0.91
1957,5,9.4,7.6,0.49
1541,5,13.0,8.03,0.32
1707,2,6.3,6.53,0.75
2378,3,9.6,8.51,0.37
1494,2,8.4,7.52,0.68
675,4,21.2,10.06,0.46
3024,1,19.7,7.6,0.7
2767,0,18.4,9.1,0.54
895,2,0.0,6.97,0.59
2282,7,19.5,10.71,0.42
1447,3,10.2,10.48,0.68
1984,2,5.1,6.66,0.89
2005,3,18.9,11.3,0.71
1635,1,8.5,6.07,0.65
1251,1,13.8,8.71,0.88
1316,4,17.9,9.13,0.68
1158,2,13.8,5.81,0.33
1217,1,7.5,8.12,0.63
1752,1,7.6,8.07,0.64
1298,1,9.7,7.89,0.66
2277,5,21.3,9.45,0.55
2841,2,15.6,8.53,0.64
1393,3,10.4,7.23,0.8
1967,2,10.0,6.84,0.94
2149,3,20.5,8.14,0.65
2130,2,4.2,6.61,0.69
1853,4,3.4,8.59,0.82
2319,1,4.9,8.29,0.46
2137,3,22.2,9.33,0.52
933,2,4.4,8.2,0.67
2408,4,8.2,8.72,0.6
2421,2,11.9,9.48,0.78
1265,2,11.3,8.21,0.62
1826,3,17.4,5.64,0.69
2278,4,19.1,10.27,0.88
1653,3,9.5,6.27,0.77
2551,0,9.9,8.61,1.0
3454,4,13.9,9.4,0.58
1249,5,10.0,8.81,0.58
833,1,11.9,6.5,0.81
2012,3,12.3,9.09,0.66
2305,4,14.5,8.11,0.6
1638,2,7.3,7.35,0.6
2817,2,16.7,9.65,0.72
862,1,3.9,7.14,0.65
2285,1,5.1,4.76,0.75
1375,1,19.3,7.27,0.63
3003,6,13.1,11.54,0.66
3194,2,10.8,8.09,0.59
1263,5,13.1,8.65,0.51
1415,2,4.6,6.38,0.48
2401,1,2.5,7.42,0.92
1529,3,9.2,7.44,0.61
1768,3,9.8,9.19,0.71
1817,2,6.2,8.23,0.44
500,1,11.4,8.21,0.82
1790,2,15.0,8.74,0.34
1317,4,14.3,8.61,0.87
1454,3,9.5,8.45,0.59
2810,3,16.7,7.92,0.68
920,3,14.6,9.34,0.62
2369,3,19.3,9.75,0.66
1604,1,6.0,6.21,0.67
1604,4,8.7,7.31,0.69
2353,6,19.2,9.94,0.94
2038,3,11.5,9.1,0.64
2199,1,10.3,7.13,1.0
2477,3,23.2,9.06,0.82
1568,4,7.9,6.92,0.69
1371,3,13.6,9.57,0.82
1040,3,12.5,8.09,0.94
1222,3,17.7,6.55,0.37
2671,2,8.2,8.6,0.94
854,1,12.1,5.49,0.69
874,5,14.2,7.64,0.55
2137,6,15.9,10.78,0.5
2183,5,10.6,9.72,0.57
2184,3,14.6,8.74,0.58
1621,0,14.0,6.27,0.77
1712,2,18.8,11.26,0.47
2029,1,9.8,6.03,0.68
1860,2,10.3,6.32,0.67
500,3,13.0,9.36,0.39
1639,2,6.3,8.55,0.66
1204,6,13.7,7.63,0.68
1922,3,7.2,8.72,0.6
2057,2,6.9,7.74,0.69
1580,2,10.8,8.64,0.84
2445,2,10.8,6.39,0.74
2137,3,10.7,7.71,0.8
2094,2,18.2,9.04,0.64
2224,5,18.4,8.46,0.6
3239,2,13.4,9.97,0.78
1008,2,14.9,7.86,0.71
2131,3,8.9,7.21,0.47
1151,2,6.6,8.95,0.61
2188,2,13.4,9.12,0.44
1156,3,7.2,9.18,0.71
1507,2,7.2,8.01,0.81
1593,4,12.1,9.45,0.74
2483,6,0.7,9.28,0.49
2442,3,7.8,7.78,0.53
927,4,17.0,8.9,0.66
1838,2,11.0,8.92,0.67
1303,4,15.8,9.09,0.86
919,1,12.8,9.61,0.56
1648,4,8.3,8.9,0.61
1584,2,0.2,5.52,0.54
3498,3,12.0,9.51,0.56
2103,3,10.3,9.12,0.76
835,2,7.2,8.35,0.72
1404,2,7.5,6.86,0.62
2514,3,17.0,7.91,0.95
3261,3,7.3,9.5,0.63
689,1,11.6,6.73,0.79
500,1,12.8,7.15,0.49
3109,3,16.9,9.98,0.55
2072,1,2.6,7.45,0.61
1192,1,8.0,7.85,1.0
2174,1,21.7,8.14,0.57
500,0,21.3,6.63,0.84
1802,1,19.2,8.52,0.8
2029,2,13.9,10.93,0.87
2446,3,13.1,8.61,0.59
1090,0,4.2,6.35,0.89
1859,4,4.4,7.41,0.45
1152,4,17.5,8.66,0.65
1978,6,13.1,11.47,0.77
1173,5,6.8,8.35,0.46
1514,2,12.8,6.0,0.68
2255,2,12.7,6.08,0.6
2400,2,8.2,8.17,0.83
1635,5,17.3,8.52,0.67
1826,2,7.0,8.95,0.58
785,1,7.0,7.0,0.63
1590,4,15.1,9.13,0.31
1764,5,6.0,8.76,0.61
3634,6,16.6,9.53,0.55
1021,2,9.6,8.5,0.89
2824,3,11.1,9.28,0.63
2497,1,6.4,4.97,0.65
1996,3,19.3,8.28,0.6
3031,0,2.7,7.38,0.61
2060,3,9.6,4.75,0.86
2072,1,11.0,7.3,0.97
1762,1,16.7,8.01,0.61
2656,4,6.6,9.82,0.54
2567,6,17.6,11.65,0.5
1362,2,9.1,8.1,0.6
876,2,21.5,8.78,0.75
1657,3,14.9,4.86,0.76
1239,2,9.3,7.08,0.44
1755,1,2.7,8.4,1.0
2666,6,15.2,9.5,0.62
1479,1,8.6,7.27,0.57
1770,2,0.0,7.1,0.55
1840,0,7.5,5.93,0.65
2393,6,22.6,8.59,0.6
500,1,12.0,7.34,1.0
1375,3,11.4,6.96,0.9
1947,2,10.0,8.53,0.71
2640,1,6.9,5.71,0.73
1455,1,5.8,8.19,0.56
500,2,12.4,6.63,0.68
2233,2,8.1,7.34,0.75
1355,3,12.6,7.99,0.56
967,1,12.8,5.27,0.53
1362,4,4.7,8.43,0.69
1670,0,0.7,7.54,0.7
1376,0,4.3,6.82,0.77
500,2,8.2,7.84,0.85
2427,0,3.7,7.38,0.68
2692,3,7.6,10.27,0.37
2256,2,6.2,5.4,0.75
1003,3,7.9,5.85,0.84
1658,2,13.6,8.35,0.62
1795,2,7.7,8.8,0.73
2219,3,16.1,10.86,0.46
2267,4,18.5,7.51,0.31
1286,5,16.7,9.69,0.73
1857,7,9.3,10.93,0.37
2120,1,5.3,8.55,0.62
2819,1,12.6,6.57,0.75
2352,4,3.6,8.64,0.62
1858,2,14.6,7.71,0.82
2787,0,3.4,7.41,0.5
2086,4,4.2,8.03,0.63
1197,3,15.1,7.74,0.66
2782,4,6.0,8.25,0.73
2288,7,9.4,10.04,0.42
1489,3,23.9,9.48,0.7
1464,3,3.2,7.23,0.73
2007,5,8.0,7.47,0.73
2124,3,11.2,7.2,0.95
2017,4,14.3,7.21,0.57
2989,1,11.5,7.01,0.42
2550,1,4.2,7.05,0.43
1933,3,22.2,9.1,0.73
2458,4,5.0,7.28,0.68
1077,4,11.3,9.46,0.85
2078,3,10.8,10.48,0.9
3066,1,9.4,8.72,0.5
1647,3,15.2,9.51,0.56
1206,3,15.3,7.65,0.74
1343,6,14.9,7.82,0.7
1037,4,18.2,9.36,0.47
1250,4,5.7,8.58,0.43
1540,0,9.0,6.49,0.74
816,6,19.8,9.51,0.37
1810,0,8.0,6.88,0.79
2431,4,11.3,8.94,0.67
1164,1,8.7,7.51,0.65
2863,1,10.2,5.82,0.49
2157,2,11.4,7.55,0.67
2521,1,13.0,7.81,0.85
1339,3,15.3,7.38,0.61
2398,5,12.8,10.85,0.51
1035,2,11.5,6.72,0.5
2423,4,10.9,7.58,0.63
1920,2,1.8,7.49,0.49
2187,4,19.4,8.36,0.8
977,5,21.9,9.48,0.59
1173,2,11.5,6.1,0.68
2218,6,13.5,9.3,0.53
1136,0,5.2,7.68,0.64
2124,2,17.6,8.65,0.76
843,2,6.7,8.78,0.73
2393,3,7.7,9.91,0.96
937,1,0.0,5.88,0.76
2186,4,15.9,8.49,0.89
2237,1,16.8,8.1,0.57
1312,1,11.7,8.37,0.66
2207,3,8.9,7.11,0.76
1982,1,0.0,7.74,0.96
1422,1,11.6,7.13,0.65
1094,2,12.0,6.33,0.55
500,1,6.0,6.91,0.95
2044,2,9.7,7.62,0.93
704,0,11.2,7.09,0.48
1866,3,15.4,8.9,0.8
1615,4,15.9,7.08,0.66
2275,6,21.9,8.22,0.46
1588,4,14.1,4.87,0.58
1569,4,16.1,11.01,0.52
2312,0,6.1,7.66,0.73
2034,1,4.3,7.61,0.86
2021,1,11.7,5.84,0.91
2128,6,17.4,9.39,0.84
725,1,6.6,5.02,0.68
2329,2,15.3,8.28,0.78
2228,3,10.4,8.15,0.69
1088,3,1.9,6.7,0.68
1629,1,9.9,7.75,0.87
1772,1,2.4,7.02,0.86
1705,1,0.0,6.58,0.74
2033,3,10.4,8.27,0.59
2801,3,14.8,8.68,0.67
2557,5,11.9,9.03,0.52
881,2,11.0,7.44,0.71
2235,2,8.7,7.85,0.63
2730,4,11.2,6.5,0.85
2070,5,5.6,8.3,0.68
2563,2,0.0,6.41,0.81
3208,7,17.1,10.06,0.46
2516,4,9.9,9.07,0.68
1974,6,8.3,9.71,0.59
2531,3,10.2,6.41,0.66
1901,2,3.6,6.27,0.52
1816,2,9.9,9.36,0.96
1554,3,0.0,7.77,0.8
2894,4,18.9,9.94,0.71
1227,5,18.9,8.74,0.54
2872,2,5.6,9.19,0.84
2149,2,12.5,8.51,0.84
820,1,6.0,8.82,0.62
2057,3,22.9,8.64,0.62
500,3,4.0,8.59,0.56
2237,3,17.2,7.55,0.65
2419,5,18.6,9.98,0.44
1385,4,7.0,7.99,0.55
1886,2,15.9,8.05,0.47
3167,4,10.5,7.11,0.62
1445,0,4.0,5.48,0.81
1058,1,10.5,8.28,0.59
2837,3,10.4,8.15,0.69
3173,2,11.0,8.29,0.49
1802,2,6.9,5.88,0.54
2508,3,11.6,8.14,0.74
2739,1,14.3,10.09,0.69
1280,1,4.0,7.74,0.9
1460,3,13.3,8.02,0.65
2661,1,5.9,8.8,0.74
2979,2,7.0,7.45,0.75
2194,4,24.9,7.95,0.65
1184,1,16.9,6.81,0.72
3190,1,6.1,9.73,0.67
1428,3,8.8,7.41,0.33
1565,2,6.3,7.14,0.68
2039,1,13.3,9.05,0.57
2887,1,2.4,7.5,0.76
2397,1,11.1,7.22,0.86
2090,2,22.3,6.32,0.45
2124,1,10.1,7.76,0.86
1830,4,18.0,10.35,0.64
2190,1,13.7,7.54,0.65
500,4,10.5,8.78,0.72
1592,5,7.1,8.69,0.57
1968,3,16.7,9.87,0.6
994,5,19.1,7.51,0.37
2070,1,18.8,8.51,0.69
1656,5,14.0,8.39,0.71
3028,3,6.5,8.41,0.55
2901,4,13.4,8.55,0.69
1473,3,8.0,9.28,0.46
1694,2,14.6,7.35,0.55
1748,2,14.1,7.2,0.58
1483,2,13.7,10.0,0.45
1936,0,4.7,5.46,0.72
1269,4,11.9,8.26,0.73
1008,3,3.4,7.64,0.74
2235,1,4.4,8.7,0.71
2240,3,8.3,8.14,0.63
1236,4,7.1,6.77,0.51
2426,0,5.5,7.5,1.0
1357,2,11.3,6.5,0.61
1977,2,4.8,5.76,0.71
2374,0,2.9,5.56,0.75
1776,2,11.4,9.03,0.57
2118,2,9.7,8.85,0.55
1438,1,11.2,9.23,0.93
1662,4,17.4,6.76,0.83
1655,3,14.6,7.52,0.7
1277,4,17.3,9.3,0.53
1676,2,13.0,7.95,0.77
715,0,0.0,4.87,0.75
1456,3,7.3,6.59,0.51
1600,1,2.0,7.49,0.79
1620,1,8.9,6.53,1.0
1630,3,9.7,9.06,0.53
1756,1,13.6,6.56,0.82
2135,2,1.8,7.19,0.78
2412,4,5.9,8.54,0.88
1345,3,8.8,7.2,0.42
957,2,12.9,6.91,0.56
1070,4,10.8,7.12,0.61
1458,1,12.3,6.06,0.91
1553,1,8.3,7.07,0.58
1261,3,11.7,8.12,0.55
892,3,12.6,6.63,0.64
1480,2,0.0,6.95,0.53
1926,2,12.9,8.79,0.66
2216,4,11.3,7.5,0.56
1409,3,14.5,8.19,0.49
1510,3,20.3,9.17,0.74
1151,1,15.7,7.49,0.9
1777,3,11.1,7.49,0.66
1206,1,12.3,6.22,0.39
2201,0,4.1,5.82,0.81
549,2,3.6,10.12,0.52
1548,3,6.5,7.64,0.56
2010,2,14.2,7.87,0.73
1928,0,4.9,5.41,0.78
3685,2,10.4,10.66,0.64
2044,2,10.0,7.02,0.49
1097,3,23.9,7.5,0.37
1733,1,1.6,7.37,0.79
556,2,9.5,5.29,0.73
1743,3,14.4,7.33,0.86
1216,3,13.0,8.74,0.57
2440,4,11.2,9.36,0.56
1415,1,6.3,6.55,0.5
1718,3,16.5,7.71,0.63
1355,7,10.6,9.03,0.62
3017,2,11.3,7.62,0.65
1575,2,6.3,4.19,0.71
3082,2,6.8,8.91,0.9
2369,1,6.6,7.17,0.71
2137,1,8.3,8.81,0.82
2058,4,10.6,9.22,0.57
500,4,16.0,7.62,0.56
1604,2,12.8,9.22,0.93
2391,2,10.8,6.17,0.88
1765,3,11.7,9.45,0.67
816,2,11.1,8.7,0.77
1763,4,12.9,6.74,0.78
2992,1,10.4,7.98,0.97
2672,4,5.1,7.86,0.5
1756,2,3.6,6.12,0.63
2466,5,14.4,10.47,0.84
1543,4,14.7,8.54,0.64
607,2,1.1,6.19,0.71
1152,0,9.8,6.77,0.74
2894,1,5.1,6.39,0.8
1608,1,11.4,7.4,0.75
1629,5,8.2,8.39,0.49
1590,1,19.0,9.37,0.63
3132,5,15.6,10.48,0.68
2938,3,16.8,8.25,0.64
3353,4,11.5,7.56,0.73
1688,4,16.6,8.65,0.72
2006,3,14.3,7.91,0.68
738,2,7.4,7.5,0.79
2833,2,9.0,7.82,0.73
982,1,16.7,6.27,0.75
1951,2,16.1,8.64,0.48
1031,1,2.1,6.05,0.67
1387,1,14.3,8.49,0.63
1213,6,13.7,9.16,0.6
1374,2,9.2,8.25,0.86
1422,1,7.5,7.45,0.82
1416,2,14.7,8.1,0.65
2383,4,18.9,7.4,0.81
1026,1,13.0,5.73,0.69
1954,0,7.6,6.88,0.72
2652,4,13.2,9.53,0.75
1440,3,10.0,7.36,0.6
1297,2,4.1,6.23,0.65
1638,3,12.7,7.9,0.74
2625,1,15.4,9.84,0.66
1935,2,15.3,8.01,0.88
1428,6,13.4,8.17,0.73
2138,0,7.0,6.52,0.63
1028,1,9.6,8.88,0.56
2276,2,10.1,7.33,0.61
2086,3,9.1,9.19,0.98
1584,2,12.5,7.48,0.78
1212,3,7.6,8.59,0.52
1179,6,16.9,9.25,0.8
2174,5,20.7,7.75,0.9
2660,3,8.6,10.1,0.72
1353,4,13.5,8.49,0.34
500,3,15.1,8.51,0.72
1390,0,4.6,7.67,1.0
1778,4,4.8,10.3,0.7
1163,1,19.1,7.87,0.77
1144,4,16.4,8.61,0.72
1332,1,5.0,8.28,0.97
2004,4,4.3,10.38,0.58
1668,1,6.5,6.06,0.81
500,1,11.0,5.99,0.76
500,5,9.0,7.12,0.47
1375,2,12.0,7.83,0.54
2120,3,11.9,7.87,0.7
500,0,9.1,6.73,0.73
1450,5,23.1,9.37,0.46
1431,2,16.9,7.56,0.72
2771,5,9.3,8.41,0.73
1530,5,8.3,8.59,0.49
2068,1,4.7,5.09,0.62
1898,4,9.7,5.23,0.42
500,3,16.0,9.38,0.66
2337,3,10.1,7.81,0.79
1950,1,7.6,8.39,0.59
2155,0,15.0,9.07,0.75
500,4,15.4,9.28,0.76
3007,4,5.8,10.54,0.48
1598,4,12.5,6.15,0.49
2001,1,6.7,8.62,0.86
1768,1,2.9,8.62,0.85
1503,0,6.5,8.1,1.0
1401,4,9.1,10.43,1.0
2030,4,16.0,9.01,0.48
737,2,10.3,6.77,0.9
2325,2,10.1,8.29,0.27
1508,4,5.3,6.9,0.54
1008,2,14.6,7.11,0.56
1484,3,3.1,8.25,0.61
2680,3,8.5,7.97,0.7
1425,0,6.4,6.67,0.59
2050,1,11.6,6.64,0.77
1288,1,7.6,7.22,0.79
2330,0,3.4,7.48,0.99
2279,2,14.8,8.25,0.64
3094,7,7.8,10.43,0.6
1677,3,15.1,6.8,0.68
2268,3,14.0,7.75,0.75
1868,2,9.3,9.62,0.39
2707,6,15.4,10.76,0.78
1296,2,8.3,7.52,0.49
2321,5,9.0,10.71,0.54
1663,2,4.4,7.33,0.71
1755,3,6.3,6.6,0.85
1864,5,7.6,8.57,0.58
1976,2,15.1,8.72,0.6
1718,2,13.7,6.51,0.81
1950,2,9.1,8.64,0.98
2904,1,0.0,5.73,0.68
2489,4,9.7,10.38,0.48
2408,1,12.1,7.49,0.49
1481,2,10.3,6.41,0.47
1177,3,6.8,7.48,0.7
2468,0,5.9,5.91,0.71
2413,2,14.3,8.13,0.81
2830,6,24.9,9.83,0.52
1377,0,13.5,6.55,0.45
1639,3,10.0,5.2,0.61
652,2,5.2,6.61,0.64
1525,2,7.2,7.94,0.71
2497,3,17.8,9.01,0.59
1473,1,8.5,7.2,0.69
2248,3,0.0,5.59,0.54
1666,0,0.0,6.25,0.49
2026,4,7.7,10.98,0.79
996,2,0.0,7.27,0.51
1859,2,14.7,9.36,0.54
500,2,21.7,8.59,1.0
1669,2,15.0,7.56,0.61
658,4,17.8,8.94,0.5
2644,4,17.5,6.99,0.79
2344,3,5.4,8.13,0.36
2126,2,9.5,6.28,0.28
2864,2,10.5,8.42,0.62
1135,0,16.7,5.82,0.81
3023,3,8.2,9.1,0.91
2452,4,16.2,8.99,0.74
1634,3,7.8,11.14,0.83
2594,3,5.6,9.55,0.76
1025,2,4.8,8.89,0.69
1222,2,2.1,4.93,0.73
1373,0,7.4,6.96,0.75
1429,3,15.4,8.07,0.91
1060,3,24.4,10.0,0.64
2656,2,14.2,7.56,0.27
1618,1,5.0,5.43,0.49
2046,4,18.1,6.15,0.72
1400,2,14.5,8.47,0.49
525,1,8.4,4.78,0.72
1989,2,5.2,8.36,0.75
500,4,4.1,6.93,0.75
1751,1,5.1,7.17,0.76
842,1,9.7,4.57,0.62
2437,0,4.0,7.21,0.6
1874,6,15.9,7.86,0.4
2684,3,14.2,9.95,0.68
1207,3,8.1,6.69,0.4
2180,1,2.9,7.11,0.72
1984,1,3.9,6.22,0.71
2690,7,8.7,10.07,0.66
2312,1,16.8,7.91,0.57
2002,0,5.0,6.53,0.83
641,1,11.6,5.22,0.68
1127,5,15.4,8.18,0.61
1714,2,4.3,6.4,0.5
1865,2,11.6,7.22,0.88
1008,0,9.6,6.71,0.63
3488,5,14.7,8.96,0.63
2861,5,14.1,9.49,0.91
2221,2,13.0,8.04,0.61
1850,2,12.6,6.43,0.64
1651,1,12.3,6.97,0.6
1133,2,4.3,5.83,0.85
1854,3,2.9,8.81,0.8
1980,3,8.8,8.62,0.85
930,3,11.1,6.2,0.91
2033,2,14.3,6.82,0.48
1691,3,21.4,8.88,0.65
500,3,7.8,8.05,0.61
1197,0,13.9,5.9,0.61
1510,5,14.4,9.16,0.7
3121,5,10.9,7.88,0.51
2189,5,15.9,9.64,0.84
865,1,11.0,6.57,0.83
2140,2,11.8,5.29,0.54
716,1,16.1,7.67,0.72
2557,1,6.3,5.9,0.81
1470,1,11.0,8.64,0.93
1734,1,0.5,6.43,0.49
2728,0,0.3,8.56,0.86
898,4,12.3,8.51,0.76
822,3,7.6,7.44,0.68
1391,1,15.4,6.23,0.91
736,5,16.3,9.38,0.55
500,2,9.8,8.81,0.55
1484,3,6.5,8.56,0.66
2186,3,0.0,9.69,0.68
2640,2,6.3,5.39,0.71
1475,5,15.7,10.74,0.37
2607,2,17.5,6.1,0.73
500,3,12.2,7.51,0.63
1528,2,13.7,7.07,0.53
1933,3,18.6,7.12,0.85
2114,3,6.7,9.75,0.98
1443,3,10.2,7.77,0.98
1824,3,14.7,9.63,0.69
500,1,1.5,8.49,0.88
1339,1,11.0,6.95,0.8
2117,5,19.9,9.27,0.47
1112,5,16.9,10.27,0.7
1841,2,11.8,9.45,0.87
2112,6,8.0,10.21,0.3
1560,3,11.1,7.57,0.52
1919,3,5.0,8.61,0.53
1126,2,10.0,7.21,0.78
1655,5,14.1,8.7,0.39
2227,2,6.6,6.86,0.64
1909,2,16.9,9.19,0.7
1389,6,8.3,8.12,0.46
1956,1,21.3,9.45,0.79
2300,5,17.6,8.19,0.73
500,2,14.5,8.33,0.4
2611,4,13.2,9.27,0.53
1564,2,2.4,6.87,0.75
2097,1,5.8,8.35,0.95
2638,4,11.0,9.91,0.69
839,1,8.2,6.96,0.72
1303,3,7.9,7.62,0.48
1598,3,19.7,9.06,0.73
1251,2,5.5,9.13,0.73
3014,4,11.2,11.28,0.81
1200,2,5.3,7.15,0.79
1411,2,9.3,6.58,0.61
1943,1,0.0,7.35,0.99
958,6,12.5,9.91,0.57
1523,7,21.6,10.91,0.52
2022,3,12.0,10.64,0.82
1566,0,0.4,7.48,0.78
1734,3,12.8,9.02,0.65
1429,3,14.0,8.66,0.61
739,3,12.9,6.26,0.52
2025,4,14.4,8.44,0.69
3028,1,16.8,7.54,0.63
1812,2,16.2,7.43,0.57
1957,1,5.4,9.06,0.75
2284,1,6.3,6.44,0.69
911,3,7.5,9.32,0.82
2991,4,13.5,9.89,0.89
1941,2,13.6,5.27,0.56
2942,2,3.2,7.12,0.65
1286,4,14.0,8.76,0.59
3072,3,7.8,8.05,0.61
2342,5,8.4,8.09,0.57
2187,6,15.7,9.58,0.58
1963,1,18.4,7.69,0.7
1626,4,12.8,8.12,0.41
2640,1,14.1,5.72,0.57
1898,2,11.3,5.92,0.75
500,1,8.5,5.74,0.63
1017,3,14.0,8.58,0.57
1669,1,6.2,8.04,0.76
2016,2,2.8,8.89,0.78
1760,2,3.7,8.69,1.0
2653,3,10.8,9.7,0.6
500,3,13.3,9.11,0.88
1900,3,12.6,7.72,0.83
527,1,5.8,6.68,0.44
2331,4,12.6,8.34,0.84
1733,4,10.0,9.29,0.61
2093,3,5.2,9.18,0.44
1195,2,1.1,6.19,0.81
2695,5,12.1,9.95,0.94
2529,3,15.3,9.44,0.53
2208,1,8.7,7.83,0.74
1709,4,5.4,8.87,0.73
2205,3,16.9,10.44,0.49
1305,3,7.6,6.48,0.51
2398,2,0.0,6.41,0.82
2954,3,10.9,7.43,0.73
2549,7,21.7,10.23,0.75
1289,4,13.4,8.58,0.81
2052,5,8.4,8.23,0.62
894,1,4.0,7.55,0.74
2200,4,18.2,8.18,0.7
2115,6,11.8,9.37,0.42
500,2,3.6,7.53,0.58
986,2,4.4,7.43,0.54
1601,2,8.4,6.56,0.47
1589,4,19.1,8.14,0.58
953,1,12.3,6.76,0.85
2072,3,11.9,8.25,0.4
1976,4,24.8,9.28,0.63
1664,1,11.7,9.07,0.8
1270,0,21.6,7.23,0.75
2534,4,10.5,8.98,0.7
2958,3,11.4,7.3,0.42
1461,2,6.4,4.44,0.67
1371,5,14.4,9.4,0.55
2143,2,9.2,7.19,0.72
1702,4,11.4,9.4,0.61
2317,1,14.6,8.33,0.82
500,1,8.9,7.13,0.77
2722,1,12.3,8.69,0.84
1511,2,12.5,7.47,0.75
1737,5,13.9,8.69,0.37
1773,3,3.0,6.09,0.93
588,1,13.6,7.63,0.62
2846,0,0.0,7.59,0.55
1828,2,17.6,8.24,0.79
2110,2,13.0,9.26,0.64
2466,5,15.3,9.56,0.72
1085,2,10.5,6.49,0.56
2131,4,19.3,10.95,0.65
1612,2,17.0,7.13,0.67
2392,3,3.9,7.28,0.81
500,2,0.0,5.68,0.63
1730,3,14.5,8.97,0.78
1378,3,11.6,9.1,0.48
2102,2,7.3,10.25,0.87
2129,4,13.4,10.11,0.84
1304,4,7.8,5.95,0.74
1301,3,14.0,7.71,0.66
1722,3,7.4,8.24,0.97
1172,1,8.4,7.41,0.65
2389,0,10.3,5.63,0.93
1541,2,7.3,4.04,0.9
500,5,11.7,5.25,0.41
1537,2,9.7,10.21,0.8
1073,1,10.5,8.11,0.83
658,2,17.1,7.18,0.32
933,3,9.4,6.52,0.27
1876,3,15.2,7.33,0.48
2730,0,10.7,6.73,0.71
2019,4,14.1,8.84,0.72
1375,3,15.9,8.6,0.69
2119,1,16.9,8.18,0.82
1478,3,12.0,8.12,0.68
1313,0,11.4,6.1,0.61
991,1,6.3,6.6,0.8
573,1,7.4,7.95,0.71
1527,4,7.6,6.44,0.71
1910,3,10.1,10.25,0.67
1732,4,14.1,7.08,0.78
1508,3,11.5,6.32,0.82
1137,2,9.2,8.02,0.6
2225,1,8.0,7.49,0.67
878,0,7.3,6.82,0.55
2343,2,9.8,8.79,1.0
1098,1,17.0,7.01,0.65
1273,2,10.2,7.91,0.62
773,1,4.0,6.05,0.64
1449,2,19.6,11.12,0.55
2482,4,12.5,8.44,0.8
2484,4,8.3,7.41,0.6
2165,2,6.6,10.06,0.45
1027,3,19.5,8.16,0.72
1568,4,8.3,7.49,0.5
1253,2,6.6,6.06,0.68
2731,4,15.8,10.42,0.6
962,4,5.0,6.81,0.82
2425,4,17.9,7.03,0.74
2425,2,13.5,8.82,0.84
3080,0,7.3,7.28,0.54
1513,5,15.9,8.6,0.73
2298,3,19.4,10.04,0.77
3397,3,15.6,8.37,0.69
1367,2,14.8,8.61,0.64
725,1,11.9,6.12,0.77
500,3,10.6,7.51,0.53
2298,1,8.7,8.67,0.79
500,3,12.7,8.07,0.71
1539,4,15.9,9.29,0.81
2106,2,8.3,7.96,0.69
1929,3,14.2,9.3,0.44
2097,2,9.2,8.12,0.65
1955,5,15.2,9.75,0.89
2695,3,12.0,7.87,0.64
1133,2,12.4,7.08,0.71
1326,2,12.2,7.9,0.8
1259,4,12.8,8.95,0.4
2381,4,8.7,10.15,0.69
2430,2,17.2,8.97,0.57
2115,3,9.3,9.12,0.78
2628,2,16.3,9.56,0.48
975,0,2.1,8.41,0.77
2967,1,3.7,7.81,1.0
2866,2,15.9,7.84,0.75
2314,3,20.3,8.03,0.75
3047,3,14.5,8.76,0.76
640,5,6.9,8.02,0.88
1432,1,14.9,9.38,0.82
1285,3,6.9,6.02,0.69
2305,2,4.9,6.49,0.76
1064,5,14.8,8.22,0.7
2330,3,9.1,8.97,0.61
2759,0,12.1,5.98,0.69
2286,2,13.0,7.38,0.7
1998,3,9.9,8.47,0.78
1108,1,12.4,7.12,0.61
1207,4,24.0,8.01,0.53
2674,6,13.8,10.3,0.8
2345,1,11.0,7.81,0.87
1772,2,13.5,7.55,0.85
1507,3,14.5,8.02,0.61
500,1,19.7,7.1,0.65
1050,3,17.4,4.62,0.76
3137,1,4.3,6.53,0.64
903,0,3.2,5.02,0.66
1932,5,13.4,9.83,0.66
2505,4,15.7,9.95,0.66
921,0,13.1,8.94,0.52
1929,2,15.5,8.12,0.71
2456,4,12.7,7.85,0.63
1808,5,17.0,8.9,0.45
631,2,13.1,4.48,0.66
2541,4,14.7,8.0,0.67
1679,3,16.5,7.54,0.52
2340,2,11.6,10.12,0.44
2108,4,16.3,10.6,0.44
1286,2,19.8,9.18,0.65
1960,4,7.1,9.71,0.5
500,3,10.8,6.65,0.92
2222,2,7.5,8.35,0.85
2008,2,7.1,9.05,0.61
2247,5,11.3,9.2,0.64
2540,0,0.0,7.49,0.65
2057,4,10.7,9.57,0.78
1903,0,13.4,4.44,0.6
1183,3,5.5,7.59,0.53
1301,4,4.2,8.28,0.46
2630,5,11.2,9.25,0.5
2805,3,7.8,9.59,0.6
1633,1,13.5,7.61,0.75
1832,4,21.5,9.53,0.75
1166,2,21.5,8.12,0.76
2620,1,5.5,8.58,0.72
2265,2,13.4,9.15,0.93
3158,6,15.1,10.04,0.61
1535,3,14.5,9.09,0.75
1962,1,8.9,7.13,1.0
2252,4,8.1,6.19,0.55
1649,3,7.8,9.16,0.62
1188,2,11.5,8.55,0.73
2416,2,12.3,7.73,0.87
2304,4,9.7,9.68,0.45
1158,2,9.3,6.71,0.65
2748,3,17.4,8.28,0.86
2619,5,14.1,9.79,0.54
1894,2,12.7,6.33,0.93
1855,1,16.7,6.3,0.98
2187,4,13.5,8.14,0.59
1196,3,9.3,8.71,0.64
1821,2,8.0,6.9,0.77
500,0,11.2,6.86,0.69
2413,0,0.5,9.37,0.72
706,2,17.9,8.16,0.55
2852,0,13.8,8.26,0.64
1568,1,2.5,5.88,1.0
1651,2,7.9,8.24,0.75
1360,3,9.1,7.4,0.56
1598,7,19.1,10.38,0.57
2792,1,5.4,6.54,0.87
500,2,0.0,8.31,0.8
2693,6,21.3,9.96,0.84
2036,1,0.0,6.84,0.7
955,3,20.0,6.61,0.53
1047,2,8.5,7.67,0.85
2973,2,10.3,7.67,0.69
1138,0,6.7,7.07,0.74
992,2,8.2,7.81,0.52
2596,0,8.4,6.19,0.61
2036,1,7.9,8.58,0.99
1143,1,5.0,7.11,0.96
1951,2,13.5,8.13,0.83
1081,3,10.4,8.43,0.57
2570,3,21.5,9.67,0.59
2542,2,6.0,7.85,0.62
2172,5,16.5,10.74,0.95
2053,1,6.5,8.15,0.79
3032,4,9.7,10.06,0.61
1799,2,10.3,8.27,0.53
972,2,13.6,5.36,0.87
2114,1,13.2,7.79,0.65
3260,7,15.6,10.16,0.43
1089,3,19.5,6.59,0.56
1546,2,14.6,7.21,0.7
2091,2,11.8,7.74,0.74
1762,2,13.9,8.93,0.47
1112,2,5.4,8.03,0.69
2585,2,16.1,7.48,0.64
3424,5,7.5,8.98,0.5
1937,2,12.6,7.45,0.79
1167,5,13.6,8.64,0.6
715,5,6.8,8.97,0.33
1980,5,7.9,9.53,0.48
2572,6,15.0,9.9,0.62
2132,2,9.9,7.31,0.54
1798,1,5.4,8.0,0.52
1387,2,8.5,7.46,0.88
1035,2,3.0,6.9,0.9
2384,2,3.2,7.67,0.65
2439,2,8.8,9.72,0.65
717,1,0.0,7.06,0.78
2912,2,9.3,7.97,0.51
2201,2,12.7,8.3,0.66
2779,2,9.4,7.74,0.81
860,3,14.0,6.98,0.52
843,2,6.6,7.37,0.81
1695,2,0.3,8.15,0.82
2151,4,15.4,8.77,0.71
3057,1,7.7,7.67,1.0
2294,1,3.6,7.83,0.97
1630,1,7.3,5.01,0.58
1081,2,6.4,7.25,0.65
2661,5,17.9,9.83,0.65
1124,3,6.7,6.04,0.54
2939,4,8.4,10.48,0.74
1600,2,10.1,9.14,0.9
2913,4,12.8,8.7,0.49
2275,0,6.6,6.83,0.67
1704,2,0.2,6.46,0.54
1436,3,3.4,8.84,0.56
1561,1,9.9,8.04,0.65
2099,2,4.6,9.06,0.71
1854,3,14.1,9.87,0.62
1384,3,0.0,7.57,0.67
1684,2,7.8,6.79,0.43
1855,4,6.6,10.32,0.58
500,3,4.1,6.18,0.81
2120,3,3.7,9.34,0.69
1114,0,6.3,6.31,0.53
992,2,6.6,6.21,0.64
618,2,7.1,7.47,0.74
544,5,8.0,9.71,0.5
851,2,14.5,6.72,0.77
1303,4,12.5,9.33,0.86
3167,1,7.1,8.82,0.63
1431,0,11.0,7.35,0.85
1924,4,12.8,9.59,0.5
2080,2,6.3,6.83,0.71
1891,3,13.0,8.68,0.73
1745,1,17.3,6.33,0.53
963,2,8.8,8.76,0.8
2815,2,12.5,8.13,0.52
622,0,8.4,7.41,0.83
1083,6,20.0,10.3,0.44
1604,5,12.6,8.96,0.44
1124,2,0.0,7.65,0.79
2154,1,2.3,8.95,0.41
1290,4,15.4,8.14,0.7
3315,2,18.9,9.14,0.83
2633,2,6.4,6.76,0.74
1948,3,19.3,9.74,0.73
2518,1,3.6,7.47,0.43
1405,3,11.3,6.79,0.6
1228,2,12.6,6.63,0.48
1854,3,14.2,9.9,0.58
2403,3,11.1,9.57,0.69
696,1,10.6,5.48,0.65
1238,2,7.1,7.94,0.57
1748,2,19.3,8.92,0.78
1747,7,17.5,11.38,0.31
3180,5,20.4,8.74,0.65
829,2,2.2,6.32,0.66
2153,4,13.6,7.68,0.86
2842,7,14.8,8.8,0.72
3390,4,10.1,9.78,0.48
1516,3,12.5,8.74,0.63
2144,2,16.0,8.66,0.68
2198,1,8.4,7.08,0.45
1936,5,21.1,11.35,0.47
1730,3,5.4,7.65,0.68
2105,3,13.2,10.41,0.53
500,4,15.4,9.07,0.6
2277,1,0.0,5.3,0.7
1888,3,14.0,7.73,0.61
1644,4,11.5,7.85,0.69
3232,3,13.7,8.4,0.71
1327,5,19.9,9.81,0.45
1517,0,9.1,7.01,0.83
3194,3,10.2,8.13,0.86
1217,2,2.9,4.97,0.88
1414,2,10.0,8.24,0.91
1697,0,15.2,5.31,1.0
2388,4,0.0,6.98,0.88
895,2,13.5,8.4,0.62
1427,4,12.5,11.31,0.66
1374,2,13.4,7.24,0.72
1745,1,14.9,8.25,0.58
2098,3,9.4,7.82,0.6
2092,3,12.1,8.31,0.77
556,2,10.4,9.04,0.84
2544,3,19.3,8.66,0.58
1976,3,11.6,9.96,0.62
2769,4,13.5,7.62,0.73
2110,3,16.3,8.72,0.64
2570,5,16.5,10.81,0.32
2126,0,9.1,6.81,0.73
2742,6,8.6,9.96,0.48
2165,4,10.7,9.04,0.6
1731,1,11.0,8.25,0.95
3390,4,13.4,9.61,0.72
2422,6,14.5,11.65,0.48
2201,2,13.9,8.56,0.68
906,0,18.8,7.73,0.6
898,1,9.6,6.37,0.88
1370,2,4.8,4.6,0.89
1898,2,8.9,7.61,0.88
2912,2,11.4,6.92,0.78
2286,4,12.5,9.85,0.73
1001,4,13.3,9.13,0.74
1721,5,5.4,8.05,0.65
1236,3,9.3,7.76,0.51
1528,1,1.1,7.21,0.44
1510,4,14.3,10.51,0.8
1465,1,9.1,5.76,0.74
921,1,8.3,5.53,0.56
1710,2,2.8,7.67,0.7
1407,1,8.4,7.81,0.75
500,1,16.5,7.9,0.57
3237,6,12.5,10.62,0.42
2562,4,13.3,10.02,0.67
1536,2,11.4,6.27,0.65
1813,4,5.2,9.73,0.62
979,3,4.1,7.55,0.61
2987,5,6.9,9.53,0.38
3128,1,11.1,8.83,0.65
1909,1,15.3,7.81,0.5
2516,5,22.7,9.93,0.73
1922,1,8.5,7.68,0.52
864,4,18.3,6.73,0.5
1511,5,12.0,7.6,0.4
1892,2,4.4,7.28,0.75
1481,5,9.7,8.27,0.76
1646,3,9.4,8.64,0.83
1736,1,9.0,7.44,0.67
1743,2,10.0,6.82,0.72
1836,2,13.5,10.0,0.75
1057,0,7.0,8.23,0.66
1298,2,15.1,6.02,0.61
900,1,6.0,8.11,0.6
2484,0,6.0,7.27,0.73
500,2,18.6,8.87,0.81
2607,6,4.9,8.67,0.43
2770,1,21.4,9.08,0.75
1588,4,15.3,8.33,0.48
1547,1,16.0,7.59,0.69
1755,3,10.5,7.64,0.51
1092,2,4.1,7.2,0.81
1439,6,23.0,10.42,0.55
2871,3,3.3,10.0,0.57
2265,3,14.0,8.56,0.56
1152,4,8.1,6.24,0.61
681,2,15.2,6.28,0.75
1650,2,14.3,8.76,0.52
2147,1,11.7,6.41,0.7
1425,1,10.3,5.1,0.59
2158,2,12.3,6.8,0.77
3154,3,12.7,10.71,0.33
2370,3,7.8,6.53,0.63
1766,4,6.7,7.51,0.48
1671,1,8.6,7.6,0.66
1550,4,23.0,10.61,0.52
2626,1,12.1,5.67,0.98
1360,2,6.8,5.3,0.72
1831,4,16.4,9.18,0.61
1835,4,11.4,9.47,0.75
1448,1,4.9,6.89,0.97
839,3,17.7,8.18,0.71
2026,3,15.2,9.82,0.64
1757,5,13.9,8.44,0.82
2150,0,15.5,8.12,0.74
1426,5,16.5,8.85,0.6
2654,5,15.1,8.89,0.55
1186,5,5.1,7.09,0.82
2998,2,16.9,7.91,0.62
576,5,6.2,10.21,0.65
2104,0,8.9,6.22,1.0
2132,2,11.9,8.34,0.89
1243,4,10.3,9.47,0.69
2097,0,2.5,6.68,0.84
2695,1,9.9,5.42,0.78
500,3,14.7,4.73,0.43
2151,0,4.6,7.58,0.72
500,3,8.7,7.84,0.85
1124,5,8.3,10.34,0.64
2940,4,4.6,11.46,0.93
1392,4,12.0,7.7,0.64
978,3,7.9,7.45,0.79
1661,2,13.7,6.77,0.59
3247,2,13.8,6.48,0.61
517,3,14.6,8.14,0.59
1064,6,11.6,11.05,0.72
2848,2,15.2,8.21,0.59
3100,3,6.8,9.85,0.55
1727,4,16.9,7.84,0.62
932,3,14.1,6.38,0.6
3267,2,13.8,9.25,0.69
2916,1,2.2,7.61,0.6
2275,2,16.6,8.33,0.65
1231,2,11.2,6.94,0.47
1765,1,9.1,5.86,0.71
1687,2,5.6,8.0,0.64
2031,5,11.0,8.17,0.82
2815,4,11.8,9.13,0.69
2415,4,11.8,9.28,0.68
1045,1,17.5,5.7,0.71
2763,3,11.3,9.59,0.55
2019,6,13.7,10.02,0.66
2280,6,14.0,11.86,0.46
1774,2,5.2,4.71,0.72
1427,3,20.8,6.87,0.63
702,5,12.8,10.83,0.38
2042,2,3.8,8.27,0.64
3558,5,10.8,9.39,0.65
511,5,13.8,11.35,0.37
1777,1,17.5,5.27,0.87
2248,1,8.0,6.9,0.75
1886,3,7.4,7.72,0.68
1720,2,8.7,7.38,0.82
890,2,9.8,7.71,0.72
1962,4,12.1,9.6,0.49
1270,3,2.8,7.96,0.46
500,1,4.2,7.62,0.69
2636,3,15.7,5.05,0.57
2470,0,10.0,7.45,0.67
1836,2,12.1,8.66,0.79
1960,5,11.0,9.26,0.71
2552,3,4.1,7.41,0.86
1957,0,8.5,8.43,0.74
2432,1,11.3,8.47,0.55
1591,3,20.7,8.0,0.61
2718,6,11.0,9.43,0.51
2024,2,13.6,8.58,0.8
1935,0,10.8,5.6,0.67
910,2,1.2,7.66,0.75
2000,3,13.2,7.72,0.71
1217,1,4.9,5.84,0.84
1353,1,12.0,4.85,0.57
1229,6,18.9,9.34,0.41
3287,5,16.0,9.51,0.57
2731,3,21.0,9.08,0.59
3144,3,13.3,7.33,0.82
943,4,11.2,5.67,0.59
1849,4,13.8,7.19,0.6
894,0,5.2,4.23,0.83
1313,2,6.2,7.43,0.83
1157,0,13.0,6.94,0.91
2667,4,11.9,9.72,0.78
1522,1,12.3,9.05,0.7
2547,0,5.6,6.98,0.78
2222,4,17.3,9.57,0.65
3412,1,12.0,8.69,0.57
764,2,19.1,7.13,0.7
2681,2,11.5,10.17,0.61
2602,2,10.3,8.03,0.55
1118,2,8.6,5.59,0.74
2504,4,14.2,9.98,0.59
2035,2,10.3,7.57,0.56
1640,3,13.8,9.43,0.66
1223,5,9.7,8.96,0.29
1296,2,11.9,6.09,0.83
3234,2,10.3,7.37,0.57
1800,1,10.8,7.66,0.78
2347,4,3.5,6.63,0.8
1246,2,8.6,7.04,0.69
1254,3,18.4,8.28,0.54
2557,0,5.1,7.95,0.92
855,3,10.3,7.95,0.67
1509,5,11.6,7.52,0.72
1823,2,4.2,7.69,0.73
1877,2,6.5,7.95,0.88
1674,5,11.3,8.34,0.66
2077,3,14.6,8.38,0.73
2284,7,15.2,9.97,0.6
2314,0,12.3,5.88,0.83
1109,4,13.7,8.32,0.71
1601,3,7.8,8.52,0.63
2636,5,1.9,8.85,0.54
2426,3,20.5,9.14,0.68
838,2,13.2,8.77,0.69
2046,1,5.8,6.19,0.32
500,0,14.6,5.75,0.98
1832,2,10.8,8.2,0.62
3128,4,12.2,8.92,0.58
1136,5,24.3,8.82,0.45
1215,2,13.2,7.68,0.51
2334,5,21.3,9.55,0.63
720,2,17.6,9.2,0.38
1357,4,10.8,8.54,0.86
2217,0,4.7,7.5,0.76
1355,3,16.4,6.87,0.81
1634,2,14.7,6.66,0.77
2095,5,16.4,9.03,0.65
1986,1,7.7,7.04,0.74
1562,4,10.0,9.02,0.9
2059,4,9.2,9.18,0.64
1713,1,16.1,7.93,0.48
2120,1,21.5,7.82,0.82
1452,4,11.2,8.32,0.47
1672,2,12.7,9.18,0.51
1107,3,12.1,7.12,0.68
1775,4,15.4,8.63,0.71
1232,0,5.0,8.79,0.61
1020,6,15.1,7.19,0.47
1981,0,3.6,5.18,0.87
1948,3,11.3,8.75,0.72
2348,1,10.8,8.81,0.56
1498,2,19.3,11.3,0.65
2085,3,8.9,5.3,0.75
2185,4,15.2,9.3,0.41
1222,2,10.4,6.36,0.72
1904,4,2.1,10.16,0.52
2054,4,4.9,9.24,0.86
1805,1,10.5,6.93,0.5
500,3,10.1,6.66,0.58
1912,2,7.8,7.91,0.69
3348,4,23.4,9.98,0.73
1547,3,13.0,7.58,0.68
1290,4,15.2,9.11,0.47
2061,1,12.2,6.31,0.55
2018,1,6.4,6.71,0.4
2634,4,15.2,7.46,0.76
919,1,5.1,6.69,0.79
2311,1,9.2,8.09,0.75
2213,3,9.6,6.5,0.7
1700,2,4.2,7.51,0.86
2037,1,7.9,5.77,0.82
2520,1,8.1,7.6,0.81
2410,4,9.5,8.46,0.79
999,1,9.0,6.55,0.78
2374,3,4.5,8.22,0.68
1754,1,0.0,6.96,0.61
1851,1,0.0,5.43,0.43
1851,3,10.9,7.82,0.53
1694,2,12.9,8.42,0.79
2634,5,15.2,10.98,0.53
1741,6,20.9,9.66,0.52
1016,2,12.6,7.37,0.8
1524,2,8.6,7.52,0.42
1925,1,6.2,6.86,0.83
2660,6,21.7,9.66,0.69
2222,1,20.5,10.15,0.71
1204,5,15.3,9.03,0.59
3539,1,12.6,11.45,0.69
1985,4,6.7,8.75,0.73
2692,6,7.1,9.85,0.45
1693,4,19.7,9.2,0.58
2173,2,2.6,8.63,0.87
2387,6,19.2,9.64,0.5
2652,1,18.8,9.59,0.78
2410,3,10.6,7.81,0.62
1579,2,8.4,6.89,0.79
1399,1,10.3,5.35,0.78
2032,3,6.1,6.72,0.73
2453,1,8.7,6.28,0.94
1644,2,15.7,6.29,0.25
2545,0,19.3,5.4,0.77
2816,2,16.2,8.35,0.75
1158,1,15.0,10.12,0.52
1214,4,20.2,10.46,0.38
1701,3,0.6,6.9,0.4
2015,3,12.1,8.99,1.0
1432,6,7.7,8.09,0.25
2746,6,9.8,10.5,0.3
2096,1,8.4,5.65,0.69
1827,3,19.2,9.01,0.86
794,1,7.6,7.59,0.83
878,3,8.7,7.26,0.64
1996,0,7.4,7.61,0.87
500,2,10.2,6.46,0.81
2508,3,3.9,7.34,0.65
1689,2,16.5,6.83,0.49
3415,1,5.0,8.18,0.81
1672,1,13.7,7.13,0.74
1725,1,4.3,6.51,0.73
2496,1,12.7,7.0,0.91
2992,4,12.9,10.96,0.8
653,1,1.7,5.87,0.37
549,3,14.5,8.1,0.34
1364,3,4.1,4.97,0.78
2207,1,8.4,8.76,0.81
2147,4,5.5,8.03,0.43
2548,2,14.3,9.23,0.62
960,5,9.7,9.44,0.71
500,3,11.6,7.85,0.61
2400,2,14.7,8.34,0.86
500,1,4.6,4.92,0.77
1901,0,1.8,8.92,0.8
2355,2,4.9,7.73,0.75
1714,3,17.4,9.96,0.74
1479,1,9.6,7.31,0.84
1688,1,7.1,7.67,0.8
1540,2,4.8,6.32,0.71
856,0,5.7,5.38,0.61
1299,2,8.4,7.47,0.46
2164,3,7.3,11.49,0.82
2025,2,12.2,6.88,0.67
1917,3,7.1,8.09,0.53
1103,2,3.3,8.64,0.53
1672,1,3.0,7.19,0.7
500,2,7.9,5.9,0.7
1924,3,18.3,8.78,0.68
2800,4,20.0,8.91,0.48
768,3,4.1,7.62,0.64
1389,2,5.6,6.83,0.56
2030,2,0.0,9.09,0.72
2676,4,11.8,9.92,0.72
1486,2,6.8,8.4,0.98
1315,2,11.7,6.88,0.49
500,6,10.6,7.05,0.58
1872,6,19.7,7.15,0.31
3229,6,17.1,9.18,0.31
1994,3,10.6,8.8,0.61
1784,0,3.7,6.41,0.62
2025,5,25.1,9.17,0.54
1792,5,13.9,9.0,0.43
1230,1,7.7,6.3,0.6
2376,4,13.9,10.91,0.88
1958,2,0.6,7.69,0.66
1812,3,8.1,7.38,0.71
1117,2,13.8,6.37,0.71
2712,2,14.6,10.27,0.53
2265,4,15.3,10.56,0.76
1412,0,0.0,4.78,0.96
2501,3,10.7,9.76,0.8
1451,3,7.2,10.18,0.55
1252,2,12.7,7.73,0.74
1268,2,11.1,6.94,0.61
560,4,16.8,9.74,0.54
2130,0,6.1,6.07,0.72
518,3,12.0,4.85,0.83
940,2,17.6,6.55,0.88
500,1,16.9,6.59,0.73
1739,1,14.1,8.47,0.67
1694,1,0.4,6.24,1.0
1571,4,10.5,6.85,0.48
1070,5,20.6,10.65,0.8
979,3,11.4,7.66,0.82
2125,4,9.3,8.27,0.56
1414,1,10.0,6.25,0.79
2021,1,6.1,7.93,0.77
1180,5,14.8,7.57,0.45
1926,3,12.4,7.57,0.67
2712,2,7.5,6.53,0.76
2210,6,16.2,9.28,0.59
1511,5,11.7,8.51,0.41
1980,2,7.9,8.58,0.41
1631,7,17.9,7.88,0.4
1805,5,17.0,8.33,0.62
1572,3,11.8,7.14,0.63
1684,4,7.4,9.88,0.52
1948,1,4.5,6.74,0.85
1104,4,19.3,9.9,0.29
1088,3,10.5,8.28,0.81
828,3,8.2,7.42,0.68
679,3,21.5,5.97,0.91
947,2,17.0,6.4,0.66
1911,3,17.0,9.67,0.6
1175,2,10.4,7.73,0.57
2159,2,9.2,7.62,0.88
1824,4,11.7,7.12,0.64
500,1,7.6,4.06,0.72
2258,3,13.8,10.08,0.62
2367,5,18.3,8.66,0.82
1104,2,0.0,6.16,0.73
2094,1,4.6,5.88,0.64
1200,1,6.1,5.51,0.99
1868,2,1.9,7.42,0.52
914,0,9.0,4.19,0.88
544,3,5.7,7.72,0.62
1532,0,13.9,7.07,0.88
1713,2,9.7,6.43,0.67
1521,3,12.1,7.1,0.89
971,0,12.0,7.66,0.62
1520,1,10.7,7.09,0.75
1988,3,12.1,8.15,0.52
1768,2,8.5,6.41,0.86
1927,4,11.8,7.09,0.46
1330,2,6.9,7.07,0.71
2620,2,15.0,7.9,0.71
976,2,12.9,7.24,0.58
2141,2,20.6,9.62,0.79
2627,2,13.0,8.06,0.45
2136,4,13.6,6.96,0.63
1658,7,17.8,9.68,0.58
1430,0,4.5,5.57,0.83
2525,2,16.4,7.98,0.54
803,2,9.6,6.41,0.96
1120,2,0.0,8.49,0.87
1521,5,7.1,7.31,0.76
2666,3,10.7,8.58,0.3
2065,4,5.2,7.51,0.62
1122,3,6.7,6.32,0.82
1582,2,14.3,9.45,0.77
1369,1,13.5,8.12,0.92
1303,0,11.1,5.93,0.81
2485,2,14.3,6.53,0.69
839,2,13.6,7.92,0.6
2926,2,14.1,8.87,0.69
2379,2,12.3,7.13,0.62
2563,0,10.9,5.24,0.79
1475,2,18.6,9.07,0.62
1695,4,11.6,7.14,0.41
796,3,23.0,8.73,0.52
1432,6,13.4,10.18,0.5
2145,2,8.0,8.24,0.58
2707,6,16.7,9.35,0.79
1024,3,9.5,8.83,0.6
1544,2,0.0,6.66,0.39
1694,1,4.7,5.5,0.82
822,3,8.6,6.5,0.35
2213,1,7.2,6.21,0.78
1293,2,1.5,7.73,0.82
1663,1,5.6,7.74,0.53
1483,4,9.7,7.77,0.59
1247,1,5.5,8.98,0.85
1795,2,8.6,5.43,0.89
1649,2,14.6,6.07,0.77
1539,3,16.2,7.88,0.77
1290,4,14.1,7.47,0.47
2023,4,18.0,8.71,0.34
2957,4,13.1,9.88,0.62
1897,2,16.0,10.56,0.35
2497,5,15.9,8.98,0.62
826,3,8.2,6.97,0.62
1910,4,9.6,8.51,0.56
1031,4,15.6,10.34,0.73
766,4,16.6,8.12,0.53
1282,5,9.0,9.0,0.39
2634,1,19.4,8.12,0.76
2465,5,18.5,10.47,0.86
1970,1,7.1,7.64,0.83
727,1,4.1,8.34,0.88
1662,1,1.6,8.39,0.78
2011,1,16.1,7.7,0.84
1922,4,16.9,8.34,0.75
509,2,10.6,9.2,0.72
1176,2,12.2,6.22,0.58
1755,3,0.5,7.92,0.83
2175,6,3.7,9.98,0.65
500,4,15.2,8.17,0.63
1686,2,11.7,7.33,0.69
1900,1,9.9,7.32,0.83
2394,3,19.3,8.97,0.62
2285,4,16.4,11.23,0.87
2207,1,6.7,7.85,0.84
1240,2,7.9,10.19,0.81
500,1,12.1,6.47,0.65
1524,2,13.1,5.77,0.75
2501,5,23.3,9.0,0.49
2775,4,9.2,9.21,0.97
2297,5,9.2,9.23,0.82
2100,3,12.4,6.56,0.65
2065,3,11.8,8.52,0.61
1410,3,17.3,8.49,0.84
1708,3,12.3,7.27,0.89
2968,2,12.6,8.35,0.62
1140,3,2.9,8.61,0.68
2930,4,19.1,10.43,0.73
1574,2,10.4,7.37,0.74
2727,1,0.6,7.68,0.88
815,7,18.4,11.11,0.94
2210,2,6.8,9.48,0.76
1284,1,4.4,8.23,0.94
809,4,14.3,8.89,0.51
1952,3,6.5,6.77,0.85
2506,2,13.1,5.72,0.81
1208,3,9.7,7.96,0.84
750,2,9.9,10.31,0.71
1735,2,12.5,7.45,0.75
1738,3,4.9,5.68,0.56
2183,4,13.2,7.51,0.42
2464,0,15.2,9.13,0.57
1758,2,12.6,5.96,0.79
3098,4,16.1,8.6,0.59
1557,5,6.3,10.34,0.68
671,2,12.4,6.59,0.39
1616,3,11.4,10.12,0.59
1564,0,5.6,7.18,0.49
2472,0,17.3,8.97,0.75
2123,0,0.0,5.64,0.63
1920,1,13.7,7.16,0.64
2270,3,16.0,9.84,0.95
2869,3,4.2,9.73,0.8
2421,3,9.9,6.24,0.63
2332,2,0.0,5.24,0.78
1842,2,6.8,9.3,0.79
2071,6,13.3,10.75,0.66
2674,4,14.4,11.37,0.54
867,3,9.5,7.3,0.6
1555,2,9.3,7.45,0.75
1259,1,9.5,6.32,0.57
2065,1,3.9,7.35,0.48
2661,2,8.4,8.33,0.83
1382,3,7.1,5.88,0.42
500,3,8.6,8.76,0.57
1511,2,8.7,8.68,0.62
2439,6,16.5,10.05,0.51
2176,5,12.8,9.99,0.82
2099,1,7.1,6.56,0.69
1604,2,4.4,7.91,0.7
904,2,3.3,6.42,0.76
2160,0,7.6,7.07,0.74
1216,3,9.7,8.89,0.8
3328,1,11.1,8.7,0.79
2199,3,3.3,8.82,0.85
1393,2,13.8,5.8,0.75
1372,1,5.4,6.55,0.75
1734,2,8.3,7.35,0.39
2581,0,4.5,4.72,0.89
1287,1,7.6,6.92,0.71
3123,0,1.5,9.43,0.77
1834,3,4.0,8.58,0.62
2338,3,14.8,7.85,0.91
1374,4,12.9,8.05,0.3
2054,4,14.1,9.99,0.8
2017,3,14.4,9.32,0.69
500,1,10.8,7.53,0.64
3210,4,9.4,6.72,0.78
2703,4,11.8,7.76,0.46
1521,5,10.2,10.87,0.74
1028,3,13.3,7.38,0.53
2043,2,3.9,7.61,0.62
1860,1,4.8,5.11,0.82
2048,4,13.1,6.1,0.62
1934,1,7.9,4.77,0.83
2154,4,7.5,8.88,0.66
2813,4,0.0,7.2,0.59
2197,5,12.0,10.49,0.62
1065,1,8.9,6.96,0.8
2753,4,15.7,10.14,0.58
2948,5,12.0,10.06,0.68
1013,3,15.6,7.48,0.64
1970,0,6.9,6.9,0.82
500,2,13.7,8.18,0.58
2187,0,12.1,8.08,0.52
1416,3,9.1,8.33,0.71
3146,3,9.0,7.02,0.38
1257,0,9.1,4.99,0.85
617,1,7.3,7.75,0.99
1470,1,18.7,8.87,0.82
500,3,15.1,6.09,0.93
2325,3,13.1,7.96,0.55
500,5,11.2,6.35,0.34
1819,2,18.9,7.63,0.71
500,2,8.1,5.99,0.85
1575,4,14.8,11.84,0.6
2950,3,17.0,9.63,0.89
2052,3,13.9,8.26,1.0
1778,2,11.5,5.68,0.79
1812,2,9.4,8.34,0.9
2130,3,8.7,9.12,0.91
843,1,15.8,7.14,0.55
2214,2,12.1,8.97,0.53
500,2,14.3,6.39,0.58
1359,2,7.9,7.74,0.77
1458,2,8.6,8.17,0.67
2243,1,8.9,7.52,0.94
1815,6,17.1,11.36,0.67
816,1,16.6,9.43,0.8
1110,3,11.4,9.7,0.67
1939,2,4.7,6.58,0.77
1744,2,13.5,8.1,0.7
1394,1,6.7,6.95,0.7
1463,1,8.2,6.09,0.64
2287,4,20.9,9.15,0.68
1437,3,8.7,7.79,0.86
1738,7,13.8,10.28,0.44
3318,1,5.6,6.82,0.63
803,4,8.0,6.67,0.66
503,2,7.3,8.02,0.87
2348,3,12.8,7.68,0.4
1324,4,1.1,7.45,0.75
1577,1,5.2,6.48,0.65
1253,2,8.9,8.32,0.91
1618,5,18.9,9.79,0.41
2918,3,21.4,9.78,0.84
2361,2,5.6,5.81,0.84
2403,1,12.1,9.15,1.0
808,3,14.3,7.52,0.53
994,1,8.9,7.78,0.8
1233,3,11.0,8.89,0.62
2469,2,13.7,7.52,0.71
2161,2,16.1,9.58,1.0
1644,4,11.9,9.78,0.58
1784,3,6.1,8.49,0.4
1317,1,1.1,7.78,0.69
1943,5,16.2,8.87,0.5
2336,1,9.3,7.81,0.55
668,1,7.3,6.07,0.47
2009,4,13.2,8.8,0.82
2452,1,14.5,8.91,0.72
1509,1,13.0,8.32,0.59
2290,2,8.7,7.85,0.58
1726,0,13.4,5.81,0.88
2075,3,8.4,6.5,0.57
1283,1,8.4,5.15,0.63
1926,4,16.9,8.86,0.93
2122,3,16.4,8.37,0.78
1936,0,7.5,7.01,0.56
1086,0,18.0,6.87,0.6
1944,3,12.3,7.46,0.8
2823,2,3.9,7.65,0.82
2114,2,15.9,6.62,0.79
2473,5,11.4,10.9,0.62
1634,3,15.0,8.36,0.55
2324,4,13.8,7.08,0.85
1134,3,9.6,8.25,0.85
2022,5,13.9,9.18,0.77
1105,3,11.3,6.96,0.77
1356,3,10.4,6.9,0.65
1932,3,5.5,5.6,0.62
2008,4,6.4,9.13,0.62
967,1,7.5,7.23,0.93
2537,2,10.5,5.36,0.63
2200,4,10.7,10.81,0.61
1306,3,9.6,6.87,0.74
723,2,13.7,7.7,0.97
1698,2,8.1,7.55,0.77
1487,3,4.4,7.9,0.68
1879,2,13.5,7.59,0.64
1545,3,17.0,9.46,1.0
500,6,18.0,9.48,0.55
1528,4,10.7,7.54,0.49
1586,2,9.6,5.9,0.84
2243,4,10.9,8.76,0.7
1311,1,11.4,7.83,0.61
2975,6,21.1,9.58,0.59
500,1,11.2,7.48,0.82
2717,3,11.4,8.78,0.78
1642,2,10.7,6.71,0.66
2401,4,14.8,10.48,0.72
1855,4,21.9,9.63,0.89
2597,2,14.3,8.83,0.74
1528,4,8.0,7.19,0.76
1030,3,6.8,8.82,0.63
2794,6,24.2,9.77,0.52
1720,5,17.6,9.24,0.56
1955,5,8.8,8.29,0.45
2664,3,7.3,7.9,0.44
1077,1,9.0,6.98,0.84
2216,4,18.5,8.33,0.73
1387,4,8.2,8.53,0.68
1707,3,13.4,6.76,0.48
1850,4,19.7,7.96,0.97
749,1,5.5,6.19,0.54
1254,3,9.9,7.89,0.57
2745,4,25.0,8.96,0.56
2420,3,11.1,9.66,0.59
1756,2,9.9,7.67,0.83
1970,3,12.0,7.16,0.65
1594,3,11.0,8.38,0.51
2749,3,15.5,10.24,0.76
1659,4,14.0,7.84,0.53
1962,1,6.6,6.58,0.64
2602,1,6.4,8.56,0.52
1255,1,10.8,7.95,0.83
2891,3,5.6,8.17,0.5
728,3,15.9,7.21,0.46
2940,0,19.1,6.04,0.97
1539,4,13.9,8.66,0.83
1630,3,4.3,8.71,0.71
500,2,9.8,5.21,0.52
1481,4,10.5,8.94,0.74
1072,2,10.9,5.57,0.59
1374,4,12.7,10.04,0.57
1703,3,17.9,8.0,0.72
2470,2,8.0,7.79,1.0
1945,1,8.9,6.38,0.9
2015,3,7.0,6.3,0.88
1033,1,10.9,5.52,0.67
1183,3,16.0,6.51,0.7
3059,3,18.5,9.83,0.84
1285,4,14.7,8.6,0.64
2959,5,15.3,9.99,0.36
1629,4,9.0,8.54,0.37
1801,3,1.0,9.18,0.53
2549,4,10.0,7.98,0.73
2690,1,8.0,8.49,0.58
1722,0,7.4,5.42,0.87
1528,5,6.0,8.57,0.84
1760,1,7.8,6.75,0.5
2036,3,0.9,6.58,1.0
2423,2,4.0,10.65,0.74
1802,4,18.3,9.7,0.49
2233,3,18.2,6.85,0.82
2946,2,9.6,6.77,0.6
2066,2,11.6,9.1,1.0
2018,3,13.6,10.12,0.57
736,3,13.6,7.3,0.57
500,1,4.7,6.6,0.87
2071,4,13.6,10.84,0.72
1733,0,9.3,4.74,0.59
1439,0,9.1,5.85,0.74
1970,2,6.6,7.73,0.76
1757,3,5.9,9.03,0.65
2589,2,9.4,8.0,1.0
1860,2,3.5,7.63,0.58
1277,2,6.4,7.5,0.78
2493,5,16.3,9.77,1.0
1648,4,18.2,8.03,0.62
2168,3,15.9,7.05,0.53
1465,3,8.3,7.09,0.73
1345,0,6.0,6.52,0.59
1858,5,11.6,9.24,0.44
1808,0,9.0,6.44,0.47
2135,4,8.4,6.23,0.25
1611,5,14.2,6.3,0.77
1497,0,11.0,7.22,0.72
2355,5,8.4,11.26,0.62
1591,5,9.2,9.71,0.34
1627,1,10.7,4.65,0.86
2490,3,12.2,7.92,0.75
1301,4,7.0,9.03,0.79
720,1,0.0,8.03,0.63
1687,2,13.0,7.61,0.59
1461,4,13.4,9.34,0.72
1123,4,11.6,7.97,0.8
1677,3,14.2,10.72,0.75
2144,5,10.0,7.78,0.57
1793,2,12.5,8.78,0.56
2014,2,15.8,6.23,0.65
3069,6,17.1,10.01,0.47
1559,3,4.9,8.12,0.54
1994,1,13.7,8.52,0.71
1443,2,4.8,7.32,0.78
1207,4,11.0,11.19,0.49
1390,4,14.9,8.37,0.69
1464,4,16.5,7.93,0.8
2051,0,7.8,7.01,0.76
3444,2,20.6,9.47,0.42
1298,5,8.0,5.89,0.33
1508,3,21.8,8.36,0.62
1755,1,0.3,8.96,0.86
2077,3,11.4,8.73,0.6
1984,2,2.7,7.63,0.77
2698,1,10.8,8.38,0.68
500,5,6.3,7.23,0.68
500,0,10.3,7.02,0.73
1452,1,6.1,8.57,0.71
2568,1,0.5,8.49,1.0
704,3,19.2,7.61,0.76
500,0,11.4,5.4,0.85
2199,3,14.1,7.37,0.6
1970,2,19.5,7.61,0.72
1036,2,8.2,8.34,0.68
1110,4,18.8,9.15,0.7
1121,1,4.1,6.51,0.65
1877,6,15.2,7.96,0.43
1361,2,2.3,9.01,1.0
2145,1,18.5,9.99,0.76
500,1,8.0,8.4,0.62
1200,1,5.4,7.26,0.62
1011,0,17.6,7.17,0.66
1620,1,12.4,8.1,0.6
1423,3,7.8,6.61,0.53
2358,5,11.2,8.42,0.6
500,4,13.8,8.73,0.85
1831,0,20.3,8.91,0.47
2190,1,5.1,4.53,0.61
3099,2,14.0,8.19,0.57
1462,3,10.1,8.49,0.61
2027,2,15.2,8.87,0.6
537,0,6.5,6.69,0.77
500,2,9.6,6.89,0.61
2391,1,1.0,4.61,0.77
1796,2,9.7,5.86,0.75
838,2,4.8,5.23,0.74
2163,2,9.3,9.1,0.36
3108,4,12.9,8.94,0.63
2093,2,15.5,7.85,0.46
1993,1,9.4,6.83,0.61
1805,2,16.8,8.77,0.7
700,4,8.6,6.97,0.67
2748,1,9.2,6.56,0.7
1372,1,8.9,8.13,0.59
2153,3,8.7,7.75,0.67
705,3,11.7,8.0,0.96
974,1,5.3,7.68,0.82
2804,2,14.3,7.54,0.89
1556,6,8.7,9.78,0.51
2817,4,5.1,10.72,0.51
1745,1,4.2,6.11,0.84
510,1,9.5,5.35,1.0
2424,4,15.0,8.82,0.52
1387,2,7.1,5.37,0.61
2289,2,13.1,9.47,0.89
1817,2,0.0,7.19,0.51
719,2,8.5,5.96,0.67
1915,4,10.1,9.26,0.87
3337,1,10.9,7.02,0.74
2145,1,14.3,5.38,0.44
2552,3,11.0,8.74,0.42
1947,4,0.0,6.76,0.74
1946,5,14.4,7.88,0.49
1035,2,9.1,5.92,0.87
1963,1,11.2,9.15,0.65
2524,3,13.9,10.57,0.69
1214,2,7.4,6.67,0.52
2797,3,5.4,7.92,0.67
1735,6,18.4,8.36,0.61
1178,0,13.9,7.56,0.71
2498,7,19.5,10.88,0.71
1599,2,13.0,6.63,0.61
2331,2,10.9,9.21,0.59
1595,5,18.7,10.88,0.58
1758,3,5.7,7.42,0.86
2145,3,13.5,9.07,0.58
2003,2,6.3,7.51,0.74
500,3,4.4,6.78,0.77
1015,1,15.0,7.61,0.95
2450,3,7.9,10.79,0.5
1707,3,13.6,7.85,0.6
1433,1,13.1,7.76,0.89
848,0,8.5,6.94,0.63
1044,3,7.3,6.68,0.85
500,3,19.2,7.09,0.9
1729,4,4.6,9.02,0.8
1381,2,11.4,9.03,0.61
1123,0,17.9,9.35,0.78
1752,1,17.2,8.98,0.8
2054,1,5.8,6.47,0.8
3265,2,16.7,9.56,0.62
741,2,5.6,6.87,0.78
2611,2,6.6,6.65,0.84
2481,3,14.5,8.23,0.82
1254,2,5.2,7.35,0.7
1942,6,11.4,11.28,0.28
1479,6,13.9,10.03,0.55
1929,4,13.9,7.74,0.42
2856,1,8.4,8.71,0.79
2223,5,12.4,11.37,0.51
2156,2,5.6,8.03,0.65
1498,1,0.0,7.0,0.64
761,1,3.5,5.95,0.96
1654,2,16.5,8.2,0.82
2644,5,15.2,8.84,0.58
730,1,10.6,6.36,0.9
1061,2,15.2,8.0,0.81
1888,4,11.4,8.98,0.78
1110,2,14.2,8.08,0.33
1245,5,17.9,9.18,0.98
1503,1,5.3,5.73,0.9
844,3,15.5,9.47,0.64
1118,1,10.8,6.42,0.86
2292,4,8.5,7.66,0.61
884,1,18.2,5.83,0.89
681,1,13.6,6.96,0.78
1358,3,6.6,5.24,0.44
2312,1,8.9,4.53,0.64
1662,3,8.4,10.12,0.89
1474,1,16.7,6.01,0.58
1831,3,7.9,7.01,0.69
578,1,12.1,6.37,0.95
2146,5,9.5,9.22,0.78
2068,2,18.8,8.22,0.63
1513,1,12.4,7.32,0.66
2504,2,13.4,5.29,0.49
1010,3,13.0,9.75,0.78
2589,3,11.9,7.72,0.62
1908,6,4.0,10.21,0.61
1564,5,16.9,7.47,1.0
1786,5,14.6,10.06,0.62
1724,0,1.5,6.04,0.86
2654,2,11.5,7.66,0.82
1046,0,2.1,6.8,0.68
1266,0,16.7,7.9,0.72
2525,5,14.3,9.67,0.46
1383,3,11.6,8.31,0.55
2430,3,14.5,9.92,0.66
2989,4,10.6,7.91,0.6
1518,3,10.8,9.48,0.54
2276,5,12.1,11.36,0.55
992,1,5.2,5.7,0.56
2328,5,10.4,6.97,0.53
1939,3,11.5,9.62,0.8
2131,5,12.3,6.94,0.69
1348,3,13.2,6.66,0.63
637,2,4.0,4.36,0.44
2152,4,8.2,8.64,0.81
500,5,14.5,6.87,0.6
1577,1,12.8,7.66,0.85
2458,1,7.9,8.57,0.46
1934,1,7.8,7.81,0.86
3163,5,14.0,10.5,0.36
2517,4,13.3,9.1,0.62
1342,3,19.7,9.53,0.56
1819,4,15.4,8.87,0.56
1766,2,7.3,8.14,0.63
1141,4,13.7,7.26,0.56
1407,3,3.7,9.82,0.67
500,4,1.0,7.7,0.65
1833,4,16.4,9.28,0.64
1625,4,8.1,8.82,0.76
628,4,18.6,8.26,0.7
2082,2,12.2,7.21,0.77
2301,3,11.2,6.46,0.83
1958,1,8.6,7.03,0.74
1573,2,8.6,6.18,1.0
2214,6,8.4,8.91,0.69
2276,2,8.2,8.47,0.64
2015,2,3.3,6.05,0.73
1222,5,18.4,6.24,0.78
1993,3,13.9,7.06,0.48
2636,4,11.8,8.83,0.34
1382,2,12.0,9.53,0.69
3268,1,14.4,10.09,0.29
1432,1,0.0,9.57,0.63
1822,1,8.2,5.97,0.72
1329,1,8.0,4.78,0.78
1956,3,11.6,8.32,0.47
580,0,5.0,6.05,1.0
1417,0,11.1,9.36,0.78
1035,2,15.0,6.11,0.54
1894,1,8.4,7.22,0.86
2496,3,16.7,10.79,0.57
2252,0,10.2,8.27,0.9
500,1,7.8,5.5,0.94
3229,1,10.0,8.0,0.66
2006,5,12.3,9.27,0.61
1256,2,13.0,6.27,0.84
1909,2,15.6,7.84,0.72
1923,3,15.8,9.27,0.79
1333,3,13.0,7.92,0.59
1938,5,20.2,11.4,1.0
1374,1,8.5,7.85,0.62
1516,5,17.8,9.27,0.63
1319,2,5.7,6.92,0.57
1902,3,14.4,7.47,0.66
2209,6,13.8,9.81,0.43
2373,4,12.6,10.27,0.8
2027,1,17.9,7.23,0.46
1427,0,9.3,7.84,0.99
2387,7,2.9,8.43,0.54
849,3,5.5,4.57,0.47
1169,2,10.4,9.0,0.63
1125,2,2.9,7.16,0.84
2556,2,9.6,9.63,0.68
2459,3,15.9,9.51,0.58
2141,3,15.8,8.57,0.61
2550,3,15.3,8.23,0.57
1184,0,0.0,6.04,0.72
2044,1,13.4,7.57,0.54
1712,1,10.4,6.19,0.72
2392,3,23.4,9.83,0.64
1719,3,9.0,6.48,0.74
1530,1,12.9,9.3,0.68
2178,1,6.3,7.67,0.66
2413,3,8.3,6.57,0.55
1332,2,14.1,7.55,0.83
1757,2,2.9,8.08,0.74
1059,1,4.0,6.2,1.0
500,1,10.1,6.68,0.74
1940,0,5.5,5.53,0.76
2226,4,14.0,6.25,0.73
1983,6,16.1,10.64,0.59
500,0,6.8,5.79,0.82
1554,1,0.0,6.72,0.68
500,2,11.2,4.44,0.49
2758,4,17.0,8.87,0.33
1039,2,12.7,7.14,0.76
2678,6,6.1,9.36,0.55
2462,1,6.1,7.17,0.62
1169,4,17.0,8.52,0.58
1007,5,20.8,9.89,0.37
2045,2,10.4,8.97,0.93
1208,7,7.9,9.31,0.61
1871,5,10.2,9.4,0.63
1462,1,5.2,8.55,0.67
553,3,12.2,8.79,0.74
500,3,11.6,8.12,0.56
1958,4,10.3,6.65,0.46
1406,4,3.0,7.73,0.81
1412,3,6.1,6.1,0.6
2287,0,9.7,5.41,0.71
2621,6,13.5,11.75,0.45
1609,4,11.3,7.12,0.42
1561,5,7.7,6.32,0.68
2150,2,16.7,8.72,0.7
850,3,0.0,9.27,0.66
1956,4,20.6,8.84,0.56
2186,1,11.4,7.47,0.56
2276,7,13.4,10.08,0.69
500,1,7.4,8.1,0.48
1267,2,9.3,6.73,0.48
1185,2,13.3,7.59,0.48
1869,3,10.8,6.9,1.0
2136,2,17.2,8.09,0.66
2847,4,6.6,9.91,0.57
1453,3,15.2,8.23,0.46
1451,5,18.3,10.84,0.53
2604,4,7.6,9.33,0.86
2007,3,12.7,9.74,0.83
2687,4,12.9,7.68,0.36
2002,3,14.0,7.16,0.58
990,1,10.1,7.4,1.0
866,3,11.0,6.76,0.65
713,0,7.0,6.79,0.55
2263,1,8.5,8.12,0.66
2632,3,7.9,10.28,0.69
3094,0,4.6,5.44,1.0
2390,5,12.8,8.06,0.49
2613,1,12.7,8.79,0.77
1393,5,9.7,7.76,0.43
990,1,12.2,9.4,0.69
2395,2,0.3,9.32,0.79
1875,3,13.9,10.4,0.75
2071,4,19.8,10.39,0.92
2026,2,13.1,10.23,0.74
2698,4,9.9,8.02,0.8
2706,2,16.4,7.92,0.48
2180,3,13.1,8.01,0.6
2392,2,9.4,7.93,0.38
2159,3,10.5,9.2,0.7
1477,2,12.4,9.42,0.74
2329,3,13.8,7.53,0.63
823,1,3.2,6.31,0.72
2537,2,8.6,8.32,0.83
963,5,13.1,7.61,0.55
2000,1,6.1,8.78,0.83
1208,3,17.9,4.81,0.67
2187,4,15.9,10.96,0.72
1776,4,7.4,5.16,0.61
683,1,16.2,9.36,1.0
2094,4,16.6,9.81,0.46
1395,3,7.8,9.45,0.83
2416,4,8.0,9.2,0.59
1800,1,8.2,6.56,0.74
2076,3,4.3,7.74,0.7
1129,4,18.5,8.36,0.62
1387,4,10.1,10.08,0.84
1478,2,13.8,6.95,0.56
2399,2,9.8,8.7,0.81
2974,3,9.1,8.62,0.83
1236,4,14.4,7.25,0.72
2553,5,14.7,11.21,0.8
500,2,8.9,6.13,0.49
964,3,10.8,6.47,0.69
1128,5,18.0,9.37,0.66
853,1,5.0,7.62,0.69
691,4,22.2,7.38,0.58
2089,3,12.4,9.8,0.74
1650,3,11.6,7.25,0.51
2065,1,11.1,5.52,0.87
2283,3,10.4,7.49,0.75
1985,4,8.1,7.89,0.55
2260,2,12.6,9.42,0.62
1751,1,9.2,8.33,0.55
969,4,16.2,7.7,0.59
2540,3,11.8,7.51,0.63
1387,1,5.8,7.14,0.81
1145,4,11.3,8.56,0.61
1675,2,14.3,7.99,0.94
1161,2,8.8,6.22,0.24
1507,1,14.7,9.68,0.73
2040,1,6.1,7.78,0.79
2043,3,11.2,10.05,0.47
1171,1,16.3,7.84,0.76
1458,3,13.3,8.08,0.6
2552,3,18.6,8.96,0.89
2147,3,17.2,9.49,0.56
3252,3,0.0,8.74,0.65
2626,4,9.4,9.92,0.64
2601,2,19.6,6.37,0.42
828,3,8.2,6.67,0.81
2334,3,13.7,7.22,0.55
1762,4,18.1,9.11,0.56
1414,0,15.2,8.55,0.66
1917,3,9.6,9.12,0.41
2461,3,15.4,7.05,0.6
2150,2,14.9,9.94,0.8
1185,4,7.1,7.17,0.69
2319,2,15.4,8.5,1.0
1353,0,13.0,6.32,0.74
1951,6,15.8,9.49,0.54
1587,2,14.5,7.45,0.8
1646,2,16.4,8.25,0.71
2336,3,8.6,6.34,0.68
1071,5,20.4,7.08,0.45
3161,0,18.2,8.99,0.85
525,0,20.0,8.38,1.0
1381,3,11.2,7.05,0.84
2059,1,15.2,7.85,1.0
2209,4,12.6,10.04,0.56
1729,2,4.6,6.55,0.52
1759,4,12.6,10.29,0.56
2087,2,12.3,9.13,0.53
1638,1,8.0,6.61,1.0
2775,2,5.7,7.94,0.71
2387,5,16.7,11.1,0.31
2410,2,21.9,6.73,0.66
1123,0,6.7,4.94,0.83
1744,0,9.4,8.21,0.72
1589,2,10.5,5.96,0.64
1096,4,16.7,8.36,0.7
2052,0,8.1,7.3,0.56
1423,0,9.6,5.81,0.73
2258,5,19.6,7.97,0.29
1050,5,19.9,10.39,0.69
3003,3,20.8,7.48,0.75
1172,4,11.4,8.18,0.65
1953,2,7.6,7.91,0.74
2354,1,0.0,9.57,0.65
1400,5,12.8,8.29,0.65
2396,0,4.9,7.61,0.84
939,3,12.6,8.64,0.71
2816,3,10.7,8.65,0.72
1809,3,1.0,7.96,0.86
1382,2,2.6,7.09,0.67
1590,4,9.0,8.41,0.55
2366,3,10.3,10.19,0.61
1275,2,10.5,6.12,0.58
1644,3,11.9,8.15,0.73
976,3,9.4,6.82,0.56
1403,0,11.2,5.69,0.44
2382,2,16.3,7.83,0.66
1946,5,24.2,9.17,0.59
1110,2,13.3,7.72,0.71
1795,1,7.2,6.13,0.66
2348,3,13.2,7.72,0.46
1668,4,17.2,8.74,0.66
2635,0,11.7,7.68,1.0
2515,3,12.6,9.15,0.38
2443,4,14.4,9.08,0.57
1478,3,13.9,7.94,0.89
1044,3,8.0,7.75,0.83
1370,0,0.0,5.0,0.71
1937,4,13.1,9.28,0.55
2182,7,20.5,9.76,0.5
500,5,6.8,9.11,0.71
1794,2,7.1,7.67,0.53
1910,1,0.0,5.23,0.84
1605,4,9.6,6.21,0.68
2703,5,6.8,9.0,0.63
2095,1,0.0,6.33,0.52
2717,2,5.7,9.89,0.66
1648,4,10.3,9.5,0.57
2456,2,8.3,6.11,0.65
2944,4,10.4,9.39,0.59
2718,2,9.8,7.03,0.42
1035,2,18.8,8.55,0.62
1622,1,6.2,8.32,0.64
1558,3,19.0,6.16,0.82
2142,6,23.5,10.47,0.67
2280,4,10.7,6.91,0.67
1212,4,6.4,5.96,0.75
1847,0,9.9,7.83,0.72
500,3,19.6,7.81,0.78
2809,5,1.1,8.79,0.56
1441,5,12.7,10.73,0.65
1839,6,15.9,9.29,0.76
1583,2,19.0,7.1,0.5
2602,4,3.7,7.98,0.51
500,2,12.3,7.65,0.78
1788,3,15.2,7.08,0.81
1725,1,4.9,6.71,0.78
1482,2,11.7,8.78,0.82
3008,0,9.6,5.57,0.69
1178,2,16.4,5.74,0.76
2340,4,19.4,8.83,0.57
2049,5,15.7,10.12,0.61
2683,5,15.0,11.37,0.67
1332,1,2.8,5.76,0.76
1286,3,11.9,7.37,0.81
2567,6,15.5,10.24,0.57
2097,1,4.9,7.63,0.85
718,4,17.1,7.49,0.42
1422,5,15.7,9.72,0.67
2070,3,13.0,7.72,0.75
2386,3,14.3,8.45,0.89
1324,3,7.2,7.07,0.56
500,4,5.5,8.24,0.59
2166,1,12.1,9.02,0.62
945,3,4.2,7.28,0.83
500,1,19.5,6.28,0.67
500,2,9.8,8.52,0.58
2369,3,10.6,6.53,0.94
1890,1,13.7,8.96,0.84
1642,2,12.0,8.75,0.83
2772,5,22.7,9.63,0.52
2246,2,15.3,6.53,0.54
2931,1,9.7,6.65,0.92
825,4,10.2,8.67,0.68
1775,1,15.4,6.98,0.84
668,1,3.6,6.85,0.9
1639,7,16.0,8.86,0.66
1625,1,8.9,5.8,0.85
2238,3,9.7,7.34,0.5
1831,1,22.0,7.24,0.56
2236,0,16.4,8.01,0.62
2292,4,17.2,10.82,0.49
1579,4,18.9,8.42,0.64
1141,2,11.8,9.9,0.57
1972,3,9.7,8.1,0.5
1238,4,7.5,8.07,0.78
2837,2,6.8,6.45,0.54
1601,3,12.0,7.33,0.57
1404,1,3.1,8.09,0.68
1470,0,0.3,5.26,0.43
2302,2,16.1,10.55,0.57
1689,2,3.3,8.37,0.61
1350,4,12.5,8.33,0.53
2965,3,16.0,9.61,0.47
1200,2,10.0,8.49,0.58
1824,0,3.6,9.03,0.94
2256,6,19.5,10.08,0.48
658,2,5.3,6.16,0.69
2136,1,14.5,6.89,0.89
1061,2,8.6,7.11,0.58
2375,5,17.0,7.0,0.52
1126,3,12.9,6.59,0.88
2284,1,15.7,8.32,0.65
2574,3,9.1,8.42,0.88
2403,2,13.4,7.28,0.53
1975,4,8.9,8.54,0.56
1638,1,3.6,8.57,0.73
1396,4,14.3,10.04,0.36
1310,2,13.5,7.3,0.72
1074,3,14.0,7.73,0.64
2265,3,11.7,8.21,0.62
1242,3,17.3,7.0,0.99
1134,2,6.6,5.71,0.52
789,6,10.2,9.29,0.87
1461,2,13.2,6.3,0.87
1742,5,11.2,8.9,0.66
1970,4,8.3,8.19,0.54
2465,3,14.8,7.9,0.34
2168,0,13.0,7.47,0.63
1666,1,10.0,6.92,0.88
1661,6,6.8,9.95,0.36
2157,1,20.1,7.88,0.63
2690,1,14.4,8.92,0.81
1888,3,0.4,7.3,0.5
1471,6,6.8,7.76,0.35
1104,4,13.9,9.09,0.53
788,3,14.2,7.62,0.68
2266,4,9.4,8.4,0.85
2204,4,13.5,8.19,0.78
2204,1,12.9,7.64,0.79
1709,3,15.0,7.91,0.9
2784,4,7.9,8.44,0.47
1461,4,23.1,8.53,0.7
2468,2,18.5,9.74,0.85
1772,2,14.9,8.28,0.49
1374,2,5.8,6.57,0.63
2214,3,17.4,7.71,0.72
2086,2,5.9,7.87,0.63
2049,4,16.4,7.83,0.58
1856,1,11.0,9.56,0.85
1773,2,14.5,5.6,0.91
3471,4,10.7,9.71,0.43
2628,4,19.5,9.89,0.83
2305,2,12.0,7.09,0.56
1878,3,7.9,7.03,0.63
2505,3,15.1,6.55,0.79
1818,2,14.8,6.71,0.48
1587,1,6.3,6.27,0.95
1743,5,12.7,9.91,0.53
500,3,12.7,8.49,0.8
1947,2,7.4,5.79,0.85
1458,1,5.6,5.12,0.81
2914,3,5.2,7.8,0.59
1813,1,9.2,6.59,0.66
967,1,6.0,6.58,0.68
1765,3,8.3,8.06,0.42
1067,1,6.2,6.29,0.71
2131,2,3.3,10.18,0.64
2003,4,10.0,8.33,0.59
2470,5,14.9,11.36,0.49
1246,4,9.6,7.08,0.6
1823,5,6.7,8.02,0.77
844,2,15.0,7.46,0.8
2291,6,13.8,9.3,0.88
2163,6,14.5,11.32,0.52
2147,1,4.7,7.82,0.62
1801,1,4.8,7.73,0.56
2090,2,11.0,5.23,0.75
2923,3,1.5,8.21,0.67
1600,1,0.0,6.03,0.87
1897,6,17.4,8.74,0.33
1039,2,12.0,6.19,0.58
1192,1,4.6,5.17,0.63
1868,2,8.5,9.14,0.67
2572,2,7.3,7.16,0.63
1620,4,6.2,8.97,0.7
1634,0,6.6,4.91,1.0
1425,1,14.6,7.56,0.61
2006,4,6.6,5.96,0.48
751,3,24.6,8.21,0.54
2696,4,7.1,7.18,0.92
1334,4,15.3,7.63,0.86
2305,1,9.4,9.5,0.6
911,1,21.9,8.19,0.63
2268,3,15.5,7.61,0.25
2270,1,12.5,8.37,0.72
2068,5,20.3,9.66,0.48
1103,2,9.6,7.57,0.61
1974,1,6.6,6.1,0.76
971,0,10.7,5.02,0.7
1623,5,12.0,9.11,0.51
2520,2,9.8,6.89,0.83
2357,3,16.3,7.86,0.72
1810,3,4.7,6.85,0.87
1117,3,11.9,8.72,0.54
2251,4,12.0,8.17,0.85
1813,1,7.7,6.1,0.97
500,1,11.8,8.68,0.66
2347,1,1.6,7.7,0.6
1783,2,6.1,7.36,0.7
1033,3,4.9,8.49,0.97
500,3,17.4,8.34,0.68
1995,6,11.9,10.12,0.63
2004,1,19.2,7.32,0.85
616,2,8.0,7.49,0.78
1115,0,4.0,5.88,0.56
1586,3,7.1,7.78,0.77
2311,5,0.0,7.92,0.72
1344,3,14.2,7.37,0.41
500,2,19.1,7.2,0.75
1680,3,3.4,8.78,0.64
1614,2,12.5,10.66,0.71
1520,4,18.3,8.55,0.71
1719,1,9.9,7.0,0.79
1984,0,14.5,7.4,0.79
1694,2,9.5,6.44,0.65
915,2,6.3,6.32,0.41
2140,5,9.5,7.54,0.45
500,1,11.6,6.33,0.61
500,1,8.1,6.93,0.69
2317,2,8.5,9.18,0.49
2154,2,14.5,8.13,0.61
1759,3,17.9,7.81,0.81
823,5,12.6,9.3,0.85
1304,1,3.7,5.06,0.65
1616,1,14.9,7.27,0.5
682,2,19.8,8.24,0.62
1282,2,4.3,7.38,0.78
2256,2,7.6,6.37,0.48
2799,1,18.8,8.11,0.69
2329,4,22.9,9.63,0.5
500,2,9.7,5.32,0.52
2261,2,12.3,6.42,0.9
1237,1,2.8,6.76,0.86
2015,3,1.1,8.79,0.71
1626,3,10.4,6.4,0.61
2724,0,9.1,5.92,1.0
1187,1,12.5,7.44,0.77
2239,4,20.1,9.03,0.53
1604,2,8.7,7.23,0.66
1689,2,12.1,8.77,0.6
1671,1,8.9,6.07,0.73
1208,1,4.9,6.08,0.67
1790,3,12.6,7.26,0.63
1756,1,18.3,6.77,0.85
1968,1,13.8,6.29,0.87
1859,2,12.7,8.56,0.81
2358,3,8.3,8.11,0.64
2446,3,9.2,7.92,0.66
1064,2,11.4,8.31,0.57
2408,2,13.2,9.57,0.48
969,4,12.1,8.93,0.39
2211,5,14.0,8.99,0.49
2233,3,6.0,9.44,0.61
500,5,12.5,6.89,0.52
1865,3,12.7,9.02,0.45
1472,2,11.5,7.08,0.93
1268,2,17.0,5.41,0.72
2745,5,9.7,8.77,0.26
1342,7,15.2,10.65,0.58
1235,2,19.5,8.06,0.81
1852,4,6.7,9.09,0.6
2279,0,7.0,5.59,0.74
1700,1,17.4,7.67,0.68
2616,2,19.0,8.99,0.72
2171,3,11.5,8.57,0.54
500,0,3.6,4.28,0.9
1429,3,10.4,6.37,0.6
1406,0,8.3,7.84,0.6
2135,4,12.7,9.06,0.8
500,2,17.7,7.38,0.78
3584,4,9.7,9.94,0.71
2171,0,10.5,6.08,0.8
1904,3,11.6,6.62,0.69
2627,2,11.2,7.96,0.89
3440,4,14.1,10.75,0.59
2409,4,10.2,9.21,0.49
2464,1,14.2,6.3,0.52
1891,4,15.8,7.73,0.59
1700,5,16.9,10.12,0.59
1466,7,12.5,9.72,0.66
1221,5,22.3,8.58,0.41
1319,3,12.8,10.9,0.55
854,1,7.4,7.04,0.66
1746,4,8.3,6.81,0.89
620,4,9.7,8.55,0.48
1933,3,10.8,8.13,0.62
1774,6,0.0,11.18,0.66
1902,4,21.1,8.82,0.7
1434,5,17.5,8.24,0.56
2752,5,13.4,10.9,0.73
928,1,14.7,7.87,0.82
1963,3,15.2,11.0,0.69
1374,2,12.2,9.67,0.75
1089,2,8.9,6.6,0.75
861,3,14.2,8.28,0.68
2102,1,12.5,7.12,0.6
1323,3,15.3,7.04,0.7
2477,4,12.1,9.0,0.36
2495,5,11.8,10.03,0.51
2761,3,12.2,9.89,0.68
1203,1,10.8,6.59,0.74
2132,3,16.3,7.85,0.61
2242,1,4.1,7.04,0.87
1468,2,4.5,5.92,0.62
1259,1,8.2,7.31,0.68
2926,3,10.5,8.68,0.43
1959,5,13.1,8.01,0.75
2245,1,19.5,8.77,0.48
1224,6,23.3,8.91,0.72
946,2,13.6,7.73,0.65
1401,1,6.2,6.55,1.0
1713,1,12.6,8.56,0.48
1055,6,13.4,9.97,0.64
1793,1,10.4,6.86,0.89
618,1,9.3,5.26,0.94
1015,3,8.2,7.44,0.8
2269,2,1.2,6.31,0.66
2222,1,1.1,5.71,0.71
1525,2,13.7,8.26,0.52
1087,1,9.9,7.66,0.8
1080,4,17.7,8.67,0.71
1538,1,12.2,6.82,0.71
2251,5,24.0,8.6,0.55
2449,1,10.2,7.4,0.56
1452,2,9.8,7.02,0.83
992,4,7.7,8.66,0.58
1987,2,11.3,10.23,0.82
1223,5,16.3,8.3,0.47
1437,1,8.0,7.92,0.72
2727,2,12.4,7.66,0.45
2378,4,13.4,7.94,0.64
1910,2,17.6,9.19,0.55
909,2,10.6,8.28,0.52
1947,1,9.3,5.46,0.95
2543,5,16.2,10.06,0.95
1537,2,19.2,8.38,0.78
2745,2,10.6,8.71,0.56
2704,1,6.6,7.62,1.0
2964,1,10.6,6.62,0.79
2013,2,9.2,7.7,0.86
2211,5,7.7,6.77,0.5
2789,6,18.9,10.19,0.32
2113,3,3.5,7.79,0.7
1449,1,4.4,5.54,0.85
1486,2,8.1,6.82,0.71
1966,2,15.1,6.24,0.5
896,3,14.1,9.41,0.75
1699,1,16.6,9.3,0.6
2567,2,12.8,8.82,0.65
500,3,10.6,9.09,0.8
2874,4,4.7,8.78,0.59
2585,3,10.0,9.51,0.56
1478,1,12.4,6.17,0.68
2180,3,5.5,8.95,0.92
1802,1,11.7,7.0,0.55
2487,6,14.6,10.27,0.64
819,1,8.4,6.81,0.81
2211,2,7.8,7.06,0.74
1656,1,2.6,6.82,0.92
1857,1,0.0,9.12,0.52
1290,1,14.9,8.13,0.77
3023,7,17.6,10.2,0.57
2528,4,15.5,8.81,0.57
1282,2,12.5,9.11,0.76
865,2,12.2,4.73,0.66
1530,3,23.3,7.56,0.68
2104,3,13.4,8.38,0.67
1968,2,15.9,6.89,0.71
2677,1,5.4,9.33,0.62
2352,1,11.3,9.02,0.71
2028,3,13.9,8.37,0.58
827,5,12.4,11.88,0.76
1663,2,10.4,7.71,0.79
2542,3,2.6,8.36,0.62
1763,4,8.4,8.3,0.71
2152,4,15.6,9.68,0.64
1576,2,13.5,9.57,0.73
1079,1,11.5,4.71,0.83
1713,3,8.1,6.58,0.73
2016,3,12.8,9.2,0.58
1341,2,17.5,6.84,0.78
1635,4,4.7,7.3,0.66
1142,5,12.7,9.93,0.57
2583,3,9.7,8.28,0.67
1593,4,14.3,7.3,0.78
2816,2,5.1,7.7,0.54
2870,3,7.2,9.55,0.44
1743,1,12.1,8.07,0.68
1094,1,7.0,8.34,0.6
500,3,15.3,8.95,0.69
769,2,12.3,5.8,0.5
838,0,12.4,7.18,0.6
2764,7,11.4,11.47,0.73
1881,2,17.3,6.58,0.75
2072,1,10.9,7.82,0.76
500,4,17.7,7.19,0.68
961,4,5.8,6.44,0.64
2420,5,13.3,8.69,0.63
2000,3,11.8,7.69,0.38
1696,0,10.4,6.46,0.97
2195,2,16.7,8.49,0.68
2945,2,8.7,7.17,0.67
1645,1,2.1,6.39,0.83
1848,3,1.7,9.53,0.93
1934,2,8.9,5.75,0.59
3474,7,19.9,10.66,0.54
500,4,15.3,9.36,0.59
2278,3,11.5,9.23,0.72
1719,4,16.4,7.65,0.72
2196,5,23.1,10.76,0.75
1339,3,20.7,7.49,0.37
1765,3,18.0,11.36,0.86
2297,2,14.1,5.79,0.78
1206,2,16.5,8.26,0.52
1503,3,12.7,8.42,0.62
1482,2,5.1,8.26,0.72
543,3,15.3,8.88,0.49
1568,3,16.3,8.15,0.76
2312,6,15.5,10.43,0.85
908,3,4.2,7.1,0.5
2533,3,9.4,7.46,0.63
2141,2,12.6,8.11,0.47
1286,4,18.9,6.78,0.61
1700,2,10.6,4.76,0.41
2918,1,5.5,8.66,0.67
2313,3,0.7,8.38,0.36
1806,5,23.8,9.11,0.89
1633,2,10.6,8.1,0.42
1853,3,8.0,6.78,0.6
1441,3,2.4,7.18,0.81
500,1,6.8,7.67,0.83
3229,1,16.9,7.75,0.9
1908,6,9.0,10.1,0.64
2078,2,14.9,7.96,0.84
1759,1,4.6,6.72,0.76
1285,3,11.8,9.05,0.56
1669,2,15.0,7.15,0.54
680,0,1.6,6.92,0.91
3393,6,19.6,8.25,0.51
935,4,14.4,9.34,0.7
1077,1,10.8,8.71,0.63
1491,1,9.0,9.3,0.61
2701,2,13.5,7.62,0.67
1810,5,13.2,7.36,0.69
934,1,1.6,9.47,0.7
2678,3,11.1,7.94,0.55
2311,1,18.7,8.38,0.93
2176,6,14.4,9.59,0.53
2301,3,11.0,9.5,0.77
3476,2,4.4,9.94,0.69
1319,2,1.6,7.74,0.71
2936,2,9.9,7.7,0.77
2068,1,6.6,6.77,0.75
2149,2,8.1,7.01,0.76
615,3,7.2,8.25,0.35
1680,5,14.1,7.93,0.76
1231,2,6.5,8.56,0.69
2379,4,7.4,8.42,0.67
2549,2,0.0,8.19,0.49
500,3,6.1,7.87,0.81
1784,2,11.8,7.6,0.87
2585,0,15.1,7.65,0.65
1669,5,9.6,6.2,0.63
2310,6,18.3,8.65,0.25
2045,1,8.2,7.81,0.65
2039,3,8.8,8.4,0.51
1610,4,10.9,7.87,0.86
948,3,6.7,7.33,0.68
1014,3,7.4,9.6,0.97
2296,2,7.6,7.36,0.67
1813,5,14.0,10.53,0.49
1703,4,7.0,9.11,0.56
1503,4,13.4,10.3,0.37
1586,3,8.3,6.14,0.89
2532,4,14.9,8.9,0.52
1565,0,12.8,8.09,0.62
861,1,10.3,7.73,0.35
2320,1,0.0,4.72,0.77
1656,3,8.9,5.57,0.81
1821,4,9.8,7.69,0.67
2925,7,16.1,11.96,0.47
1785,1,6.5,7.49,0.75
2002,3,10.8,8.18,0.74
974,1,9.1,7.05,0.73
1646,6,19.3,8.37,0.45
2226,4,10.5,10.26,0.7
711,2,0.0,6.53,0.71
1940,3,15.0,9.82,0.53
1870,4,13.0,10.47,0.86
1828,1,5.4,6.1,0.65
2526,2,5.6,6.21,0.55
2034,1,9.7,6.35,0.47
2834,2,8.2,7.14,0.9
1104,2,19.8,7.62,0.95
1895,3,16.0,9.75,0.66
1859,1,10.3,7.3,0.81
1051,3,16.6,7.17,0.72
3427,2,7.6,8.72,0.81
1788,3,6.3,7.77,0.71
2153,0,13.3,6.69,0.7
1859,2,7.0,7.73,0.5
1300,5,19.5,7.52,0.84
525,2,13.9,6.17,0.59
1305,4,14.1,8.12,0.53
825,1,11.5,8.99,0.41
2992,2,8.3,5.4,0.76
1557,0,6.6,8.56,0.74
2422,3,11.6,8.66,0.56
1263,2,12.7,11.0,0.78
1847,2,16.2,7.01,0.58
2520,4,13.6,9.08,0.46
2151,3,19.2,9.03,0.58
1973,4,18.6,9.13,0.65
1854,0,15.6,7.75,0.71
2080,2,8.6,8.28,0.38
1941,1,3.5,6.31,0.5
1079,1,14.7,5.98,0.71
1832,7,21.7,9.02,0.58
1048,2,11.8,8.42,0.55
1856,0,1.2,4.93,0.52
1463,1,10.3,6.03,0.64
3577,3,9.9,11.17,0.53
1772,1,13.8,5.27,0.84
817,5,17.8,7.1,0.7
1706,4,10.9,11.1,0.96
2163,1,5.4,7.36,0.52
2971,5,9.5,9.51,0.44
1387,3,9.0,5.21,0.69
692,1,9.6,5.17,0.67
2371,4,11.7,10.42,0.61
1494,6,22.2,10.32,0.51
1619,4,5.8,8.5,0.59
1751,2,5.7,7.69,0.63
2282,2,8.7,9.25,0.5
1321,0,4.6,5.85,0.58
1608,3,10.1,10.25,0.55
1790,2,10.6,9.35,0.52
1904,1,8.6,7.34,0.81
2105,3,9.1,9.39,1.0
2390,2,8.0,8.32,0.58
2074,3,5.4,7.58,0.75
2117,1,1.7,8.42,0.82
692,3,8.7,6.91,0.39
1835,3,9.6,7.53,0.76
2135,3,25.1,7.73,0.93
2310,2,14.5,9.97,1.0
1315,3,15.9,8.0,0.48
1338,4,10.9,8.8,0.68
1398,4,23.0,9.78,0.75
2175,4,14.8,7.59,0.58
2523,1,11.7,7.11,0.64
1514,1,11.3,5.53,0.8
2435,1,13.7,8.71,0.78
1886,1,10.5,5.9,0.91
1652,0,12.9,5.74,0.7
2322,3,11.3,10.12,0.49
2027,6,4.3,7.81,0.64
3393,3,13.0,8.78,0.68
1203,2,0.1,5.97,0.8
2162,3,9.9,8.01,0.57
1429,5,15.8,7.37,0.56
1191,2,12.0,6.6,0.72
1792,4,9.8,4.85,0.67
1896,6,6.7,9.43,0.4
1671,4,1.6,7.91,0.46
1008,3,4.5,4.96,0.7
1991,3,7.4,9.27,0.78
500,1,8.3,6.82,0.67
1735,3,14.4,8.86,0.81
1811,0,5.9,6.63,0.88
2356,5,15.4,8.25,0.71
2481,1,8.4,8.1,0.56
1447,6,25.6,11.23,0.59
1694,4,5.7,10.17,0.79
1263,3,22.0,4.41,0.67
1010,2,6.4,6.56,0.91
2016,1,12.2,6.4,0.78
908,2,6.7,6.43,0.6
1509,2,7.2,6.89,0.53
1103,5,14.6,9.24,0.91
2184,5,8.6,8.04,0.31
3061,2,9.7,7.58,0.47
888,2,11.4,9.35,0.84
502,2,0.0,6.79,0.77
1712,4,6.6,8.47,0.53
1810,2,6.3,6.3,0.97
1953,4,23.7,10.31,0.6
1487,2,5.9,8.73,0.65
1659,1,10.3,5.92,0.77
2057,1,14.3,10.55,0.81
2528,3,8.8,9.06,0.75
500,1,5.6,5.96,0.71
1541,0,9.3,6.28,0.84
1949,4,8.5,7.45,0.36
1157,1,12.6,6.57,0.33
3011,2,15.0,7.55,0.7
1355,1,10.1,6.76,0.59
1771,1,14.4,10.3,0.66
2189,2,14.8,8.82,0.65
1386,1,4.7,5.38,0.72
507,1,0.0,5.41,0.94
1499,3,0.0,7.58,0.51
2520,6,18.2,9.41,0.49
1564,2,6.7,7.45,0.62
1207,1,8.0,5.6,0.49
2447,6,20.4,9.95,0.54
1568,3,9.4,7.62,0.71
1442,2,8.7,9.3,0.83
1904,5,12.2,10.08,0.28
2339,2,6.4,7.63,0.32
3467,2,8.0,8.83,0.67
2379,3,17.7,9.73,0.55
2611,5,9.3,8.7,0.73
1445,1,10.9,7.22,0.71
1081,4,16.6,8.3,0.67
1843,1,15.1,10.08,0.5
1875,4,20.9,8.44,0.57
1045,1,8.1,6.38,0.85
1677,3,14.5,8.61,0.71
2079,2,11.9,7.61,0.39
2052,4,19.6,9.78,0.58
2153,4,12.7,9.17,1.0
2003,3,19.0,8.51,0.83
1445,2,14.6,6.68,0.47
1440,6,13.1,7.41,0.45
960,3,7.0,8.71,0.62
3049,2,8.3,9.46,0.64
1809,3,10.1,8.78,0.73
1642,3,5.7,8.86,0.68
1149,0,8.3,7.64,0.76
1048,0,0.7,4.99,0.5
1499,0,0.3,6.95,0.84
2091,2,12.7,8.87,0.73
2220,6,17.0,9.63,0.5
2470,3,9.0,8.24,0.67
3065,2,6.0,8.13,0.39
2154,6,19.2,9.44,0.55
1060,4,8.4,8.19,0.48
1620,3,15.3,7.16,0.8
2015,4,20.1,9.46,0.66
3247,2,15.0,7.52,0.5
821,2,4.0,5.38,0.79
2641,4,8.6,10.08,0.48
1925,2,8.0,6.07,0.87
2386,4,13.2,9.86,0.8
1728,4,13.6,8.27,0.51
1210,0,2.9,4.01,0.84
2325,2,15.3,7.43,0.59
2258,6,18.3,9.4,0.56
2480,4,12.1,8.04,0.81
1790,2,8.1,5.34,0.93
1380,4,14.5,7.54,0.62
708,4,11.6,8.1,0.25
2373,5,14.3,10.34,0.7
2096,7,17.4,10.34,0.84
1123,1,5.1,8.32,0.42
1422,5,24.7,9.89,0.51
1473,3,8.6,8.49,0.49
761,1,6.2,5.37,0.68
1227,3,6.1,7.55,0.91
1006,2,9.3,6.18,0.71
1511,3,19.0,8.65,0.48
1282,0,3.1,4.2,0.79
661,3,12.3,6.6,0.46
3215,4,17.8,9.53,0.5
2676,1,2.3,7.34,0.63
1254,4,13.7,8.63,0.66
1990,3,13.4,5.33,0.95
2092,2,16.8,7.43,0.5
2633,2,11.0,8.56,0.75
1226,3,13.5,7.73,0.77
2564,2,2.4,8.81,0.78
1416,4,16.5,7.41,0.69
864,2,18.6,8.35,0.77
2306,2,15.5,7.97,0.73
2703,2,9.0,4.66,0.74
3611,4,12.1,11.82,0.54
960,1,9.2,8.09,0.86
2289,6,25.2,8.82,0.68
1513,4,20.4,10.88,0.65
2348,1,5.4,6.49,0.71
770,3,7.3,8.4,0.47
916,2,16.2,9.05,0.76
1256,1,8.1,6.98,0.9
1855,3,13.8,8.22,0.79
1351,3,13.4,9.2,0.58
2261,0,15.3,8.83,0.79
2518,1,3.9,10.89,0.72
2219,2,12.5,8.39,0.92
2933,1,16.6,9.85,0.88
2091,2,21.8,9.55,0.67
948,2,13.2,4.01,0.66
2754,5,10.3,9.22,0.49
1376,5,13.5,7.34,0.77
2437,4,11.2,7.44,0.6
2901,6,20.8,9.16,0.66
2119,3,14.4,8.86,0.72
752,4,16.8,7.34,0.66
1157,0,8.6,7.38,0.67
2725,1,10.9,8.27,0.68
1681,2,9.9,8.34,0.79
1855,3,11.0,8.26,0.54
2331,2,2.6,6.37,0.61
1995,0,12.1,9.25,0.75
1653,1,12.5,8.23,0.67
1581,0,9.1,7.67,0.62
2400,3,11.6,9.61,0.76
2187,6,12.4,9.74,0.48
1619,6,13.8,10.26,0.58
2557,4,18.6,7.39,0.45
1709,4,15.9,8.39,0.38
1203,4,12.7,9.66,0.53
1268,1,14.1,7.48,0.43
1114,1,16.8,7.69,0.93
1609,3,14.9,7.19,0.87
2663,2,13.6,7.24,0.68
1236,2,6.8,6.66,0.83
1931,3,15.4,8.75,0.37
1340,2,10.5,7.63,0.69
1617,2,9.9,6.93,0.93
742,0,12.7,5.93,0.86
1645,4,11.7,8.55,0.63
1664,2,5.8,6.99,0.58
2178,2,16.1,9.07,0.79
1956,1,10.3,10.2,1.0
961,1,5.7,6.81,0.69
2558,1,9.4,7.25,0.88
1947,5,15.9,8.84,0.31
1938,1,5.0,6.63,0.77
1793,1,8.1,5.81,0.62
1437,4,12.7,10.62,1.0
1952,3,1.7,7.91,0.51
2132,2,19.0,9.03,0.79
577,3,19.9,6.37,0.91
1422,1,9.9,8.55,0.6
1621,2,11.7,8.62,0.81
1979,5,15.4,9.48,0.95
2635,1,4.7,8.84,0.85
1259,7,19.1,10.93,0.7
1451,4,8.8,7.6,0.76
1441,1,0.0,4.45,0.69
1238,4,12.5,8.49,0.77
1556,2,9.6,8.19,1.0
2339,4,21.1,9.29,0.51
1062,3,8.3,6.87,0.58
2099,5,12.9,9.18,0.48
608,2,8.6,6.92,0.55
1407,5,11.1,8.83,0.61
1569,2,6.1,10.0,0.87
2972,4,9.4,9.9,0.34
1607,4,14.0,10.16,0.57
500,3,7.5,8.22,0.72
500,1,20.6,9.35,1.0
1823,6,14.5,9.67,0.77
2229,3,23.7,10.01,0.69
2062,4,9.8,7.15,0.77
1917,3,2.7,8.26,0.72
2613,0,10.5,6.58,0.56
1422,2,7.3,7.2,0.58
2426,3,7.3,9.69,0.35
657,0,0.0,6.8,0.85
1166,2,8.8,8.43,0.55
535,1,15.7,4.54,0.63
1607,2,11.3,9.16,0.54
1767,3,11.0,6.55,0.66
1879,1,7.7,7.96,0.74
1843,0,15.2,5.44,0.74
1150,5,13.0,7.0,0.8
1666,3,6.9,7.64,0.58
751,3,10.4,6.07,0.79
2754,3,12.2,8.97,1.0
1587,2,7.8,7.78,0.8
1457,4,1.8,6.94,0.68
2912,2,8.9,6.64,0.57
930,2,13.7,6.69,0.68
1012,4,10.2,9.14,0.86
1032,1,6.6,7.23,0.76
1752,3,15.9,8.86,0.72
2102,3,15.4,9.52,0.6
2317,2,8.8,7.25,0.84
3600,3,9.2,6.9,0.44
500,3,3.9,5.28,0.68
2226,4,13.8,7.41,0.47
1410,3,9.8,7.93,0.73
1389,1,18.3,7.33,0.47
1366,2,13.6,9.01,0.88
1163,3,17.3,7.3,0.61
2979,7,11.7,10.16,0.47
2389,2,12.3,7.23,0.52
1816,2,10.6,7.36,0.67
2745,4,10.2,8.86,0.54
741,2,8.4,8.3,0.76
868,1,0.0,7.48,0.89
500,1,15.2,6.11,0.84
1310,1,0.7,4.96,0.35
1913,3,12.1,7.03,0.74
1872,1,12.4,5.65,0.78
1904,3,17.9,9.86,0.4
812,6,23.5,11.21,0.69
2362,4,16.1,9.0,0.8
1967,2,12.1,8.01,0.47
2313,3,19.4,7.82,0.44
500,1,7.2,6.12,0.83
2018,5,10.9,8.64,0.72
968,0,8.3,7.41,0.81
1521,4,8.7,7.82,0.79
2174,6,11.4,9.51,0.43
1863,4,15.0,8.99,0.39
1203,3,11.3,9.58,0.72
1804,1,6.2,5.17,0.97
727,0,8.4,4.28,0.61
2605,1,11.1,7.61,0.46
1656,3,8.9,7.63,0.67
2582,1,12.0,7.42,0.87
1431,2,9.8,6.57,0.72
1433,4,16.6,8.7,0.77
1265,0,9.1,8.34,0.82
2413,5,4.6,10.72,0.61
1303,2,13.4,8.94,0.67
2251,4,15.9,9.71,0.51
1532,2,4.7,6.71,0.74
500,3,9.5,7.8,0.59
1400,6,12.9,8.73,0.31
974,3,8.1,8.79,0.85
1823,3,4.7,7.24,0.5
966,3,15.2,9.72,0.61
2448,4,15.3,9.11,0.76
1736,3,16.0,8.18,0.54
1675,3,10.9,6.14,0.71
2259,0,13.8,5.85,0.8
2474,3,4.2,9.9,0.44
1785,1,11.3,6.51,0.4
1260,0,12.9,8.24,0.61
558,3,7.0,6.73,0.76
1319,3,9.5,7.71,0.75
1367,2,3.7,6.45,0.41
1874,3,15.4,9.39,0.9
1558,2,6.0,7.82,1.0
2281,2,10.4,8.37,0.8
1370,1,6.9,7.45,0.81
1760,1,4.5,6.53,0.4
2628,3,10.0,8.86,0.8
2039,3,13.2,6.14,0.76
1757,3,12.1,7.2,0.72
1378,0,1.4,9.13,0.7
1356,2,12.3,9.73,0.71
1204,0,9.7,6.78,0.73
1421,3,17.0,8.4,0.79
2328,1,3.6,7.66,0.87
1644,2,15.6,7.54,0.67
855,2,6.4,6.1,0.74
3037,1,2.0,6.81,0.77
2023,2,13.4,7.39,0.69
815,5,17.1,8.32,0.5
1490,1,13.6,8.11,0.78
1877,3,7.5,9.11,0.74
2993,4,8.9,9.37,0.63
1024,4,10.0,8.36,0.67
2483,2,9.7,8.3,0.63
2779,3,15.8,7.5,0.64
1359,1,4.0,9.15,0.72
1605,3,13.5,10.18,0.49
1074,3,13.0,7.56,0.58
1657,2,8.1,7.5,0.93
1774,2,14.2,7.59,0.84
2261,4,18.8,9.33,0.64
2563,4,18.3,9.79,0.63
1276,2,9.6,6.69,0.54
500,0,10.5,6.03,0.59
2005,2,8.9,7.11,0.51
1974,4,11.6,9.19,0.78
1571,2,5.0,7.58,0.39
1887,4,6.9,7.43,0.55
2860,7,11.6,11.18,0.52
1538,4,17.0,8.57,0.52
1449,3,3.7,9.86,0.57
1681,5,10.3,8.91,0.37
2945,4,5.0,10.37,0.54
1671,5,13.2,6.9,0.4
1786,0,8.4,9.12,0.72
1462,3,11.2,7.72,0.67
2569,0,15.5,7.36,0.79
3171,3,5.5,6.14,0.85
2115,7,9.2,8.75,0.73
1857,2,6.2,7.04,0.82
1825,2,8.4,5.97,0.59
500,3,18.5,8.06,0.53
2321,3,14.4,9.15,0.55
1893,2,9.7,7.15,1.0
2099,3,17.0,7.08,0.68
1301,4,12.1,7.95,0.77
1530,2,8.1,8.21,0.76
1512,7,17.2,8.73,0.49
2515,3,5.5,8.62,0.82
1534,5,9.4,10.12,0.44
3257,6,23.1,10.84,0.45
2101,1,11.6,9.0,0.59
907,3,15.1,7.46,0.81
1710,2,8.4,7.01,0.87
1343,3,10.7,8.27,0.63
500,3,18.7,8.59,0.5
2919,5,9.5,6.89,0.32
2292,4,14.0,6.63,0.49
2173,2,15.7,8.83,0.54
1915,1,4.3,9.36,0.69
832,2,6.4,5.3,0.83
1461,6,11.6,8.95,0.54
2389,4,12.6,9.45,0.44
1064,3,10.9,7.09,0.47
500,1,5.9,6.2,0.78
1641,2,11.5,7.54,0.74
1700,2,8.5,6.87,0.82
1894,0,6.5,7.1,0.69
2309,3,17.2,11.03,0.6
2246,3,12.3,7.79,0.81
1981,2,13.1,7.13,0.98
2636,3,12.5,7.55,0.81
2153,3,11.5,7.25,0.42
2238,1,5.5,7.73,0.78
932,2,10.6,6.41,0.72
747,2,15.5,7.22,0.52
1277,1,3.1,4.53,0.66
1336,0,4.9,5.39,0.89
2327,2,14.4,8.95,0.54
1369,1,7.7,5.01,0.76
1200,2,5.5,7.1,0.45
1371,2,3.3,5.72,0.62
2583,3,9.6,7.74,0.71
1809,1,9.6,7.04,0.91
1674,2,14.2,8.23,0.41
1722,1,14.5,7.43,0.56
2704,4,11.2,11.58,0.46
1275,1,11.4,8.79,0.58
2720,1,10.7,7.55,0.58
1947,2,10.3,7.23,0.66
1687,1,16.6,5.55,0.64
3550,5,0.0,11.35,0.58
1061,1,0.0,7.89,0.61
1552,4,11.2,8.09,0.9
937,1,11.3,7.5,0.89
2466,4,22.0,10.92,0.63
2968,5,16.1,9.0,0.51
2656,0,7.9,5.86,0.71
1661,1,13.6,8.47,0.78
1544,1,5.6,7.92,0.63
630,5,13.6,8.67,0.6
3225,4,6.7,8.66,0.71
2128,1,6.2,7.14,0.9
1455,3,6.2,9.46,0.67
2729,3,8.6,9.43,0.83
1119,3,10.4,5.45,0.62
2084,2,11.7,8.28,0.47
1679,3,21.5,7.83,0.58
2247,3,16.8,9.05,0.61
1755,5,16.4,9.51,0.73
784,2,0.8,4.91,0.63
1852,5,9.1,7.39,0.53
2534,2,10.8,7.79,0.62
1779,4,18.9,10.97,0.87
2342,3,10.5,6.81,0.72
1068,1,11.6,7.75,0.74
1781,0,1.5,7.75,0.63
1362,5,9.6,5.97,0.57
2322,2,9.1,8.3,0.37
1822,2,0.2,9.78,0.8
2283,4,15.8,10.27,0.5
2561,5,18.7,11.62,0.29
2284,1,12.8,9.25,0.64
1991,0,0.0,4.22,1.0
1101,3,11.0,7.67,0.74
1798,6,10.9,9.36,0.6
1426,0,4.8,6.9,0.72
1559,6,1.7,7.73,0.32
1537,0,11.5,6.33,0.79
1114,2,16.4,8.74,0.59
500,1,0.0,6.23,0.75
1332,1,3.4,8.29,1.0
1935,2,12.2,8.04,0.63
856,6,14.5,8.96,0.27
1810,2,10.2,8.99,0.66
3130,4,10.0,7.33,0.52
2516,1,12.2,9.18,0.59
2950,4,6.4,9.02,0.75
2073,1,12.8,8.3,0.77
2617,3,11.6,6.72,0.78
1293,4,12.3,7.46,0.36
1348,4,21.4,10.61,0.63
500,4,13.2,6.5,0.79
2630,4,12.9,9.72,0.52
2878,2,7.9,7.73,0.47
1412,4,10.8,9.47,0.32
1622,2,18.1,9.12,0.43
1272,2,17.2,6.45,0.73
2067,0,7.1,7.52,0.61
2587,3,22.3,7.7,0.72
580,1,6.6,7.78,0.73
2086,1,11.8,10.06,0.69
1606,2,12.3,6.43,0.73
1879,5,10.6,9.53,0.6
2121,7,18.4,9.75,0.8
1668,0,4.2,7.16,0.95
1727,4,19.1,8.49,0.47
1650,5,15.3,9.67,0.71
2479,4,12.0,9.55,0.61
2093,3,10.6,9.8,0.81
1954,5,16.0,11.21,0.56
910,1,0.0,4.77,0.69
1534,2,14.1,7.19,0.53
2429,4,11.3,8.91,0.64
1826,4,8.0,7.07,0.68
2261,4,9.5,8.27,0.51
3036,7,18.0,10.96,0.36
2527,4,9.4,6.97,0.64
1865,1,7.3,9.51,0.79
1442,0,16.6,8.4,0.92
500,2,6.1,5.34,0.58
1682,4,4.6,9.7,0.67
1571,3,9.5,8.75,0.88
2073,3,7.3,7.0,0.77
1692,4,18.6,8.3,0.73
1575,2,6.3,5.98,0.93
554,7,10.3,8.42,0.49
1142,2,15.3,8.44,0.68
2133,3,9.1,7.7,0.42
3001,4,20.0,9.66,0.63
1731,0,5.3,6.9,0.53
2029,5,4.8,9.87,0.59
2466,1,3.2,7.37,0.59
1232,6,2.4,10.63,0.53
2056,1,0.0,7.59,0.61
1281,2,10.3,7.16,0.74
2405,3,14.9,7.92,0.79
1905,1,15.0,6.53,0.55
2008,1,10.1,7.42,0.64
1252,1,13.9,7.22,0.96
2294,1,6.5,6.86,0.66
3259,3,14.1,7.5,0.79
1094,2,0.8,5.97,0.63
1562,3,9.3,7.1,0.46
1962,3,17.5,8.81,0.43
2350,2,7.6,10.6,0.67
1408,4,11.7,8.8,0.8
500,3,17.8,7.62,0.6
2751,2,12.2,9.03,0.58
2332,4,5.2,7.48,0.44
579,3,16.8,7.48,0.85
1374,2,16.5,9.1,0.42
2897,4,7.8,10.6,0.71
2813,3,18.1,9.54,0.7
2457,4,13.9,6.83,0.68
1676,3,12.0,7.69,0.74
1858,1,1.5,5.19,0.55
1708,3,16.1,8.43,0.62
2589,3,14.7,8.13,0.55
1186,2,14.4,8.1,0.78
1235,3,14.6,8.23,0.67
2507,2,11.3,9.77,0.59
1768,5,11.2,9.89,0.79
2764,1,14.8,9.25,0.73
1329,2,0.5,5.89,0.88
1761,4,19.5,7.8,0.62
1154,1,10.2,6.15,0.82
1805,3,5.6,5.9,0.55
765,4,9.0,7.64,0.34
1458,2,8.2,6.4,0.72
794,1,16.6,8.2,0.68
2285,2,9.4,6.9,0.59
2301,4,16.0,8.69,0.67
588,5,21.4,8.56,0.81
2733,2,12.9,9.79,0.64
3548,1,6.4,5.63,0.52
1832,5,13.1,9.56,0.65
1351,4,7.7,9.11,0.43
876,2,4.3,6.62,0.6
1814,5,8.8,9.33,0.63
1925,3,14.0,7.72,0.74
2741,4,8.8,8.26,0.68
2051,2,10.4,7.41,0.67
1450,2,4.3,7.06,0.49
1134,3,17.7,6.61,0.67
1560,2,11.0,7.04,0.71
1095,3,18.1,7.8,0.58
1833,3,10.8,7.34,0.66
1405,4,8.4,7.6,0.59
754,1,6.1,5.1,0.55
2678,4,11.6,8.53,0.7
912,2,8.5,7.62,0.7
1682,0,9.2,6.98,0.77
1847,5,10.7,6.83,0.54
577,1,7.3,6.06,0.73
2032,4,20.0,9.24,0.68
1066,2,7.8,8.15,0.86
2997,5,8.7,8.12,0.71
2166,2,14.2,9.82,0.55
1520,3,0.0,6.55,0.79
1278,1,17.3,7.41,0.93
1726,4,12.0,9.29,0.62
2228,4,13.3,7.95,0.97
1782,5,10.0,10.37,0.53
1647,5,17.3,7.13,0.59
1840,3,8.1,9.92,0.68
1377,3,13.0,7.64,0.75
1559,3,15.9,6.07,0.8
500,4,18.0,7.32,0.92
2481,3,14.1,7.23,0.82
2009,3,10.1,8.82,0.61
1258,3,23.6,7.02,0.7
3129,6,12.1,9.43,0.62
1860,1,9.8,8.54,0.92
1074,3,2.9,7.1,0.88
2399,3,9.9,9.01,0.6
2078,1,7.2,8.98,0.71
2076,4,11.5,8.2,0.43
1501,2,7.7,7.28,0.79
2115,6,16.0,9.39,0.47
1616,4,19.2,7.74,0.49
2189,4,3.4,6.81,0.47
500,3,21.2,7.99,0.58
1496,1,11.5,9.1,0.72
3005,5,15.3,11.01,0.61
1377,4,16.0,6.81,0.61
1486,4,11.3,8.77,0.57
949,4,17.8,8.67,0.78
500,5,19.8,9.44,0.8
1638,3,9.9,7.96,0.75
1895,2,6.1,9.16,0.9
1763,4,8.7,8.78,0.76
1698,2,9.4,6.87,0.59
1830,4,17.0,8.8,0.62
2515,2,9.9,6.84,0.76
1666,3,3.2,6.99,0.96
1398,3,3.7,6.2,0.7
1603,3,11.4,6.84,0.7
2205,2,13.4,9.53,0.57
2788,0,4.8,6.73,0.5
1360,4,5.9,8.11,0.5
1869,4,17.5,10.51,0.51
2036,2,0.0,7.11,0.77
1105,1,14.7,5.13,0.75
1814,1,15.4,8.5,0.66
774,3,17.5,8.5,0.74
561,2,13.3,8.76,0.68
2056,3,14.7,7.39,0.77
1531,0,12.5,5.13,0.59
1941,1,12.1,6.86,0.63
1787,3,5.8,6.36,0.56
1116,2,10.6,7.29,0.98
1768,1,5.2,7.04,0.47
936,4,16.5,6.93,0.64
2773,2,9.6,7.28,0.58
850,0,2.3,5.48,0.8
1662,5,20.2,8.66,0.63
1070,1,20.1,8.35,0.85
2199,4,8.7,9.1,0.44
1567,2,5.7,6.29,0.67
1436,2,4.2,5.62,0.43
2397,4,4.0,4.56,0.7
1820,3,13.8,8.63,0.67
2161,5,15.5,10.95,0.79
1113,3,7.3,6.84,0.61
816,3,13.3,7.68,0.77
1875,1,3.5,6.3,0.82
1576,1,12.8,6.81,0.68
2238,4,18.9,9.09,0.49
1744,2,13.0,7.28,0.59
1943,2,11.9,7.96,0.61
3121,2,13.9,9.06,0.67
1685,5,24.1,11.13,0.71
2288,3,12.5,7.13,0.64
1214,4,9.7,7.95,0.6
2015,4,10.0,8.37,0.41
888,1,8.9,4.79,0.65
2116,2,14.6,9.01,0.88
1550,4,19.2,9.61,0.48
1820,3,12.6,10.01,0.42
2288,1,10.8,9.01,0.89
937,5,12.4,8.61,0.56
1320,3,13.0,7.29,0.66
2120,4,12.4,8.64,0.93
3268,3,12.2,9.13,0.72
1703,2,6.7,7.02,0.78
2213,3,9.0,9.45,0.46
1725,5,18.4,11.0,0.79
3159,1,2.3,8.16,0.54
576,2,11.7,5.74,0.35
1866,2,13.7,7.46,0.76
662,3,8.5,7.73,0.68
500,2,4.9,8.89,0.77
2008,3,5.2,7.07,0.53
1897,1,9.2,7.01,0.61
1600,1,14.2,8.25,0.59
1725,4,17.1,9.81,0.87
1619,1,12.9,5.84,0.61
2157,3,7.2,8.08,0.65
2006,5,14.6,9.18,0.54
1633,6,8.8,6.64,0.26
1512,3,5.2,7.71,0.59
3073,2,6.8,7.51,0.27
2624,5,14.3,9.33,0.57
1895,2,7.2,7.63,0.5
500,4,13.8,11.36,0.44
1547,2,8.6,5.77,0.61
3692,3,3.0,10.0,0.54
1638,2,16.5,6.75,0.87
2572,1,14.5,7.35,0.57
2809,1,17.6,7.77,0.76
1953,3,15.3,7.74,0.4
1210,5,14.1,8.78,0.54
500,2,9.1,7.88,0.62
2278,5,19.3,8.24,0.65
1229,3,11.2,6.86,0.67
1923,2,13.0,7.36,0.63
925,3,8.5,7.71,0.64
1614,5,16.0,9.5,0.77
1823,1,12.8,9.79,0.6
1988,3,13.9,9.67,0.64
1019,4,12.0,9.12,0.62
2637,2,8.9,5.84,0.9
1382,3,16.0,8.14,0.77
627,2,12.4,8.81,0.59
1723,1,8.9,9.04,0.55
1824,5,18.7,8.6,0.58
1912,3,6.6,6.64,0.47
2753,3,4.4,7.54,0.77
1634,3,20.0,10.28,0.89
1716,1,0.8,6.68,0.72
1027,3,17.4,7.97,0.69
2374,5,18.8,8.04,0.74
1929,4,17.5,8.83,0.61
1505,1,11.7,9.06,0.85
500,2,11.8,7.97,0.54
2811,1,7.8,7.26,0.96
940,5,19.2,5.77,0.74
1386,2,8.5,7.42,0.84
2050,2,2.4,7.55,0.86
962,2,7.9,5.79,0.71
754,3,9.2,8.57,0.7
500,1,12.5,7.25,0.47
2304,1,10.9,6.63,0.78
1418,3,2.7,5.65,0.69
1103,4,14.7,9.09,0.8
1154,1,2.4,5.43,0.53
1404,4,15.1,7.12,0.64
1970,2,6.4,7.47,0.63
1470,1,2.8,7.38,0.83
2228,0,18.6,6.7,0.88
1114,0,6.5,6.34,0.97
832,4,17.4,9.46,0.69
541,0,0.0,6.42,0.72
500,1,10.7,6.74,0.86
1437,4,7.0,8.02,0.62
1589,4,16.9,7.59,0.52
1357,2,6.9,6.71,0.61
2670,2,4.5,8.6,0.62
2659,3,5.5,6.0,1.0
1565,5,17.1,10.22,0.84
544,0,0.1,5.95,0.6
1403,2,6.2,5.91,0.88
1380,3,16.7,6.88,0.74
1340,1,11.8,7.35,0.57
1311,1,15.3,7.33,0.56
1529,0,15.6,6.97,0.46
1355,4,10.5,9.72,0.95
1945,0,12.1,7.07,0.75
2052,5,10.9,9.83,0.85
1162,3,6.2,8.76,0.49
2689,2,9.2,8.11,0.82
1113,1,10.3,6.64,0.89
667,1,0.4,9.58,0.77
2066,1,10.5,8.86,0.98
1227,0,5.2,5.86,0.74
2024,1,12.2,8.03,0.82
500,2,9.3,7.09,0.62
2774,2,13.3,8.94,0.78
2270,2,12.8,8.54,0.77
749,1,10.0,4.03,0.9
764,3,10.8,5.72,0.7
2970,3,17.3,9.26,0.79
1283,2,10.0,8.06,0.53
1216,2,5.2,6.53,0.81
500,1,2.9,5.39,0.81
1554,3,14.7,6.7,0.67
1640,2,12.1,5.08,0.36
2300,5,20.4,10.41,0.82
820,2,18.0,7.53,0.64
735,3,13.8,8.46,0.47
2115,1,5.6,9.16,0.67
2504,1,12.0,6.66,0.62
700,0,13.3,6.22,0.73
2557,3,4.8,7.18,0.54
1826,2,8.6,5.61,0.82
2564,5,0.0,8.45,0.54
1750,4,15.5,10.15,0.66
500,0,15.8,5.26,0.57
1693,4,16.6,9.06,0.98
2542,3,3.3,6.67,0.61
1174,3,6.3,6.69,0.69
1528,6,15.8,9.79,0.48
1676,3,14.8,10.37,0.78
500,1,16.4,8.57,0.93
2969,3,13.4,8.82,0.76
1169,2,3.5,6.05,0.9
2154,3,10.1,8.39,0.74
1739,1,7.2,5.2,0.83
2680,2,11.4,8.97,0.73
2084,3,15.1,8.2,0.71
1635,4,5.2,9.94,0.78
1174,2,12.4,8.19,0.83
2358,2,3.0,7.57,0.52
500,2,10.9,8.19,0.86
2252,2,18.2,6.64,0.8
1030,2,11.1,5.31,0.59
2676,3,4.1,9.4,0.6
1912,4,17.2,8.52,0.83
2250,1,4.2,6.32,0.92
1857,3,18.3,9.64,0.6
573,3,8.0,9.16,0.82
1197,3,5.4,6.56,0.66
2270,1,17.9,7.62,0.82
1916,4,12.7,9.83,0.79
2626,3,9.9,7.99,0.73
2082,4,13.6,7.94,0.82
1123,1,2.5,4.77,0.92
1242,5,15.1,8.24,0.69
1872,3,13.8,8.46,0.61
500,3,1.4,4.81,0.9
2971,3,17.0,8.03,0.38
2109,3,8.3,9.07,0.63
2658,4,12.3,8.39,0.64
693,2,8.1,8.54,0.56
2671,2,16.4,8.5,0.73
875,1,9.5,5.97,0.78
2339,2,10.4,9.93,0.62
1800,4,14.3,8.87,0.64
718,2,14.5,6.97,0.47
2145,2,14.2,8.61,0.69
2383,4,13.1,8.0,0.83
1379,1,12.7,7.6,0.82
2616,2,12.0,8.67,0.74
633,5,3.1,9.65,0.69
753,3,2.9,8.6,0.68
1895,1,14.0,9.49,0.81
1817,1,9.7,7.05,0.77
1298,2,9.4,8.48,0.78
2366,2,6.6,6.93,0.51
2171,2,14.2,8.14,0.61
2400,3,9.9,9.75,0.62
1713,1,0.0,6.33,0.58
2221,1,0.0,8.09,0.84
1488,4,14.0,8.51,0.65
3237,2,6.0,8.09,0.53
1231,4,6.8,8.19,0.65
3273,5,13.5,9.31,0.45
1824,6,17.1,9.5,0.52
837,1,15.3,5.56,0.75
2757,1,9.3,8.26,0.88
1888,3,15.2,9.77,0.88
2395,2,3.1,5.83,0.77
2656,1,15.5,9.95,0.58
2036,1,0.0,7.7,0.65
1385,4,14.7,8.08,0.91
2482,1,5.8,6.54,0.43
1800,4,11.5,10.17,0.39
2280,2,8.1,7.19,0.82
500,1,7.1,8.55,0.66
2112,6,13.7,10.22,0.76
1352,1,17.5,7.71,0.6
2957,7,21.9,11.11,0.52
2236,5,17.0,8.62,0.72
1967,6,13.6,9.62,0.48
2140,5,15.5,11.04,0.45
1101,1,5.8,5.37,0.49
2936,2,12.1,9.63,0.58
3193,1,8.7,8.63,0.89
2075,4,15.3,7.98,0.67
2913,4,10.5,9.77,0.83
1401,4,17.7,9.0,0.69
1242,1,9.5,7.0,0.76
1828,2,9.4,9.72,0.54
2104,4,16.6,9.13,0.47
1524,0,16.1,7.2,0.83
2176,3,11.7,9.14,0.46
2014,3,10.7,10.37,0.81
1101,1,11.3,7.34,0.76
2163,3,9.3,7.49,0.83
2404,1,3.7,6.09,0.68
1920,6,11.9,10.23,0.42
2606,2,16.8,8.38,0.85
947,4,10.3,6.89,0.64
2127,2,11.6,6.17,0.67
980,4,4.5,8.28,0.85
1020,1,3.6,5.29,1.0
1358,0,13.3,8.37,0.45
1140,2,12.6,7.35,0.62
1416,3,12.3,6.7,0.6
1650,2,3.9,6.41,0.49
2386,2,11.3,10.14,0.77
1575,1,9.8,6.94,0.6
690,2,10.6,5.43,0.63
2598,2,6.5,9.38,0.57
1214,3,15.2,7.86,0.62
1758,1,5.3,7.33,0.43
2112,3,10.3,7.83,0.41
1939,4,2.5,7.64,0.3
2565,1,8.9,6.1,0.74
2135,0,2.2,6.51,0.98
1197,7,17.3,10.59,0.62
3324,3,11.8,7.72,0.71
1936,2,10.4,6.44,0.66
1696,6,9.3,8.98,0.61
2474,2,3.0,8.05,0.73
1974,1,8.9,7.41,0.65
2079,1,0.6,5.47,0.53
3544,4,19.0,9.51,0.85
1607,2,11.8,6.76,0.48
1577,2,14.6,9.76,0.5
1881,4,17.6,7.55,0.63
2550,4,14.4,8.15,0.7
745,0,7.6,6.28,0.81
500,3,11.0,8.09,0.8
1389,2,16.8,6.1,0.71
656,3,8.8,6.03,0.82
1502,3,10.9,7.31,0.5
2151,3,6.8,7.43,0.89
1176,2,7.3,7.37,0.49
801,0,5.8,7.26,0.55
1848,1,8.3,6.22,0.7
2403,4,12.1,9.14,0.71
613,4,13.3,8.14,0.76
2374,4,14.3,9.94,0.38
2372,2,11.1,9.61,0.71
2467,4,20.3,9.5,0.53
2652,2,10.1,6.3,0.61
3341,4,13.1,9.57,0.95
1550,3,15.0,6.14,0.75
1876,3,5.8,6.95,0.58
1508,2,9.3,8.72,0.72
1801,4,14.6,8.11,0.33
2873,3,13.8,7.58,0.5
858,2,8.2,7.28,0.63
1197,4,14.1,8.04,0.62
2764,2,3.6,6.84,0.67
2514,4,18.1,8.76,0.7
1545,3,14.0,7.07,0.64
2398,1,9.1,6.7,0.76
2038,1,10.5,7.1,0.67
2850,5,10.5,8.85,0.55
1852,1,15.8,8.57,0.79
2517,3,20.3,11.74,0.58
3649,4,4.9,9.94,0.76
2218,1,12.4,6.98,0.74
1834,2,14.1,8.64,0.7
2305,1,11.5,8.94,1.0
1544,0,3.4,7.83,0.58
3471,1,6.4,6.95,0.94
1926,0,0.0,6.09,0.71
1608,3,6.0,7.33,0.65
1215,2,19.7,9.65,0.73
2568,4,5.7,7.59,0.63
2407,6,21.4,8.38,0.5
1451,3,13.8,8.37,0.59
2203,3,9.9,10.42,0.86
744,2,9.9,8.61,0.63
1929,3,17.3,10.34,0.67
2116,0,2.0,6.37,0.41
2995,4,10.7,9.75,0.69
1260,5,17.5,8.19,0.67
905,5,11.5,8.54,0.44
1173,3,20.0,7.94,0.91
864,6,17.9,10.48,0.58
2735,7,12.2,11.26,0.66
2884,2,13.2,7.53,0.53
2024,4,11.3,8.27,0.73
2654,2,3.6,5.68,0.6
1893,2,16.6,9.45,0.62
1733,2,2.6,8.21,0.59
1566,2,15.7,7.92,0.73
1582,2,8.8,8.39,0.85
716,3,19.7,6.68,0.79
1984,6,17.1,7.91,0.51
1771,2,12.6,8.32,0.52
2321,3,11.7,9.37,0.49
1865,1,6.5,5.68,0.76
1686,1,12.5,6.68,0.57
1190,1,7.9,6.49,0.69
1850,1,6.9,7.19,0.86
2316,4,10.9,8.73,0.48
999,0,7.4,4.69,0.99
1861,4,17.4,9.04,0.73
1963,3,8.0,7.38,0.6
1297,3,6.5,9.02,0.71
1388,2,11.8,8.95,0.79
1961,2,10.1,6.04,0.85
1006,1,9.1,8.51,0.47
2044,2,15.2,8.73,0.73
1173,4,10.9,9.87,0.53
2543,3,14.3,6.9,0.87
3436,5,21.5,10.1,0.56
1197,4,13.5,9.27,0.75
2173,1,9.6,8.06,1.0
1291,2,4.0,7.08,0.46
2528,2,16.4,9.02,0.72
914,1,5.9,7.58,0.93
2136,3,14.4,8.7,0.76
1188,2,16.1,8.51,0.92
1655,7,24.1,9.8,0.52
1078,0,0.0,7.27,0.88
2375,1,8.7,7.98,1.0
1214,2,17.6,6.73,0.74
2186,2,12.6,9.79,1.0
1559,4,10.7,8.29,0.61
1719,2,8.1,8.41,0.7
1903,2,8.7,8.21,0.65
1266,2,17.9,7.88,0.81
1947,4,3.5,8.48,0.55
2871,3,9.8,8.45,0.77
1255,4,14.5,9.45,0.49
2620,1,7.1,4.82,0.84
2848,3,18.7,11.18,0.73
1228,2,6.9,7.66,0.83
781,3,14.0,7.48,0.35
2011,2,9.4,7.15,0.59
1416,1,5.5,7.59,0.93
3108,6,12.5,11.73,0.37
1824,2,13.6,9.99,0.72
1238,1,10.2,5.55,0.78
996,1,4.3,9.1,0.69
2562,3,20.0,10.04,0.68
1400,5,15.5,7.73,0.44
1830,5,7.3,8.2,0.62
2469,4,6.7,9.36,0.58
1461,1,6.2,7.86,0.83
1767,3,21.5,7.52,0.82
1788,0,6.3,7.95,0.69
2213,1,7.6,7.76,0.73
1645,4,6.2,7.05,0.46
1844,2,3.1,7.68,0.64
1539,1,3.7,6.52,0.6
765,3,12.0,6.39,0.72
1980,2,8.1,5.44,0.55
3124,4,11.1,8.38,0.64
1181,4,15.8,6.37,0.73
1258,2,15.7,7.86,0.55
1190,5,8.0,10.01,0.8
2307,2,4.7,8.53,0.94
2113,4,6.7,10.47,0.46
1689,6,7.5,8.26,0.51
1157,2,13.0,9.34,0.59
1864,5,11.0,7.85,0.62
704,3,5.7,7.72,0.56
1900,6,13.0,7.8,0.71
2410,5,12.1,8.59,0.51
924,3,14.8,8.51,0.79
727,3,14.3,7.4,0.58
2905,7,11.4,9.44,0.72
1371,4,12.8,6.35,0.75
2595,1,5.5,8.36,0.64
1692,5,11.2,7.12,0.69
1686,3,0.8,9.34,0.51
2106,1,1.9,7.98,0.84
1181,0,0.8,6.2,0.7
1892,2,8.5,7.16,0.68
1532,1,7.4,7.72,0.62
875,4,14.6,7.56,0.78
2036,3,13.2,6.66,0.82
1615,4,13.9,8.31,0.5
1690,2,17.0,7.82,0.47
952,1,3.7,5.86,0.62
2913,1,5.9,8.3,0.74
2413,2,16.7,5.69,0.51
2474,2,8.6,7.11,0.51
1586,2,10.3,6.25,0.53
589,3,12.3,5.46,0.47
3167,3,4.2,8.19,0.74
1757,2,6.5,8.33,0.68
1275,2,6.1,9.3,0.87
2091,2,17.2,10.29,0.52
2616,3,5.0,8.74,0.56
1783,2,5.1,8.2,0.85
2695,3,12.1,8.61,0.66
2558,3,5.7,6.5,0.75
1046,4,12.3,7.75,0.55
1328,2,15.0,4.7,0.69
2470,1,8.4,5.33,0.39
500,0,8.1,6.66,0.95
1695,2,10.4,8.22,0.8
798,1,3.6,5.16,0.42
1466,2,8.4,8.27,0.66
1590,2,9.1,6.96,0.78
1549,3,13.1,5.61,0.73
1413,2,0.2,7.33,0.73
1031,3,19.0,8.15,0.76
3404,4,17.3,10.73,0.6
3107,4,14.7,10.31,0.56
2907,4,5.1,9.35,0.55
1520,2,9.9,6.18,0.77
1890,3,13.6,8.69,0.68
1755,4,6.2,8.39,0.7
1338,6,19.1,9.46,0.7
2488,1,0.3,6.0,0.94
1888,6,24.2,10.79,0.58
1466,3,11.9,10.24,0.59
886,1,8.6,6.45,0.67
1174,1,11.5,7.18,0.84
651,3,5.3,8.37,0.64
1808,2,17.3,7.16,0.8
962,0,11.7,7.27,0.76
1614,5,20.5,9.46,0.8
2759,3,11.3,10.07,0.7
2639,1,1.1,8.38,0.62
1777,2,3.5,7.38,0.88
1739,2,15.6,8.24,0.59
3115,4,12.0,8.82,0.51
2164,2,14.2,7.94,0.77
1570,2,17.5,9.6,0.56
801,4,17.9,9.96,0.67
2075,4,16.7,8.01,0.64
1357,5,25.0,8.44,0.92
2003,5,9.3,8.65,0.69
1545,1,13.3,8.99,0.69
1671,4,14.5,9.74,1.0
500,1,12.0,5.14,0.86
1644,4,6.2,8.9,0.59
2478,4,22.2,9.43,0.87
1358,0,0.0,7.63,0.47
1836,1,0.0,7.8,0.71
1270,4,3.8,9.08,0.57
2052,4,18.0,8.64,0.65
1648,4,3.4,8.77,0.67
1142,4,8.3,7.25,0.58
2732,6,15.1,9.4,0.71
2450,4,15.2,7.92,0.8
1376,1,7.0,6.35,0.53
2148,6,23.1,11.22,0.37
2176,5,11.7,9.89,0.85
2249,3,16.0,10.01,0.6
614,2,18.5,7.61,0.44
2504,1,8.2,5.38,0.7
1401,2,6.4,7.65,0.75
1549,1,2.9,8.84,0.81
3646,4,13.7,10.03,0.71
2011,1,14.2,8.79,0.71
1529,3,11.7,9.27,0.45
500,0,7.1,5.25,0.75
2772,3,1.1,7.4,0.76
858,2,11.1,7.74,0.86
1097,0,6.4,7.27,0.81
1568,1,8.8,5.75,0.91
2791,7,14.2,10.04,0.38
2341,1,16.3,8.86,0.73
1689,5,14.9,7.58,0.56
2015,4,13.3,8.55,0.91
1379,5,20.3,7.09,0.73
1897,4,14.1,9.74,1.0
1851,2,15.2,6.14,0.73
2478,2,14.5,8.01,0.81
2477,1,11.8,8.78,0.77
2145,4,11.3,7.95,0.46
1546,3,13.0,7.05,0.61
2319,1,10.7,10.26,0.74
1735,2,20.2,7.7,0.49
1042,3,11.1,9.63,0.66
1517,3,13.6,10.43,0.47
1859,2,8.6,7.83,1.0
2437,2,9.2,6.58,0.86
1671,4,11.0,7.59,0.71
953,3,6.0,7.34,0.8
1839,5,15.9,6.26,0.81
1879,4,10.2,8.93,0.85
1930,4,17.6,8.85,0.67
2443,3,17.3,9.3,0.64
2513,2,9.7,9.27,0.75
1384,1,12.7,8.83,0.74
1368,4,0.7,8.01,0.44
1071,2,9.9,6.98,0.42
2289,3,10.0,6.58,0.81
2814,3,17.3,8.33,0.8
1579,0,5.8,7.69,0.74
1630,2,15.1,7.58,0.54
2826,3,15.8,8.77,0.57
2153,2,0.0,7.51,0.78
2105,3,13.2,8.5,0.62
966,1,17.6,8.59,0.54
2275,2,13.8,8.82,0.74
1149,1,8.8,6.63,0.63
1006,2,4.7,7.66,0.81
1557,3,7.0,7.52,0.7
1389,1,13.7,4.57,0.88
1644,5,1.0,5.8,0.51
791,1,11.8,4.61,0.92
2471,5,14.7,6.97,0.43
2589,3,10.7,8.16,0.62
500,5,14.5,8.53,0.45
2484,5,9.5,9.26,0.41
1232,2,14.9,4.75,0.55
2399,4,12.6,8.56,0.48
1752,5,15.9,9.08,0.92
1820,2,4.5,6.82,0.64
1670,1,5.4,4.31,0.76
2648,1,10.7,10.22,0.66
932,2,20.9,7.84,0.71
2225,1,11.9,8.63,0.75
2570,3,20.1,9.37,0.51
2301,1,20.0,6.16,0.72
3427,5,13.0,10.19,0.37
1429,1,15.6,7.08,0.65
2470,3,11.7,9.08,0.71
1725,4,9.2,9.88,0.77
2663,6,21.7,10.93,0.45
1794,2,10.4,6.3,0.89
1528,2,9.3,7.05,0.86
2714,2,15.8,7.22,0.59
1455,2,7.8,7.08,0.54
811,1,6.8,6.03,0.63
1438,0,11.7,6.9,0.51
2233,3,14.9,7.11,0.48
2774,3,13.4,7.6,0.47
1877,1,12.5,8.06,0.77
2722,3,18.5,10.6,0.75
849,3,8.2,9.3,0.97
1489,3,16.1,8.4,0.8
1597,3,15.5,7.89,0.66
1858,2,17.4,7.73,0.89
2283,3,9.9,8.72,0.48
1488,1,11.4,8.9,0.73
1897,2,11.9,8.56,0.51
1768,4,24.7,7.98,0.72
1151,2,15.0,8.49,0.89
1720,0,7.0,8.14,0.52
1699,2,9.7,6.48,0.98
1684,0,5.9,5.92,0.61
1822,2,8.6,9.34,0.58
1852,0,16.5,8.76,0.77
1497,3,11.4,8.76,0.49
2690,5,21.4,8.76,0.91
981,4,14.7,7.67,0.39
1295,3,6.7,8.82,0.54
1073,2,8.1,9.06,0.83
852,3,17.0,9.65,0.55
2314,3,13.4,9.85,0.78
500,3,2.7,6.89,0.69
1635,3,8.7,7.35,0.65
3302,2,10.8,8.34,0.48
718,1,10.2,5.08,0.63
500,2,2.9,6.09,0.58
750,1,4.7,7.06,0.53
2428,4,12.2,9.01,0.54
2587,2,4.7,9.14,0.82
1441,5,8.0,10.8,0.58
2278,1,7.7,8.15,0.81
2773,1,14.0,9.07,0.65
3051,5,14.7,8.09,0.54
1627,5,10.1,8.74,0.73
500,1,10.1,8.29,0.71
1225,3,8.6,5.44,0.41
1501,3,14.1,8.89,0.64
1618,3,7.3,7.66,0.58
1668,2,7.1,8.16,0.71
2583,3,11.6,7.34,0.82
1679,3,15.7,8.92,0.55
2568,2,13.6,8.92,0.59
2050,1,19.7,8.93,0.7
1845,3,13.2,8.97,0.8
2434,4,14.6,8.36,0.37
1850,3,11.0,9.67,0.6
3240,3,7.7,8.21,0.67
793,2,10.2,9.29,0.87
1439,5,14.0,9.15,0.73
1711,2,9.5,8.51,0.82
2687,6,22.3,9.98,0.75
1782,3,6.0,9.63,0.78
804,1,6.2,7.85,0.82
2389,5,10.4,8.92,0.66
500,2,16.3,8.62,0.75
1797,2,9.6,7.29,0.75
686,3,8.1,6.78,0.62
1334,1,8.3,5.71,0.88
1168,5,22.1,9.8,0.61
2366,5,4.7,9.71,0.53
1881,0,8.2,4.36,0.76
900,1,7.9,7.58,0.65
2416,1,5.4,8.09,0.77
796,2,12.7,7.27,0.75
2031,2,9.9,9.08,0.58
1230,3,7.0,6.61,0.74
1544,2,19.1,6.46,0.37
2152,3,6.4,8.18,0.79
2165,4,13.0,9.64,0.72
2735,2,10.8,9.29,0.63
1742,2,13.1,8.23,0.53
2014,3,10.1,8.69,0.63
1493,7,13.0,9.1,0.46
1927,0,13.6,8.27,0.82
2107,0,4.4,6.74,1.0
1731,3,1.7,7.63,0.73
537,4,11.9,5.28,0.64
2032,2,16.4,7.81,0.86
2055,2,12.1,7.53,0.71
1323,3,7.4,7.83,0.61
900,2,12.8,5.77,0.51
2833,5,13.2,8.06,0.43
2144,1,9.1,7.07,0.67
1639,1,4.3,8.05,0.55
1004,5,16.4,9.45,0.69
1224,3,13.0,6.92,0.67
2711,2,6.2,6.69,0.59
1896,6,20.5,9.62,0.76
1414,5,14.7,10.02,0.65
2156,1,15.3,7.88,0.83
1229,1,4.1,9.51,0.8
2850,5,19.2,9.34,0.52
2746,3,11.8,7.74,0.64
1473,0,9.0,8.18,1.0
1359,3,19.6,9.74,0.42
500,1,10.1,4.16,0.84
762,1,8.6,5.58,0.59
862,1,10.2,5.77,0.75
1894,3,15.6,7.23,0.76
1571,3,9.4,7.59,0.65
858,1,3.6,8.14,0.79
2153,5,13.3,11.29,0.61
2169,1,6.5,7.94,0.82
500,0,6.2,7.37,0.57
1710,0,10.9,6.74,0.69
831,2,12.5,9.22,0.78
2431,3,4.2,8.76,0.68
2348,3,12.6,8.06,0.83
1171,2,17.5,9.21,0.57
1263,2,9.7,7.54,0.73
1477,4,9.7,9.65,0.59
500,2,21.4,6.53,0.84
2035,2,11.5,6.27,0.62
1609,5,13.7,8.54,0.57
2479,2,13.8,9.57,0.77
1031,2,7.9,5.3,0.5
1366,4,10.6,8.42,0.81
745,3,11.3,8.17,0.39
1096,2,16.1,9.56,0.53
972,3,18.5,8.92,0.62
2497,5,12.9,9.07,0.3
1311,2,5.1,7.8,0.52
1886,4,11.7,9.13,0.75
1533,5,12.5,9.06,0.49
911,3,8.1,7.61,0.51
1682,1,12.4,6.06,0.72
2219,3,19.1,7.77,0.73
954,3,18.0,7.84,0.57
2366,2,10.0,10.51,0.75
1205,3,6.9,7.41,0.8
1461,0,13.0,6.84,0.64
2171,2,7.3,6.7,0.85
1335,1,1.3,7.71,0.86
1826,4,19.7,10.22,0.83
1579,3,7.5,5.29,0.62
1890,6,19.8,7.51,0.68
500,3,9.6,8.67,0.88
519,2,4.2,8.97,0.64
2231,2,6.5,6.85,0.94
2526,3,0.0,8.84,0.68
1162,2,4.1,6.23,0.67
1629,3,15.0,5.91,0.47
2006,1,7.5,6.77,0.82
2285,6,15.5,8.27,0.85
500,2,14.3,9.67,0.48
1179,0,14.6,5.9,0.82
1567,1,14.7,7.57,0.85
2292,5,19.1,10.01,0.5
3548,4,6.8,8.94,0.61
1640,2,2.9,7.14,0.76
815,1,0.1,5.66,0.48
2081,5,14.8,7.5,0.6
2724,5,19.2,11.94,0.41
1875,4,13.4,8.16,0.78
1165,5,15.2,7.39,0.7
2470,2,19.4,8.35,0.61
2264,1,11.5,7.23,0.75
1081,1,7.0,8.59,0.31
2066,0,0.0,5.58,0.84
2498,3,17.9,9.41,0.75
2627,2,9.4,9.55,0.62
1753,1,12.0,6.36,0.98
1549,0,0.0,6.13,0.81
2659,3,14.9,7.75,0.7
952,2,9.9,6.59,0.89
2107,4,2.6,6.75,0.79
840,3,5.5,6.98,0.61
2545,2,5.8,7.83,0.76
1619,2,6.4,6.34,0.88
2688,4,6.6,8.64,0.78
2143,3,10.6,9.21,0.72
943,3,15.0,8.93,0.62
2797,1,11.7,8.46,0.76
2885,5,12.1,8.91,0.52
2417,2,13.8,6.07,0.68
1266,1,22.8,9.8,0.66
1585,2,11.2,8.17,0.63
1901,6,9.0,8.93,0.54
1307,1,9.4,5.53,0.92
2984,6,15.8,10.57,0.47
1901,4,5.1,10.61,0.76
500,3,14.5,6.74,0.64
2037,4,10.3,10.0,0.9
1556,1,14.2,8.49,0.97
1747,3,11.3,7.47,0.62
1541,2,10.0,5.97,0.5
2364,3,16.6,8.68,0.54
2583,3,8.7,9.14,0.97
1998,0,1.8,7.6,0.79
1562,1,9.0,5.18,1.0
1771,1,1.1,8.61,0.99
1813,2,5.9,8.4,0.93
1238,2,15.9,7.69,0.62
2205,6,12.4,10.57,0.76
2122,2,11.8,8.53,0.79
2878,2,0.0,8.62,0.91
2678,3,15.1,7.88,0.54
1320,6,10.8,8.0,0.58
2374,4,9.8,8.87,0.77
1134,0,12.7,6.39,1.0
2287,4,13.7,7.44,0.39
1438,3,10.9,8.51,0.99
1083,4,13.4,8.7,0.6
1996,1,12.1,6.18,0.51
500,3,11.0,8.77,0.46
1675,5,7.3,8.96,0.44
1857,2,5.9,5.36,0.63
1541,1,5.2,6.58,0.91
694,1,2.3,6.06,0.9
1227,4,14.1,7.42,0.72
2073,3,16.2,9.53,0.79
2207,1,10.7,5.59,0.88
1788,1,12.1,4.93,0.9
2609,1,13.3,7.84,0.86
2078,2,9.0,8.03,0.54
1276,5,11.9,9.3,0.63
1603,5,20.1,9.02,0.77
817,4,6.5,7.46,0.31
1724,2,12.0,8.08,0.74
2578,2,11.5,7.96,0.65
2279,2,5.1,8.1,0.54
2781,3,17.8,9.93,0.69
1587,1,15.9,7.72,0.71
2742,4,17.3,11.55,0.5
1664,1,10.6,5.48,0.75
1784,3,12.4,8.61,0.73
2295,3,20.1,7.56,0.83
2832,6,16.1,7.51,0.59
1664,2,9.4,8.89,0.89
1952,5,8.6,9.35,0.73
2702,3,9.1,7.07,0.65
1706,4,10.8,8.52,0.73
875,1,10.8,7.82,0.55
3300,4,20.0,8.07,0.72
1471,0,11.6,6.66,0.84
1911,6,11.6,7.48,0.79
2609,3,9.3,8.27,0.79
1374,1,5.1,7.03,0.67
1094,1,13.8,8.27,0.66
1977,3,18.6,9.05,0.69
544,3,13.8,7.57,0.46
1598,4,13.2,7.68,0.75
1971,4,7.6,9.11,0.64
1611,3,8.7,5.95,0.56
719,1,11.3,7.15,0.8
2915,3,10.7,7.72,0.58
1872,7,14.1,10.98,0.44
2801,2,8.0,9.21,0.47
1617,4,15.7,7.57,0.48
1183,0,9.4,5.07,0.88
1988,3,3.3,8.29,0.75
1648,0,5.6,5.65,0.68
975,2,12.7,7.46,0.79
2828,3,6.6,8.74,0.67
1364,0,3.2,7.52,0.89
511,3,18.4,8.95,0.69
2729,2,21.9,8.76,0.58
1446,0,12.2,5.47,0.77
1374,4,11.4,8.6,0.49
564,0,8.7,6.36,1.0
3018,2,18.4,8.08,0.77
897,2,2.4,4.57,0.69
1840,5,17.9,9.38,0.58
2095,0,10.2,7.84,0.69
1758,2,5.1,7.82,0.6
608,2,12.5,6.32,0.63
1233,1,17.8,6.79,0.68
1931,1,11.3,9.06,0.75
1942,5,22.3,9.49,0.66
2277,3,10.6,7.88,1.0
2473,3,7.7,9.18,0.62
941,4,16.0,6.77,0.57
3337,3,9.2,8.45,0.37
2337,3,1.8,11.16,0.48
1798,3,9.8,8.33,0.68
2562,3,10.9,8.92,0.59
3455,6,21.9,9.82,0.53
792,3,7.5,7.43,0.56
1642,4,18.5,9.9,0.26
500,7,17.4,9.53,0.7
1934,3,4.2,10.33,0.69
2055,3,6.0,7.85,0.68
1772,3,16.0,7.21,0.62
1341,1,6.7,7.79,0.65
500,1,6.3,5.29,0.84
2818,1,13.7,7.77,0.54
1386,1,7.2,8.41,0.8
2108,5,14.0,7.39,0.81
702,1,10.0,6.33,0.76
2120,3,3.4,8.0,0.65
1524,1,13.3,8.01,0.85
1266,1,7.5,6.39,0.43
1267,2,18.8,7.56,0.56
1524,4,14.2,10.32,0.67
2067,2,12.0,8.5,0.54
881,2,10.8,8.74,0.77
1522,5,5.6,10.02,0.53
1770,5,13.0,7.62,0.71
1030,3,10.7,7.49,0.55
1202,4,12.8,9.95,0.45
1331,1,5.7,8.87,0.74
1115,3,10.5,10.45,0.95
3058,4,13.4,11.5,0.51
2187,3,14.6,6.65,0.63
1144,3,12.6,7.64,0.51
2574,3,12.5,7.51,0.63
1940,3,17.8,8.45,0.43
1980,5,17.1,8.64,0.38
1558,4,9.7,4.79,0.63
1275,3,9.8,6.96,0.51
2036,0,0.0,7.13,0.77
1418,4,19.2,6.6,0.74
3071,2,8.6,7.22,0.65
911,2,6.0,7.35,0.63
2875,1,6.6,5.98,0.62
1722,3,15.1,9.6,0.86
2009,7,17.2,9.18,0.69
2383,1,2.5,8.79,0.63
1358,4,5.5,9.65,0.6
2404,1,16.1,7.97,0.58
500,1,5.3,6.83,0.8
1296,1,7.2,7.76,0.6
1153,4,15.4,8.82,0.77
922,4,6.7,10.32,0.4
1649,6,11.5,10.2,0.53
2070,2,5.8,9.51,0.74
2291,2,15.8,8.91,0.95
1968,1,9.8,7.07,0.9
1334,2,10.2,5.45,0.85
2058,3,7.6,8.05,0.66
1886,2,22.8,6.81,0.75
2455,0,4.3,7.21,0.51
2343,2,3.7,8.89,0.74
1821,2,7.7,9.38,0.7
1171,0,5.2,5.4,0.88
1342,0,7.0,7.19,0.25
1415,3,15.9,10.33,0.72
1579,2,19.3,9.05,0.45
2300,3,1.4,8.93,0.8
1764,5,14.3,8.44,0.5
1811,4,14.0,8.14,0.6
1900,5,13.6,11.54,0.46
1438,5,15.5,6.78,0.59
1152,2,16.5,7.84,0.5
571,4,12.2,9.6,0.56
1313,1,4.9,7.96,0.68
2131,2,10.6,7.14,0.65
1307,3,0.0,7.06,0.69
1633,2,15.7,8.21,0.84
2126,0,5.6,6.86,0.9
2164,1,13.7,7.94,0.87
1044,5,14.1,8.91,0.53
2497,3,11.1,8.4,0.77
2589,5,17.3,9.34,0.48
1009,3,15.5,7.55,0.74
1223,2,7.1,7.17,0.67
2633,6,13.6,10.18,0.89
1697,3,11.7,7.74,0.49
500,2,13.6,6.97,0.73
820,2,8.2,7.44,0.74
1625,4,8.7,8.51,0.79
985,0,19.7,6.67,0.6
1510,2,7.2,10.29,0.82
1822,1,8.4,6.64,0.78
2823,2,14.5,5.73,0.98
2550,3,5.0,7.07,0.91
2800,6,22.3,7.22,0.57
2804,4,16.4,10.55,0.54
1999,1,17.0,9.13,0.72
500,2,3.7,8.21,0.72
2122,4,10.1,9.08,0.63
2533,6,21.3,10.71,0.51
1743,0,0.0,6.97,0.75
3021,3,6.7,7.62,0.51
2401,1,19.4,7.58,0.67
2197,3,12.4,7.38,0.33
2560,2,10.4,7.4,0.79
2033,6,11.3,9.98,0.68
500,1,15.9,5.38,0.73
1450,2,14.6,8.24,0.81
2638,2,11.0,7.98,0.69
1234,3,19.5,8.97,0.66
1643,5,6.7,9.23,0.6
1068,2,12.0,6.73,0.7
3048,1,5.7,7.99,0.74
2977,2,22.0,8.62,0.54
1181,1,10.1,7.77,0.62
1903,3,3.9,8.19,0.67
1323,5,12.6,6.5,0.75
2230,4,7.3,8.81,0.73
2156,0,11.1,6.77,0.7
2368,1,12.1,6.51,1.0
2032,5,9.7,10.53,0.7
1080,3,7.2,7.21,0.92
602,3,12.8,7.9,0.48
1524,0,4.1,7.8,0.69
702,0,7.2,8.89,0.67
755,2,12.1,7.57,0.69
1099,2,10.9,7.3,0.69
1154,3,9.8,7.39,0.72
1131,5,15.8,7.35,0.67
2162,2,0.1,6.83,0.77
1445,3,10.5,8.39,0.62
1674,1,5.6,7.98,0.78
2425,2,8.2,8.0,0.63
1263,2,14.2,9.39,0.5
1614,2,16.6,8.28,0.83
2056,3,15.7,7.99,0.61
500,3,16.5,6.49,0.72
500,1,5.2,6.25,0.43
2042,4,2.5,6.57,0.58
2144,6,16.8,11.17,0.62
3244,6,11.5,10.18,0.44
1910,3,7.4,10.23,0.66
2373,5,9.8,8.13,0.72
1663,3,4.7,8.55,0.84
2008,2,13.4,7.81,0.76
2967,1,13.3,10.64,0.49
500,1,1.5,6.83,0.6
2089,4,18.1,10.01,0.46
3294,5,12.3,11.28,0.75
1997,5,17.7,11.4,0.72
2955,4,7.2,7.65,0.7
1359,4,21.3,9.57,0.55
1777,1,4.7,7.29,0.61
1823,3,9.6,9.11,0.52
500,1,7.6,5.76,0.78
982,3,10.2,7.44,0.79
1032,0,10.5,5.16,0.8
2375,7,6.5,10.1,0.6
2410,3,8.7,7.02,0.48
2026,3,15.5,8.12,0.66
2376,4,10.2,8.43,0.87
1685,2,2.1,7.48,0.47
2641,1,4.8,7.03,0.72
1806,2,16.5,9.31,0.74
1840,6,15.4,8.73,0.41
1614,1,9.0,7.64,1.0
2279,1,3.2,5.82,1.0
1505,0,12.5,9.36,0.69
2483,3,13.8,10.12,0.46
1007,1,7.5,6.49,0.63
1030,4,17.1,6.93,0.62
2281,2,4.8,8.23,0.68
1738,2,14.2,5.93,1.0
1482,1,6.7,7.95,0.57
2423,6,14.5,9.28,0.63
1374,3,5.4,7.81,0.78
1659,4,11.3,8.14,0.91
2779,3,5.4,8.73,0.65
2877,2,7.1,8.29,0.83
2900,2,5.1,8.7,0.89
1602,2,16.0,8.53,0.52
2661,2,10.2,6.15,0.53
1135,4,13.8,8.62,0.58
1165,1,9.0,6.61,0.54
500,2,11.0,7.11,0.84
2971,3,9.4,8.37,0.65
1195,3,19.2,7.25,0.71
1711,2,3.9,5.44,0.94
1162,1,10.1,8.22,0.62
2286,1,11.2,6.55,0.72
1537,4,9.8,7.93,0.48
886,1,12.8,7.58,0.72
2109,0,6.3,5.84,0.61
796,6,6.2,8.11,0.64
1213,2,10.2,8.94,0.65
500,2,8.2,5.51,0.86
803,3,8.1,7.97,0.67
1924,2,17.4,8.78,0.85
500,1,2.9,5.88,0.62
763,3,15.1,6.95,0.58
1798,5,23.7,11.05,0.57
1419,0,20.7,6.64,0.71
3194,1,19.6,6.03,0.67
3083,7,14.4,9.72,0.57
1192,0,8.7,6.81,0.69
2189,6,11.6,9.53,0.51
2324,4,18.8,8.51,0.72
1381,2,19.0,6.1,0.42
753,4,8.7,8.13,0.59
1791,1,15.7,7.37,0.59
1679,4,17.5,9.66,0.54
1494,3,17.6,5.87,0.63
2109,1,9.0,8.43,0.73
1274,0,1.8,5.16,0.65
993,2,10.1,6.29,0.83
1876,4,19.6,9.1,0.82
2070,2,13.0,6.08,0.78
976,2,10.4,5.26,0.27
2449,6,19.2,7.3,0.54
560,1,4.3,6.93,0.69
1395,2,12.0,9.31,0.65
1619,2,10.9,6.06,0.91
1354,6,10.5,10.36,0.43
1404,3,12.4,6.72,0.63
3109,4,8.9,6.94,0.66
1204,3,3.8,7.18,0.91
3508,5,19.3,9.92,0.38
2105,5,9.8,9.78,0.74
1864,1,8.7,7.57,0.8
2133,3,18.1,7.64,0.5
3570,3,2.9,7.96,0.57
1104,3,19.5,8.2,0.67
1015,0,2.8,5.48,0.81
1271,2,7.7,6.41,0.67
1822,2,14.5,7.77,0.5
591,1,7.7,6.26,0.76
1815,3,9.7,8.45,0.9
2985,4,19.6,9.54,0.57
1905,0,10.5,6.34,0.62
1595,2,12.6,8.51,0.59
1367,2,10.1,6.35,0.57
2428,2,10.9,9.29,0.72
1221,4,5.1,6.92,0.75
3092,3,11.4,8.07,0.91
3153,6,21.9,8.46,0.42
1979,5,7.1,10.21,0.5
1791,1,12.8,8.14,0.92
2521,7,16.8,9.57,0.66
2566,4,8.0,9.68,0.67
1235,3,1.2,6.83,0.73
1431,6,19.9,9.44,0.52
874,4,17.7,7.95,0.74
2086,4,4.5,8.19,0.62
2266,2,8.7,6.02,0.58
855,1,12.7,7.01,0.75
1481,3,19.2,6.76,0.86
856,1,16.0,5.17,0.79
1170,1,8.2,6.9,1.0
2185,3,13.4,10.54,0.65
1286,2,10.9,6.69,0.67
1589,1,10.1,8.02,0.51
660,1,15.5,7.76,0.9
1930,3,13.3,7.01,0.75
1289,1,19.1,10.6,0.52
1926,2,6.6,8.56,0.76
1229,3,6.9,7.14,0.53
766,3,13.6,8.36,0.82
1356,3,8.8,9.21,0.35
1732,4,9.6,8.36,0.51
2507,3,24.1,10.53,0.44
928,3,2.1,6.66,0.65
2114,1,8.9,6.59,0.68
1304,1,4.9,8.48,0.53
1422,1,12.0,5.56,0.57
1295,6,14.5,9.15,0.25
1012,3,12.6,8.09,0.84
1771,4,4.7,7.6,0.6
767,1,7.9,7.05,0.79
2462,3,17.5,9.49,0.75
1838,1,6.9,7.44,0.83
2095,2,10.7,6.16,0.65
1473,1,11.0,5.84,0.85
1542,3,8.4,7.65,0.43
2001,2,4.5,9.22,0.49
985,2,23.1,8.76,0.57
1549,1,12.4,6.56,0.82
1198,4,12.2,6.27,0.53
1176,3,18.3,5.64,0.61
500,1,10.4,4.47,0.9
2737,3,15.3,7.57,0.82
1319,0,11.0,7.87,0.79
2614,1,14.2,8.78,0.96
2548,2,4.9,8.41,0.76
899,1,8.5,5.24,0.72
1038,0,12.7,8.17,0.93
3592,2,10.4,10.3,0.71
3025,3,7.0,9.25,0.75
1777,1,8.0,7.2,0.42
1980,2,10.6,10.91,0.7
1358,6,7.5,7.28,0.42
2102,4,20.7,8.2,0.52
1297,3,5.5,8.38,0.65
500,2,16.3,6.75,0.86
874,2,18.4,9.8,0.78
1814,5,9.9,7.8,0.44
1008,0,12.0,8.57,0.76
1752,3,15.1,6.9,0.66
1047,2,10.1,8.72,0.69
1252,1,16.4,6.97,0.88
2397,5,17.2,8.1,0.72
1973,2,12.5,10.77,0.87
1793,3,20.0,8.1,0.64
2415,6,19.1,10.39,0.34
2136,2,10.6,9.65,0.7
2812,4,7.3,8.79,0.65
1478,3,11.6,8.14,0.94
1499,0,0.5,8.18,0.74
889,3,18.0,8.49,0.92
1499,4,12.1,8.05,0.8
2475,2,8.5,5.19,0.78
2709,2,15.2,8.24,0.72
2472,4,12.2,8.79,0.5
544,3,19.7,8.05,0.56
2558,1,6.0,7.26,0.5
513,5,12.1,9.29,0.72
1542,2,22.6,6.56,0.64
2291,1,10.3,7.17,0.84
867,3,6.1,7.71,0.6
2619,4,1.6,9.09,0.58
774,5,18.6,8.76,0.72
1332,1,5.8,6.79,0.54
1101,4,14.1,9.08,0.61
572,1,2.3,6.21,0.75
1866,2,20.0,7.55,0.58
3064,3,3.7,9.96,0.34
3666,3,1.1,8.17,0.8
1868,6,19.1,10.35,0.35
2581,2,1.8,6.59,0.68
1962,3,15.6,9.6,0.67
2149,2,11.0,7.66,0.51
1560,1,0.0,6.68,0.75
1936,2,16.9,6.25,0.69
2176,2,8.9,7.27,0.82
1395,3,9.0,7.94,0.63
1745,4,14.0,10.98,0.49
1759,4,12.7,10.36,0.46
2378,4,10.4,8.55,0.46
1053,4,7.2,7.69,0.88
1763,1,7.3,5.35,0.47
3138,2,5.0,9.77,0.55
2614,5,11.4,9.15,0.68
2744,4,16.1,9.47,0.49
1817,3,5.7,7.47,0.55
2024,4,11.2,9.08,0.5
2501,4,12.6,8.33,0.73
500,3,8.5,6.83,0.58
879,3,13.0,8.14,0.71
2716,3,15.7,5.83,0.66
1606,3,23.1,5.64,0.53
1329,3,15.3,9.55,0.87
922,2,3.0,6.21,0.65
1411,4,16.0,6.9,0.56
818,3,6.8,4.35,0.68
3263,5,14.7,8.43,0.58
1784,2,9.4,8.86,0.87
1759,3,9.5,7.94,0.49
2211,2,14.8,7.43,0.65
2473,1,5.7,5.95,0.55
2462,3,20.1,9.22,0.76
2551,6,12.1,10.36,0.46
1358,5,19.2,8.01,0.46
1591,3,13.7,10.07,0.38
2338,0,13.4,6.27,0.68
1430,2,9.7,6.69,0.94
1796,2,14.4,9.83,0.55
2079,3,14.6,8.39,0.63
2349,2,6.4,7.27,0.84
555,6,10.7,9.0,0.49
2300,2,13.1,8.2,0.45
1636,2,12.4,8.54,0.78
2295,2,7.3,6.62,1.0
2343,2,13.3,7.9,0.51
2925,4,9.2,7.27,0.75
2747,4,15.8,9.5,0.51
2742,4,9.5,8.84,0.7
2810,3,7.8,8.37,0.55
2003,2,10.0,7.82,0.71
1822,0,7.0,7.11,0.72
2410,1,6.4,8.28,1.0
2312,2,13.4,7.55,0.55
1583,3,15.5,8.01,0.54
2083,1,4.6,8.73,0.85
1775,3,8.4,9.15,0.76
1202,4,20.4,7.32,0.53
2703,7,14.3,11.66,0.69
1838,2,15.6,8.62,0.68
3234,1,5.6,9.95,0.8
662,2,6.6,5.52,0.52
1410,4,9.2,8.75,0.8
1822,3,8.9,8.42,0.72
2596,2,14.1,10.75,0.51
2079,1,5.5,7.47,0.88
1010,0,2.4,7.61,0.79
990,2,9.1,9.32,0.93
2025,3,6.1,7.11,0.69
845,1,6.9,6.02,1.0
1427,3,7.2,8.14,0.73
2150,4,13.8,10.22,0.48
1112,0,6.5,4.55,0.79
2923,2,11.6,7.81,0.62
2656,3,19.6,11.59,0.81
700,0,6.3,4.69,0.69
1147,3,10.5,6.75,0.58
500,0,9.7,6.47,0.54
1252,3,18.0,7.59,0.33
2336,1,8.4,8.72,0.83
1510,5,0.0,11.04,0.44
2122,2,4.4,7.83,0.75
734,2,0.0,8.77,0.6
2358,1,12.0,6.18,0.76
1411,1,4.2,7.66,1.0
1808,3,7.2,6.34,1.0
1734,5,8.2,8.26,0.58
909,1,10.9,8.06,0.64
992,2,10.4,6.32,0.69
2477,4,6.5,10.49,0.46
2079,1,8.2,8.02,0.77
2535,1,3.6,5.74,0.75
2027,6,18.3,11.71,0.5
1900,5,15.7,8.67,0.8
591,1,12.1,6.49,0.78
1610,1,8.6,6.92,0.93
1780,0,6.8,4.26,0.4
2280,6,13.2,10.07,0.71
2875,1,10.4,6.01,0.69
2218,1,10.3,7.35,0.96
1302,1,9.4,7.94,0.45
1881,1,5.5,7.52,0.65
1965,0,0.0,5.77,0.89
1142,2,21.0,10.03,0.74
1530,2,12.1,10.43,0.55
1655,5,12.7,9.53,0.44
2923,4,12.0,9.76,0.7
500,1,4.1,6.18,0.78
2644,2,3.1,7.92,0.65
1144,2,13.2,7.7,0.76
839,2,15.2,7.12,0.41
2625,4,8.3,8.07,0.67
2312,3,14.7,8.74,0.35
2678,5,18.6,8.73,0.79
2360,5,14.6,8.75,0.64
3241,6,6.3,8.71,0.62
2191,4,8.3,9.38,0.64
1690,0,6.1,8.26,0.62
2040,4,9.2,9.5,0.48
1254,2,17.4,7.04,0.59
1343,3,16.3,7.1,0.61
1583,1,16.5,6.94,0.64
500,2,6.5,6.64,0.7
1896,4,16.9,11.06,0.57
500,5,17.5,8.43,0.57
1837,2,9.6,7.57,0.79
2405,2,17.1,7.2,0.55
2973,2,2.8,7.97,0.9
777,5,4.5,7.06,0.71
2633,2,8.3,8.75,0.5
2272,0,11.1,7.51,0.71
598,3,7.9,9.47,0.72
1755,3,9.6,9.46,0.83
1185,3,4.1,8.16,0.64
815,1,8.2,5.75,0.94
1645,3,23.3,7.11,0.72
1710,2,4.3,6.49,0.59
1871,2,12.9,9.24,0.65
1591,3,14.3,9.29,0.67
2243,1,8.0,6.52,0.6
1528,5,15.5,7.6,0.75
500,4,14.6,8.42,0.45
1695,1,7.2,8.1,0.59
500,1,9.2,6.93,0.65
2047,3,16.9,8.28,0.77
1114,3,14.7,7.28,0.86
1914,0,3.6,5.07,0.97
2719,1,10.9,8.02,0.84
1135,0,4.1,4.63,0.67
2542,2,7.8,6.64,0.43
1496,2,21.6,8.26,0.82
3027,2,18.1,9.96,0.88
1544,3,17.0,8.73,0.58
1211,3,7.4,6.88,0.89
2281,1,9.9,7.44,0.7
1494,4,10.6,9.09,0.56
1210,0,13.8,8.0,0.75
1465,3,11.2,7.4,0.54
1768,3,11.6,7.6,0.45
2739,2,18.8,8.97,0.52
500,0,6.5,6.01,0.79
1816,4,3.2,10.38,0.5
2237,4,14.9,7.93,0.84
1935,4,16.3,8.61,0.66
2716,2,14.3,9.35,0.63
1747,2,12.3,6.17,0.49
1670,1,15.5,8.98,0.57
2214,4,16.6,7.11,0.66
1869,3,14.4,5.31,0.75
1526,2,8.3,8.61,0.36
2161,4,0.1,7.82,0.39
1343,2,9.1,6.91,0.71
1372,3,23.2,8.57,0.63
1430,3,10.5,7.93,0.74
2747,3,13.4,6.4,0.6
500,6,11.8,8.86,0.62
2076,4,17.1,9.76,0.69
1823,6,14.8,10.56,0.62
623,4,16.4,8.09,0.76
2016,4,15.7,8.62,0.69
2133,2,9.1,7.63,0.44
2212,4,15.7,8.28,0.78
500,3,15.9,7.17,1.0
2756,1,0.0,6.52,0.64
1283,2,10.0,9.32,0.57
2280,2,16.0,4.84,0.62
1186,1,23.3,7.05,0.67
2262,5,10.1,9.77,0.65
1530,4,16.0,9.2,0.8
500,2,10.2,6.75,0.47
2617,1,0.9,6.79,0.7
1257,6,18.4,11.78,0.58
1201,1,11.2,7.12,0.59
1517,3,10.8,7.64,0.75
1990,2,16.4,7.1,0.64
1759,2,3.1,7.35,0.98
2183,5,11.2,7.37,0.73
862,2,8.0,6.88,0.5
1280,1,8.8,5.81,0.49
1718,2,15.7,4.82,0.97
3128,5,15.3,10.22,0.65
1720,5,21.6,6.1,0.75
2559,5,6.9,7.9,0.85
1826,7,10.9,10.66,0.43
1461,1,0.2,7.53,0.79
1627,0,13.0,7.27,0.8
1682,4,1.7,6.52,0.51
2222,2,3.8,6.13,0.58
2762,5,13.3,10.27,0.68
2051,4,0.3,7.5,0.43
2630,1,10.0,8.39,0.64
1124,3,17.6,8.11,0.72
1509,2,8.0,5.21,0.7
1292,0,10.5,4.88,0.9
2020,2,19.3,11.54,0.7
1548,1,11.2,8.1,0.79
2310,0,13.9,8.33,0.65
1148,4,10.4,7.84,0.64
1830,1,7.1,5.96,0.8
2280,2,12.4,5.83,0.66
500,4,15.0,9.56,0.38
3285,7,19.7,10.45,0.7
1601,3,16.7,7.66,0.88
500,3,17.0,7.89,0.46
1910,4,20.8,8.37,0.81
1823,2,19.5,6.75,0.87
1742,4,11.6,8.29,0.66
2493,3,12.5,6.86,0.53
2323,3,13.1,9.0,0.44
2008,2,15.5,7.3,0.8
2115,1,9.5,6.59,0.54
1726,1,5.1,8.23,0.67
3042,1,11.2,8.51,1.0
764,1,20.4,7.73,0.59
1897,1,2.9,7.04,0.74
1845,5,14.1,9.4,0.69
2369,1,12.1,8.12,0.85
1209,3,7.2,8.97,0.66
579,1,15.7,6.87,0.71
1909,3,7.2,8.43,0.28
1996,6,17.3,11.57,0.24
2842,4,9.8,8.68,0.51
910,1,12.0,8.13,0.85
2608,3,10.8,8.11,0.72
3457,3,8.9,9.96,0.67
1535,3,16.9,6.26,0.77
896,3,16.6,8.16,0.74
1515,2,8.6,8.51,0.89
1809,1,18.3,7.62,0.87
2194,2,11.0,8.69,0.61
1386,4,18.2,7.58,0.69
2888,1,5.8,6.36,0.88
1019,2,7.5,7.33,0.73
582,5,10.5,7.63,0.7
2574,4,14.8,10.38,0.53
500,2,7.3,6.55,0.5
1657,3,11.7,10.46,0.54
1791,1,9.3,5.53,0.68
1015,0,11.2,5.32,0.68
1759,2,3.5,7.61,0.69
1764,2,20.0,8.32,0.66
1912,2,7.8,8.0,0.42
2263,4,15.4,8.93,0.72
2981,4,14.0,8.84,0.74
1971,7,15.7,9.86,0.54
2308,0,13.8,8.05,0.76
1360,6,16.9,9.41,0.57
2700,3,10.4,9.16,0.88
1620,3,17.7,6.17,0.64
1994,1,10.0,6.86,0.73
1146,3,13.9,7.29,0.9
1102,1,8.6,6.95,0.67
2281,6,16.4,10.52,0.61
1489,3,12.1,6.56,0.52
1202,3,15.0,7.78,0.47
1349,2,2.7,6.87,0.6
2289,3,13.8,7.13,0.52
1359,2,7.1,5.22,0.87
1717,2,12.3,8.46,0.78
1810,3,0.5,8.83,0.46
500,1,5.6,6.42,0.51
770,0,7.6,7.43,0.77
1284,2,1.7,6.85,0.57
2539,1,9.5,6.89,0.82
2476,5,11.8,9.43,0.91
2303,5,9.9,9.56,0.78
3073,2,13.7,8.61,0.95
1741,3,0.0,7.25,0.8
2254,5,10.1,9.19,0.42
1390,3,17.7,8.62,0.73
3516,2,5.5,8.28,0.65
3188,2,6.5,10.06,0.71
1808,4,17.1,10.34,0.61
2070,2,10.3,6.9,0.97
2751,3,13.0,8.0,0.68
1697,0,9.4,5.88,0.69
1340,1,15.1,8.88,0.83
2411,2,11.0,8.02,0.73
1854,3,13.6,8.77,0.69
1928,5,19.3,8.59,0.52
1216,1,16.1,6.65,0.71
597,4,14.7,8.05,0.77
1965,3,6.0,9.22,0.49
2433,3,19.4,9.66,0.82
1641,2,7.0,7.97,0.6
2805,6,21.3,9.66,0.58
1307,6,11.3,9.38,0.62
1061,3,22.2,7.86,0.63
1752,3,14.1,9.98,0.64
1742,4,19.2,7.35,0.5
2338,4,10.9,9.6,0.68
1257,5,14.5,9.0,0.77
2757,2,15.5,7.85,0.47
3176,1,17.6,10.6,0.83
1772,4,11.0,6.01,0.58
2674,1,10.5,7.64,0.75
1060,2,5.7,7.93,0.64
2552,4,17.5,10.84,0.63
2533,5,15.1,11.04,0.43
2404,2,11.1,7.7,0.97
1789,4,3.5,11.62,0.41
500,1,12.6,8.3,0.72
1350,3,8.2,6.95,0.48
1361,2,4.6,9.35,0.75
1115,5,13.6,9.5,0.34
1885,0,10.6,5.27,0.8
1506,2,7.4,8.02,0.61
1222,0,7.8,6.19,0.7
1058,1,4.8,6.72,0.77
1299,0,9.4,4.69,0.84
2585,4,12.0,8.29,0.75
1337,2,7.3,7.72,0.53
1439,1,6.7,7.24,0.84
1480,2,20.1,6.3,0.72
2037,1,6.4,7.82,0.9
500,2,17.2,8.1,0.62
2515,2,14.0,7.52,0.57
2805,2,11.8,9.91,0.78
1064,1,4.9,4.55,0.84
1119,4,10.5,7.04,0.75
1484,3,14.1,7.48,0.7
1270,1,0.1,8.16,0.72
1956,7,20.1,10.47,0.72
500,0,13.5,4.96,0.59
1017,1,14.3,6.28,0.54
2877,1,10.1,8.52,0.85
1150,1,5.7,8.2,0.47
2670,3,14.7,11.08,0.93
2048,2,5.9,9.14,0.7
533,4,17.2,8.66,0.94
2244,3,12.6,9.8,0.55
1717,3,8.5,8.52,0.58
1481,1,15.9,7.2,0.8
1971,1,12.4,7.07,0.5
2132,5,16.8,9.51,0.52
2295,6,17.3,8.82,0.46
2624,4,12.6,10.4,0.52
2085,7,16.7,10.63,0.63
837,1,10.3,6.12,0.57
1468,3,5.0,6.51,0.72
2307,3,11.0,8.64,0.7
3458,3,8.9,8.31,0.65
2776,2,13.6,8.68,0.55
1969,4,20.4,9.11,0.38
2010,0,6.6,6.1,0.83
1774,4,14.4,11.05,0.7
583,0,8.3,5.26,0.93
1812,2,12.0,6.81,0.78
2647,1,10.8,5.97,0.76
1380,1,12.4,6.29,0.81
2088,1,13.1,7.09,0.7
2396,2,17.6,7.39,0.45
1163,5,16.2,8.43,0.55
1484,4,6.4,8.39,0.64
1087,3,21.4,8.57,0.5
1224,1,22.0,6.81,0.86
898,5,21.9,9.0,0.59
1169,1,9.1,7.61,0.44
2793,4,14.5,11.31,0.46
1159,3,14.1,6.58,0.9
1888,1,16.3,8.3,0.81
1447,3,16.7,8.83,0.54
2625,0,7.6,5.26,0.86
2717,4,17.6,7.13,0.67
2404,2,12.6,8.73,0.91
2014,2,11.7,6.83,1.0
1638,1,11.8,7.12,0.59
965,2,12.4,7.48,0.69
3160,2,8.7,10.22,0.97
1268,5,10.9,10.44,0.73
2264,5,13.5,10.41,0.45
2541,0,12.9,7.42,1.0
1411,2,14.0,9.37,0.81
2526,2,16.0,6.49,0.92
2334,2,9.2,8.66,0.51
3009,3,9.1,7.32,0.49
1471,2,12.1,7.42,0.67
899,4,16.1,9.39,0.71
1446,3,10.8,7.86,0.49
1946,1,7.4,7.17,0.87
1840,2,12.0,7.37,1.0
1524,4,5.7,7.53,0.54
500,0,0.3,6.01,0.65
2129,2,10.1,8.05,0.96
3180,5,17.6,9.29,0.52
2124,3,5.3,9.47,0.46
2226,4,13.0,8.09,0.85
2200,3,7.1,6.37,0.77
2077,3,6.7,9.74,0.89
2452,6,13.6,8.52,0.58
2076,0,13.6,5.76,0.77
1581,3,16.1,9.93,0.62
1242,4,2.6,9.12,0.58
1625,1,0.0,7.02,0.64
2019,1,13.3,6.74,0.58
1578,1,19.5,5.44,0.61
2020,3,9.4,9.98,0.6
2107,2,8.5,8.66,0.73
2383,3,15.6,8.02,0.87
2697,0,9.6,7.7,0.5
1854,4,17.2,7.26,0.69
1558,7,19.9,8.59,0.62
1830,2,9.7,7.02,0.42
514,2,11.2,6.33,0.42
2772,4,7.3,8.19,0.71
1899,1,16.1,8.58,0.75
2066,4,17.1,8.48,0.41
2755,0,5.2,6.71,0.91
1358,1,8.1,8.59,0.68
2201,5,13.7,8.63,0.68
1723,5,12.3,8.5,0.75
1671,2,3.6,8.85,0.95
1259,4,13.8,8.15,0.63
2965,3,4.4,9.16,0.5
1537,2,15.3,5.95,0.86
2289,3,17.9,8.13,0.87
500,6,15.1,8.88,0.7
2625,4,12.3,10.7,0.69
2536,0,0.6,6.39,0.92
1868,3,9.9,9.44,0.61
1641,5,6.5,8.81,0.61
2080,1,12.2,9.05,0.85
3402,3,8.0,8.12,0.72
565,1,8.2,5.75,0.88
2347,5,9.0,8.57,0.36
1161,2,12.3,6.83,0.66
1786,2,10.7,8.11,0.82
1626,6,6.0,9.52,0.56
1500,4,0.7,8.48,0.74
1792,1,7.6,5.06,0.65
1006,3,13.1,7.98,0.87
2520,7,15.9,10.67,0.49
544,3,13.5,6.34,0.54
2177,2,18.5,9.55,0.65
1571,1,7.7,7.51,0.85
980,3,18.2,6.78,0.62
1941,2,7.7,8.33,0.35
710,2,8.5,6.63,0.59
1827,5,12.1,8.59,0.6
803,4,7.8,6.65,0.65
2122,4,17.1,8.54,0.76
1152,3,16.4,9.48,0.59
1484,1,0.0,7.01,0.63
2005,2,5.7,6.53,0.68
1259,3,17.9,8.96,0.6
1759,4,10.6,7.5,0.58
740,3,12.5,7.16,0.55
2241,2,8.2,6.48,0.81
3035,5,8.6,7.82,0.84
1863,3,2.9,7.68,0.6
2351,1,6.7,6.75,0.89
553,2,15.1,8.17,0.72
2851,2,9.9,7.42,0.65
2343,2,7.3,9.67,0.95
1461,2,5.8,6.35,0.59
2666,1,11.2,6.56,0.83
1621,3,17.4,7.77,0.74
1479,5,17.4,7.79,0.42
2132,3,11.5,8.95,0.62
1055,3,11.3,7.46,0.67
2515,1,7.7,6.85,0.9
1060,2,1.4,6.12,0.96
1064,5,10.7,6.09,0.56
1163,1,5.1,4.86,0.8
2331,1,5.8,8.69,0.84
1368,2,13.5,8.44,0.76
856,1,9.9,7.8,0.61
1376,4,8.3,10.08,0.64
1777,5,18.7,10.84,0.72
973,0,17.0,7.69,0.65
993,4,16.0,7.26,0.46
3277,3,24.6,11.79,0.45
1197,3,11.9,6.64,0.69
1573,3,20.0,8.65,0.39
1542,2,14.0,6.44,0.57
1505,3,20.0,8.81,0.43
2234,3,9.2,9.09,0.51
2463,5,12.2,8.66,0.53
1585,3,14.8,5.85,0.44
934,3,6.9,7.27,0.6
2692,1,1.8,9.51,0.56
1733,3,1.9,9.96,0.65
3011,4,12.3,9.58,0.51
500,2,17.3,7.32,0.85
1936,3,14.1,10.84,0.72
3143,1,4.3,9.02,0.56
1552,1,6.6,8.23,0.83
1642,1,8.5,8.24,0.52
2006,3,2.6,8.57,0.77
1408,4,14.1,6.82,0.91
1581,1,8.5,6.6,0.78
1563,2,12.2,8.33,0.52
1360,3,9.8,7.9,0.63
2660,7,14.0,10.06,0.48
2122,2,1.5,5.8,0.58
1975,7,21.1,9.96,0.51
2365,2,10.7,7.8,0.67
1614,2,13.5,6.56,0.79
1258,4,7.0,9.07,0.72
1378,1,13.5,8.07,0.84
1801,3,14.4,7.71,0.45
1058,3,8.8,8.49,0.48
1449,3,18.1,10.01,0.83
1438,1,3.9,7.05,0.68
3287,6,20.0,11.43,0.6
500,0,10.3,5.99,0.78
1674,2,10.0,8.08,0.6
3007,4,16.3,9.32,0.62
1885,2,15.0,6.7,0.61
2327,0,10.4,5.68,0.5
1869,4,18.0,9.96,0.55
1332,2,1.3,8.13,0.8
500,2,9.3,7.86,0.63
1943,3,10.6,9.36,0.74
1257,6,10.7,10.37,0.57
1239,1,12.6,7.33,0.87
1450,4,12.6,9.4,0.8
3021,1,6.6,5.46,0.75
3483,1,9.9,6.49,0.82
1952,3,18.5,9.06,0.61
1474,5,24.1,10.57,0.37
975,3,18.3,6.76,0.38
2127,3,7.2,7.54,0.66
3048,6,11.1,11.1,0.37
1626,4,12.2,6.06,0.87
500,0,10.0,6.19,0.62
2269,1,13.2,9.5,0.75
2489,1,10.2,7.04,0.69
689,2,10.9,6.24,0.47
1923,1,12.5,8.32,0.61
2115,6,12.3,10.61,0.57
1748,4,16.2,11.8,0.64
1246,5,13.5,8.7,0.54
2511,2,14.4,8.2,0.74
760,1,7.7,6.51,0.67
500,1,9.7,5.12,0.97
2682,2,17.3,8.95,0.53
2231,3,16.7,10.08,0.85
1861,5,11.5,7.47,0.48
1491,3,16.4,8.31,0.5
1429,5,18.1,8.43,0.62
1046,2,13.2,5.84,0.81
1497,4,10.0,8.58,0.52
500,2,13.8,6.65,0.39
1284,3,16.3,8.93,0.85
1582,2,13.3,7.82,0.58
2226,1,5.9,7.56,0.53
1772,2,13.6,7.82,0.73
2356,3,17.6,9.16,0.57
2744,3,13.6,11.01,0.69
2540,3,15.8,10.01,0.52
2129,6,24.1,8.92,0.47
1808,2,14.9,10.4,0.53
1113,4,9.2,7.84,0.48
2317,3,12.3,7.97,0.63
2975,1,7.5,8.12,0.99
2039,2,11.3,6.64,0.71
3142,3,20.1,9.77,0.6
732,0,5.9,6.98,0.73
992,4,6.5,7.6,0.4
2398,3,11.0,8.69,0.91
1985,3,7.2,7.88,0.84
2719,1,8.5,4.04,0.87
1789,7,15.7,9.53,0.62
1192,1,12.3,6.28,0.91
1650,3,6.9,7.65,0.73
727,1,14.4,5.41,0.79
1009,1,3.4,4.85,0.64
2480,3,5.9,7.2,0.73
2410,3,10.4,9.0,0.9
2054,2,14.5,7.96,0.94
595,1,0.0,4.96,0.58
1549,4,14.1,6.94,0.43
942,3,11.5,8.96,0.68
2623,4,9.8,8.52,0.55
1391,4,9.8,9.39,0.63
1039,1,7.6,7.49,0.67
1820,4,19.1,9.51,0.55
1351,2,20.1,6.07,0.91
2838,2,7.8,8.71,0.64
1285,1,8.3,5.79,0.73
820,1,8.4,5.95,0.49
1778,2,18.7,6.44,0.45
1406,4,10.6,7.73,0.61
799,6,17.3,10.27,0.7
2632,3,11.4,9.66,0.53
2267,3,4.6,7.86,0.64
1780,2,15.5,6.89,0.92
2755,4,16.1,9.06,0.61
2263,2,16.2,7.05,0.8
1224,6,9.6,9.18,0.38
1072,0,10.1,6.77,0.83
2372,3,16.0,10.83,1.0
2077,2,12.7,9.17,0.89
1918,3,14.7,8.02,0.86
1207,4,19.7,8.69,0.8
2225,2,4.8,9.99,0.69
1271,2,15.1,8.44,0.49
1728,2,10.3,9.0,0.53
2812,3,4.0,7.98,0.65
1337,4,1.5,8.15,0.72
698,2,7.4,8.21,0.61
1063,1,14.6,7.28,0.88
2496,6,15.7,10.64,0.58
1978,3,11.0,7.81,0.69
1709,5,16.9,10.78,0.68
1443,4,13.6,6.3,0.46
2139,3,8.0,9.14,0.52
1205,2,15.4,7.06,0.63
2013,1,0.5,6.12,0.71
1288,1,15.8,5.23,0.69
1171,2,2.3,5.73,0.71
1353,2,8.6,9.17,0.74
1537,1,2.7,5.89,0.69
1765,2,6.9,9.11,1.0
1964,4,7.5,8.83,0.49
500,3,15.8,5.28,0.68
1234,2,9.4,6.92,0.96
1525,2,11.7,7.66,0.57
2853,2,4.1,8.25,0.51
1043,4,9.9,9.08,0.8
1913,3,16.3,9.41,0.84
2846,5,15.6,7.08,0.44
880,1,3.6,8.09,0.77
2075,6,13.3,11.33,0.75
1238,1,10.2,7.77,0.67
1446,3,21.1,9.58,0.77
1237,2,16.1,9.31,0.85
1287,3,22.5,8.0,0.81
2391,3,10.1,8.75,0.32
2571,1,13.0,8.35,0.42
2144,5,23.8,9.87,0.65
675,6,10.3,8.65,0.65
2076,1,0.5,8.14,0.93
2551,5,3.7,8.57,0.59
1202,6,23.7,9.08,0.46
2475,3,16.1,9.17,0.85
2293,1,10.7,6.91,0.83
3096,1,6.3,8.96,0.7
1507,2,13.8,5.15,0.44
1031,3,13.5,10.0,0.72
1546,6,14.7,7.32,0.79
2804,4,8.4,10.62,0.9
520,1,6.3,5.38,0.71
500,0,12.3,7.29,0.89
1862,1,8.5,6.76,0.7
1490,1,16.5,8.39,0.85
1805,0,12.9,5.61,0.87
2461,5,10.8,9.5,0.33
1413,4,10.5,7.36,0.62
500,3,16.6,4.82,0.45
3231,3,17.4,9.63,0.74
1101,2,11.6,7.01,0.69
1058,4,7.8,7.24,0.68
2572,3,10.4,6.79,0.77
1530,3,7.1,7.63,0.73
1755,2,17.9,10.17,0.77
2137,2,11.1,8.78,0.89
2558,4,11.6,9.65,0.61
1566,2,7.2,6.88,0.77
2863,2,0.0,9.65,0.52
500,7,14.3,7.86,0.49
2331,0,8.1,5.29,1.0
1212,3,7.2,9.26,0.51
2760,4,16.8,8.48,0.75
1899,3,5.7,8.33,0.85
1328,3,12.5,6.77,0.69
2263,5,16.8,11.31,0.65
2425,3,10.5,8.4,0.47
2249,5,8.8,7.9,0.75
1079,2,9.7,6.29,0.6
1461,0,2.7,6.4,0.83
1797,1,8.6,6.74,0.79
1771,3,13.0,7.47,0.42
2324,1,8.8,8.92,0.71
500,1,5.3,7.02,0.61
2034,2,7.5,8.87,0.7
1597,3,19.3,9.54,0.84
1213,2,18.1,7.0,0.77
1280,2,9.0,8.11,0.72
1649,2,7.3,7.2,0.78
500,3,10.9,5.39,0.53
1309,3,5.4,5.79,0.78
1186,2,6.9,5.73,0.68
1236,2,15.8,5.87,0.91
1649,2,16.0,7.6,0.67
2879,1,2.0,6.84,0.62
2496,2,12.0,7.68,1.0
2431,3,13.2,9.95,0.71
1450,2,7.5,7.46,0.51
2180,5,19.9,11.29,0.49
1636,3,22.5,9.92,0.68
1662,1,7.8,5.42,0.93
2086,2,17.9,9.03,0.66
1382,5,8.3,7.65,0.66
2845,3,10.6,8.26,0.81
1687,5,14.7,9.7,0.52
2232,1,17.5,7.38,0.71
2818,4,5.9,10.57,0.67
2522,2,18.9,10.52,0.59
813,0,0.2,5.81,0.64
2111,2,15.2,7.76,0.82
2395,3,12.3,9.16,0.83
2424,2,16.2,6.09,0.68
1020,2,10.9,6.17,0.67
2496,3,7.2,6.34,0.62
1266,3,18.6,6.86,0.56
1590,3,10.2,10.56,0.35
2903,5,22.0,8.61,0.34
1766,4,12.6,11.06,0.78
1291,6,19.3,10.86,0.81
1185,3,4.5,4.93,0.52
2032,1,7.5,6.32,0.72
866,1,6.8,7.73,0.72
1626,6,15.2,7.94,0.53
2033,1,1.6,8.42,0.68
2709,4,13.8,9.51,0.72
2267,1,14.2,9.37,0.96
1300,2,15.9,9.23,0.75
2624,2,13.8,7.06,0.78
1590,3,7.7,5.78,0.66
935,1,15.8,5.79,0.86
1679,0,5.1,5.09,0.88
2806,2,15.4,9.98,0.62
1915,2,9.3,5.18,0.77
2946,2,9.7,10.4,0.67
798,4,12.5,8.16,0.45
900,3,9.9,8.55,1.0
668,3,9.3,10.07,1.0
2060,4,11.2,8.66,0.74
1916,3,10.7,6.37,0.74
2879,3,12.9,10.07,0.66
1970,3,5.9,5.61,0.51
1517,1,22.5,7.67,0.62
1801,3,16.0,8.23,0.73
1882,3,11.7,7.99,0.81
629,0,1.3,6.82,0.68
2163,2,16.2,8.2,0.57
1947,2,12.3,7.81,0.73
2230,5,6.1,5.28,0.71
2296,4,10.4,9.88,0.94
1701,3,5.9,8.38,0.78
1358,3,17.2,7.74,0.56
2219,3,16.9,7.11,0.65
2069,3,12.1,7.98,0.5
1233,2,10.2,9.48,0.84
2793,0,13.5,9.38,0.74
2005,0,15.2,6.8,0.69
2310,4,11.3,10.91,0.54
2774,1,11.9,10.11,0.59
1815,2,11.2,8.06,0.59
2021,1,5.6,8.31,0.96
2367,3,9.0,8.79,0.66
1292,2,6.2,6.26,0.97
1837,3,12.6,6.94,0.58
1887,6,14.9,10.24,0.76
1130,3,13.0,9.8,0.53
3422,3,17.5,10.03,0.85
814,5,13.5,9.79,0.75
891,2,17.2,9.36,0.69
2719,4,11.2,9.33,0.41
2299,5,13.6,8.67,0.7
1081,6,16.7,7.27,0.59
2225,5,18.8,9.4,0.48
2827,5,14.9,8.88,0.79
1778,3,10.9,7.22,0.71
3619,2,15.0,7.71,0.72
593,1,4.5,4.26,0.72
2285,3,15.1,9.85,0.54
2616,3,14.6,8.67,0.68
2423,3,15.1,8.59,0.64
1656,0,12.5,8.28,0.92
1596,3,13.4,7.08,0.54
2110,1,22.5,9.97,0.82
2371,1,11.0,7.29,0.59
2221,2,6.8,5.88,0.67
2528,4,12.7,8.17,0.67
1086,2,7.8,7.66,0.68
1640,1,6.8,7.19,0.85
1141,5,11.8,7.19,0.57
1529,6,18.9,9.8,0.66
2510,3,3.7,8.02,0.65
1875,3,4.2,7.98,0.56
3624,4,6.5,10.77,0.82
1935,3,10.9,8.85,0.87
1841,3,4.0,7.83,0.69
1874,1,6.5,6.46,0.59
1353,0,14.4,6.08,0.72
1759,3,12.7,6.91,0.65
2589,0,2.6,7.84,0.85
1879,1,10.8,8.25,0.96
1244,4,19.2,10.47,0.9
1152,1,9.3,8.94,0.66
1484,1,6.2,7.06,0.81
1851,2,10.1,7.33,0.84
2635,0,0.6,4.5,0.78
861,2,5.0,8.97,0.74
1576,1,5.9,7.23,0.92
1901,1,5.9,8.06,0.63
516,0,6.3,6.46,0.82
1216,7,11.3,10.89,0.67
1324,5,17.7,8.59,0.42
1242,5,15.2,7.43,0.36
1934,6,13.6,10.86,0.63
1687,1,9.2,8.2,0.98
1411,2,8.3,7.43,0.75
2099,5,6.7,7.79,0.56
3006,4,10.1,8.29,0.6
2947,3,4.7,7.2,0.65
500,4,10.2,6.78,0.86
2203,3,10.6,8.46,0.73
1675,1,4.1,6.79,0.95
1908,4,13.9,7.71,0.85
1521,1,13.8,6.89,0.88
1882,4,22.3,7.57,0.38
1905,1,12.5,7.54,0.85
1394,2,16.2,6.84,0.68
1172,2,9.6,9.13,0.57
1485,3,5.7,7.41,0.6
1963,0,2.0,5.73,0.71
2219,4,11.6,8.37,0.77
2397,3,10.8,9.1,0.5
1454,0,12.7,7.36,0.56
1998,3,9.1,8.07,0.56
2473,4,13.1,10.26,0.74
2615,5,14.2,9.0,0.43
1758,2,3.6,7.8,0.4
1645,3,13.6,6.5,0.59
1933,2,5.8,7.1,0.61
995,3,8.0,6.96,0.71
1664,4,12.8,7.52,0.73
2321,3,8.2,8.72,0.7
2249,2,15.3,8.04,0.85
1610,0,12.7,7.5,0.82
1952,5,12.2,8.28,0.62
1222,4,14.1,8.34,0.43
2292,4,21.3,7.88,0.53
1745,2,5.5,7.08,0.48
1606,4,12.9,7.92,0.46
1546,3,5.6,6.88,0.71
1755,3,12.9,9.94,0.54
1486,2,0.0,10.5,0.86
2260,7,17.2,9.01,0.87
1523,2,13.8,9.01,0.5
2915,3,10.0,8.96,0.88
2825,2,10.9,7.67,0.73
1175,2,4.9,5.52,0.71
1848,4,13.6,9.97,0.43
1344,2,14.9,7.64,0.4
1571,1,15.3,7.54,0.69
3201,4,10.5,10.38,0.81
1584,2,5.6,8.76,0.66
2052,4,5.5,7.14,0.46
2178,0,14.1,6.81,0.74
1099,2,7.5,7.06,0.85
1201,2,7.7,7.54,0.74
955,2,0.0,7.78,0.68
1179,4,11.2,7.79,0.72
2181,4,22.3,9.84,0.86
3237,2,10.6,9.04,0.72
1903,5,20.8,8.24,0.49
808,3,8.3,6.42,0.8
1350,2,18.1,10.67,0.32
1478,2,11.5,9.04,0.74
1087,2,13.8,6.27,0.61
2402,3,8.9,7.2,0.54
2367,3,14.2,9.51,0.55
991,1,24.5,8.51,0.6
2307,2,15.6,8.63,0.61
2868,7,13.6,10.45,0.41
3131,1,0.0,8.58,0.68
1168,2,10.9,5.72,0.52
1552,4,13.4,8.42,0.59
1385,0,7.1,7.61,0.83
2028,1,14.3,7.58,0.52
1392,2,1.3,7.09,0.52
2079,5,13.4,9.56,0.64
875,0,10.1,5.57,0.71
1632,2,0.0,7.52,0.56
2699,2,5.3,7.21,0.57
1760,4,18.8,7.86,0.51
1899,4,12.5,6.15,0.47
2132,4,15.1,8.35,0.8
2619,4,8.6,7.52,0.52
641,3,5.8,6.28,0.57
2209,2,10.3,6.63,0.82
1612,3,18.7,7.84,0.54
1916,3,9.4,9.74,0.89
2541,0,7.7,7.09,0.72
964,2,12.3,7.16,0.88
1091,3,16.2,8.12,0.65
500,1,12.8,7.87,0.88
1415,3,16.4,6.58,0.89
2731,4,6.2,8.93,0.69
1715,4,13.4,8.0,0.56
861,3,10.9,8.03,0.55
1460,2,7.6,7.7,0.76
758,2,7.4,6.85,0.7
1012,4,18.9,7.41,0.52
2072,7,11.2,9.7,0.71
978,0,0.0,4.48,0.72
2578,1,5.7,6.54,0.49
1750,2,3.9,9.64,0.68
1859,2,14.4,8.03,0.65
1605,1,8.4,7.12,0.8
2340,3,15.2,9.34,0.24
2348,5,10.5,9.58,0.35
2034,1,4.7,6.62,0.95
2195,4,19.3,10.15,0.62
1651,3,12.5,6.33,0.63
2179,2,10.1,6.81,0.77
1563,1,7.6,6.78,0.56
1801,3,6.6,7.36,0.62
1607,1,7.0,7.68,0.72
1479,1,10.7,6.43,0.55
1317,4,20.7,6.99,0.55
2127,2,12.4,7.88,0.42
2717,6,7.3,9.67,0.75
2619,4,13.7,7.81,0.48
920,2,12.4,5.96,0.58
2702,1,16.5,7.59,0.9
1577,4,16.1,9.6,0.65
2220,2,8.6,6.99,0.67
1165,0,8.5,8.07,0.69
1899,1,6.4,5.93,0.74
760,2,24.4,9.36,0.96
2225,1,12.2,6.15,0.54
2742,4,1.5,6.47,0.6
1677,3,11.4,8.76,0.44
2752,7,22.6,9.06,0.79
1667,4,15.9,8.71,0.44
2394,4,14.8,10.22,0.5
500,2,13.3,6.22,0.81
3493,3,10.7,9.84,0.61
2846,3,11.5,6.72,0.39
1600,4,11.6,8.59,0.64
500,1,8.9,6.1,0.82
2001,4,11.5,8.42,0.61
789,0,9.7,4.84,0.62
2111,0,15.3,6.4,0.7
2088,0,0.5,7.19,0.85
1141,2,11.5,7.03,0.97
2584,2,13.1,8.34,0.64
2363,4,15.6,10.15,0.61
2483,3,7.4,7.45,0.8
1806,2,7.9,11.17,0.78
809,2,15.3,4.97,0.83
2484,5,15.0,8.97,0.51
1610,2,9.8,7.17,0.61
827,1,7.4,4.34,0.59
2746,3,14.1,8.51,0.5
3269,3,11.1,11.29,0.62
1771,3,16.6,9.49,0.66
3311,3,7.2,7.2,0.4
1863,2,8.9,8.68,0.7
1533,2,16.8,8.45,0.55
1358,1,9.5,8.38,0.76
2945,5,7.0,11.48,0.68
1253,2,18.8,7.63,0.64
2314,3,12.9,9.89,0.74
1408,0,11.3,6.59,0.61
1477,0,4.1,4.84,0.76
2521,3,8.9,7.6,0.49
1533,4,11.4,8.97,0.74
1516,2,6.3,7.01,0.62
2592,0,6.0,7.08,0.67
2918,1,4.1,6.06,0.59
2251,3,2.2,10.04,0.93
1341,3,4.8,8.13,0.5
1442,4,8.4,8.34,0.59
1855,5,11.8,10.04,0.56
2024,2,8.0,9.24,0.54
1108,2,11.9,7.49,0.48
2306,2,17.7,8.93,0.6
1859,1,7.4,5.53,0.8
599,2,7.1,7.41,0.82
1149,2,16.5,10.41,0.73
1447,3,11.7,8.64,0.41
1748,2,10.1,7.58,0.65
3122,3,15.9,9.32,0.95
1966,4,8.5,9.69,0.61
1211,6,12.4,9.34,0.41
1954,2,9.9,7.34,0.58
1553,2,18.4,7.65,0.61
2027,1,0.0,9.23,0.83
2206,3,12.2,8.38,0.57
2646,4,8.7,8.35,0.81
2947,4,9.4,9.0,0.66
2435,3,11.6,9.15,0.51
1304,5,14.2,9.99,0.74
3346,5,10.9,10.58,0.63
2028,1,12.0,4.79,1.0
1215,1,0.5,6.77,0.71
2957,4,10.2,10.71,0.51
3254,5,18.0,9.1,0.62
1776,1,12.2,9.02,0.63
1447,5,24.7,10.79,0.8
2300,3,4.8,7.95,0.7
2694,4,17.8,8.17,0.68
2199,1,6.9,8.37,0.59
1871,5,21.6,11.53,0.76
2848,3,17.9,9.32,0.76
1581,1,2.0,7.7,0.76
2521,5,15.4,7.92,0.31
1598,3,10.3,7.89,0.5
2101,2,8.8,5.97,0.98
1720,5,22.8,9.53,0.6
1760,0,8.6,8.31,0.96
1535,1,13.9,8.61,0.5
2741,3,14.8,10.33,0.51
1286,3,10.5,7.48,0.59
1281,3,12.7,8.12,0.71
3284,5,5.9,10.22,0.75
2484,1,6.9,5.97,0.64
500,3,11.1,9.61,0.93
1404,4,12.1,7.13,0.72
531,3,10.7,6.37,0.6
1134,3,8.3,7.37,0.66
500,2,9.3,7.68,0.68
1704,1,1.8,6.9,0.72
1000,1,18.9,7.41,0.62
1841,3,5.1,8.79,0.6
662,3,9.8,7.68,0.61
1858,3,14.6,8.84,0.6
1509,1,15.7,7.12,0.75
2851,2,17.0,9.69,0.74
2787,3,12.5,7.45,0.71
2349,3,6.9,8.9,0.71
1571,2,17.3,7.52,0.66
3189,2,9.7,8.45,0.66
712,2,3.5,7.02,0.47
817,0,7.8,7.35,0.65
1741,7,14.8,9.81,0.57
1658,3,12.5,6.95,0.54
1671,3,1.1,7.47,1.0
790,3,4.0,8.3,0.77
2462,2,10.7,8.31,0.78
2467,2,7.3,9.91,0.53
2352,2,9.7,7.04,0.65
1359,2,18.6,7.53,0.54
1305,1,9.7,8.0,0.67
894,1,1.5,5.61,0.74
1858,6,19.4,9.54,0.62
1043,1,8.2,7.85,0.78
975,0,15.2,5.76,0.73
1503,3,12.4,9.52,0.6
1457,3,15.0,8.31,0.58
1423,0,11.9,7.74,0.75
2126,4,11.1,8.14,0.66
1855,3,4.4,6.93,0.75
1598,2,18.1,6.8,0.64
1928,3,15.3,10.56,0.64
1105,1,11.4,7.02,0.53
1873,3,8.1,6.89,0.58
1905,3,6.2,8.74,0.84
2496,0,13.9,8.11,0.74
1182,1,13.6,9.32,0.71
1863,5,4.9,8.3,0.51
2615,2,14.4,9.9,0.42
2447,1,3.0,7.37,0.69
1824,1,8.8,7.08,0.83
1546,1,7.8,5.76,0.81
2272,4,4.7,8.72,0.83
1367,2,5.5,7.54,0.74
1243,4,2.1,7.47,0.34
500,1,11.8,7.76,0.78
1907,4,21.7,9.55,0.82
1742,4,18.2,10.96,0.63
2595,3,2.8,10.4,0.58
2051,1,10.0,5.5,0.79
2733,0,13.2,9.51,0.65
1311,4,11.2,8.35,0.45
1429,2,15.0,6.14,0.66
2344,1,10.9,7.24,0.78
778,4,19.8,9.49,0.8
1964,4,16.8,8.02,0.7
500,1,25.6,5.27,0.24
1613,2,15.3,6.83,0.65
2108,4,11.5,9.17,0.28
1435,4,5.7,9.13,0.61
1064,3,8.2,8.47,0.65
2392,2,10.1,7.49,0.69
1727,3,13.6,7.29,0.96
1457,0,13.4,5.9,0.78
1829,0,0.0,6.69,0.6
3645,3,19.2,9.91,0.65
2607,5,11.4,8.42,0.54
2613,3,7.2,8.99,0.51
2104,2,19.6,9.77,0.86
1916,5,6.8,10.22,0.76
500,2,4.2,6.9,0.69
1324,1,4.8,6.91,0.99
1463,0,6.8,6.62,0.69
500,2,17.0,9.42,0.77
989,2,16.3,7.67,0.74
500,5,20.2,6.3,0.74
1773,5,13.8,10.09,0.81
2574,3,12.9,9.47,0.7
2090,3,13.8,8.94,0.95
1125,2,11.3,8.04,0.53
500,2,14.3,7.45,0.87
570,1,11.7,8.03,0.69
911,2,11.3,9.06,0.67
1177,2,7.5,4.66,0.51
1688,3,16.4,8.91,0.51
1090,4,10.1,7.66,0.6
2037,2,11.0,8.45,0.54
1637,0,3.6,6.28,0.82
1807,3,7.6,6.51,0.73
2598,4,4.6,9.0,0.67
973,3,7.9,7.54,0.58
2093,1,8.4,5.62,0.56
1790,3,9.8,8.77,0.72
1566,2,15.4,8.92,0.66
2419,6,12.6,11.32,0.56
2415,3,12.9,7.9,0.76
1137,1,10.3,6.76,0.75
1672,5,12.9,8.85,0.55
1996,2,9.1,8.05,1.0
1608,1,11.0,7.6,0.61
2209,1,3.7,8.06,0.52
1996,3,15.8,7.11,0.65
3082,3,8.6,9.08,0.62
728,1,11.4,6.86,0.77
1714,2,10.2,9.63,0.53
1164,3,18.6,6.64,0.41
2222,4,14.2,7.8,0.8
667,4,21.1,10.06,0.73
2042,3,12.8,7.44,0.75
1358,0,10.3,7.97,0.6
1286,2,5.7,7.05,0.65
787,2,13.4,5.21,0.69
1474,3,15.6,9.72,0.91
2559,4,7.3,7.62,0.54
1782,3,5.4,8.39,0.77
2239,2,20.1,8.16,0.53
2965,3,12.5,7.34,0.68
1984,3,13.4,8.26,0.87
1408,3,18.0,9.72,0.82
2127,2,10.2,8.01,0.7
1418,2,6.4,7.1,0.49
1446,2,8.1,7.28,0.62
736,1,13.7,7.23,0.59
2448,4,5.5,9.63,0.58
1529,5,14.1,8.31,0.74
1927,0,5.6,8.31,0.67
1074,2,13.0,7.01,0.93
2105,3,15.4,10.7,0.46
1266,3,18.2,7.09,0.76
1700,4,13.5,9.82,0.49
2414,4,16.2,9.42,0.63
2353,2,4.7,6.93,0.57
1784,3,7.8,6.72,0.99
562,3,18.1,7.78,0.69
3022,2,21.9,8.55,0.53
2305,1,6.9,7.39,0.57
1272,3,11.8,9.75,0.75
1720,2,12.8,7.34,0.61
1419,6,10.4,9.05,0.62
2684,5,16.3,8.73,0.74
1983,2,15.4,8.28,0.49
1251,1,6.3,7.02,0.95
1470,0,4.3,6.51,0.58
2584,1,14.9,7.01,0.91
2920,3,6.8,8.92,0.65
2869,4,9.4,8.48,0.92
2329,1,14.2,7.75,0.65
1623,1,12.9,8.26,0.65
2008,1,4.1,6.1,0.57
1798,5,9.0,7.22,0.41
1897,2,12.1,6.63,0.8
1837,2,13.1,9.29,0.83
871,2,11.4,7.41,0.86
2190,4,18.2,10.14,0.73
2242,2,10.4,6.8,0.59
2277,3,12.2,6.14,0.69
2462,6,21.5,10.56,0.42
2222,6,11.0,10.2,0.82
1512,4,14.3,8.06,0.71
1750,5,15.8,8.64,0.71
1863,3,8.4,8.01,0.73
1875,2,10.5,9.28,0.64
2498,1,9.1,8.44,0.97
2250,3,8.5,8.28,0.68
3254,0,1.5,6.81,0.94
3344,2,6.2,6.29,0.65
1855,3,11.6,7.03,1.0
500,2,8.1,8.33,0.76
2665,4,5.9,9.11,0.57
1421,0,16.4,5.81,0.6
1238,1,9.5,7.2,0.87
1521,2,10.1,7.01,0.68
1487,1,1.8,8.43,0.54
2228,4,17.8,7.18,0.57
708,0,15.8,6.62,0.7
1045,5,15.7,10.45,0.47
2040,1,7.5,5.83,0.91
2236,2,10.2,6.1,0.6
2249,2,8.7,6.33,0.61
1249,6,12.3,9.78,0.55
1115,2,8.9,8.6,0.76
1445,5,16.6,8.65,0.6
1967,3,13.5,8.03,0.99
2839,4,25.0,9.72,0.64
500,3,17.8,7.59,0.91
1645,0,0.0,5.74,0.85
867,1,13.2,6.8,0.7
643,3,25.3,8.8,0.75
2476,2,15.8,6.59,0.73
2181,2,6.9,7.42,0.79
2114,1,13.7,7.42,0.62
2444,3,10.2,9.4,0.6
1464,2,5.0,8.8,0.6
1497,0,8.7,7.35,0.92
3330,3,18.4,10.55,0.9
1627,3,17.7,7.14,0.6
2314,4,11.7,9.93,0.47
1804,3,9.0,8.93,0.5
506,3,19.2,6.49,0.83
500,3,17.9,6.6,0.58
1394,3,9.8,8.5,0.67
2539,1,5.8,7.16,0.8
2351,2,10.9,7.07,0.84
2439,6,11.6,10.85,0.31
1109,2,18.1,7.27,0.66
2931,1,8.1,8.39,0.77
1124,4,21.6,9.91,0.38
1948,2,5.4,6.69,0.54
1792,2,5.2,7.51,0.84
1678,3,12.0,9.71,0.49
2737,6,16.0,8.21,0.77
1306,4,12.7,8.54,0.7
855,1,5.2,7.5,0.91
1813,1,8.1,6.55,0.74
1520,2,7.9,8.97,0.74
2273,2,7.7,9.36,0.57
1513,2,8.9,7.63,0.65
1060,2,2.9,5.82,0.75
500,3,16.0,7.9,0.71
1082,2,18.9,8.07,0.54
1880,3,11.8,6.85,0.67
2799,2,3.7,9.65,0.57
2585,5,12.9,10.41,0.49
1960,6,14.5,8.82,0.27
1573,2,11.5,7.27,0.93
1988,3,20.6,9.35,0.72
1436,5,8.6,10.31,0.78
3002,4,14.4,9.26,0.4
1667,6,19.2,10.47,0.49
1739,3,15.4,8.36,0.53
500,1,14.8,8.97,0.68
1663,2,10.4,7.43,0.79
2385,1,9.1,6.4,0.7
1052,3,12.5,8.96,0.61
1274,2,10.4,6.62,0.81
766,1,10.2,7.01,0.62
2540,6,17.7,10.04,0.7
1427,5,11.3,8.22,0.65
1528,3,14.0,7.36,0.42
1013,4,9.1,7.56,0.76
2064,4,11.1,7.79,0.81
3521,3,10.8,10.35,0.57
2347,3,17.0,7.49,0.67
1195,3,13.2,9.09,0.31
2594,7,20.5,9.95,0.27
1578,4,14.0,8.09,0.6
2762,3,14.1,9.22,0.78
2364,2,9.2,8.85,0.58
500,0,8.1,5.83,0.67
1097,2,15.5,7.8,0.78
2461,1,1.7,9.93,0.88
1906,3,11.6,8.56,0.81
1083,6,16.1,10.88,0.7
1356,1,11.8,5.49,0.56
500,5,15.0,6.41,0.48
1738,1,9.6,7.59,0.67
3347,4,7.7,9.94,0.47
2363,1,6.6,5.11,0.71
3333,3,18.0,10.81,0.59
2417,3,19.8,10.05,0.58
2519,3,15.1,7.84,0.65
3181,2,6.5,7.46,0.52
2064,5,18.4,8.48,0.83
1668,2,13.9,7.07,0.71
2522,6,11.5,10.85,0.7
2817,2,10.4,8.57,0.71
1294,1,12.2,6.84,0.9
1897,2,9.3,9.14,0.78
2382,5,9.3,8.51,0.58
2358,3,12.2,9.83,0.62
803,2,14.0,8.58,0.7
1351,2,14.6,7.66,0.74
1614,0,9.9,7.85,0.78
1168,2,16.0,6.07,0.5
3688,5,5.2,10.83,0.58
1969,7,9.8,9.03,0.43
1204,2,10.5,7.58,0.63
2404,4,14.2,8.67,0.62
2338,1,0.0,7.82,0.75
1668,3,22.2,7.15,0.53
2388,2,6.4,6.57,0.59
1454,2,13.5,8.3,0.5
500,2,21.6,7.41,0.54
873,4,2.7,7.5,0.55
2949,3,1.2,7.26,0.6
1846,3,12.7,10.28,0.66
2964,0,0.0,7.29,0.68
1687,1,4.5,4.75,0.41
1839,2,15.4,7.18,0.61
1712,1,13.5,9.36,0.63
1649,0,12.3,6.63,0.46
2600,3,10.4,9.28,0.73
1905,1,7.4,7.65,0.79
2298,3,13.7,7.8,0.66
2521,2,9.2,9.19,0.76
2071,3,11.8,8.95,0.6
1120,2,10.7,6.22,0.9
852,1,14.4,8.17,0.87
1904,3,11.0,8.3,0.6
1680,4,14.5,9.09,0.6
1861,4,12.3,9.16,0.33
1788,2,0.0,8.52,0.6
3608,1,11.5,8.99,0.73
868,3,7.1,6.95,0.65
500,2,10.5,6.94,0.43
2032,2,9.5,7.16,0.8
1536,1,11.5,8.41,1.0
2021,4,6.1,8.26,0.3
2208,2,17.5,7.98,0.86
2698,2,12.0,8.38,0.89
744,3,10.5,8.05,0.68
1410,4,13.3,9.15,0.68
2100,2,16.1,10.53,0.78
2339,2,10.7,7.3,0.88
3335,3,11.5,9.49,0.81
2468,6,15.8,10.18,0.53
1760,4,17.2,9.03,0.5
1176,3,9.3,6.75,0.77
1404,3,12.5,8.15,0.87
1385,4,13.9,8.79,0.81
2258,1,12.1,7.75,0.47
1979,5,19.0,10.66,0.78
873,2,10.8,6.44,0.74
1494,4,10.4,7.7,0.72
2414,2,13.8,7.41,0.47
2046,7,8.6,8.94,0.56
2198,2,5.0,8.64,0.71
2938,4,9.2,9.23,0.7
1965,5,7.0,8.92,0.57
1529,1,14.0,5.43,0.43
1158,0,6.3,7.44,0.65
1974,2,1.8,6.62,0.77
500,1,3.2,7.22,0.56
1670,1,10.8,7.78,0.65
1655,1,1.0,7.5,0.9
844,1,9.7,5.71,0.72
1150,5,13.8,7.95,0.69
2366,3,10.9,9.09,0.84
1961,5,14.0,7.05,0.43
1871,3,6.1,7.79,0.53
2014,3,9.0,7.31,0.56
1864,2,4.0,8.51,0.7
2670,2,6.5,7.19,0.54
1886,2,7.1,6.8,0.92
779,1,6.2,6.03,0.51
2941,3,9.8,7.07,0.79
2059,4,14.2,9.55,0.83
1387,5,13.3,8.84,0.28
922,2,8.4,7.54,0.48
2077,1,4.8,7.28,0.67
1717,1,4.8,8.39,0.78
2901,5,15.6,10.75,0.51
1557,0,6.3,5.77,0.64
1213,5,13.2,9.56,0.59
2427,0,15.2,8.33,0.64
2447,4,7.0,9.34,0.3
1918,5,10.7,8.38,0.51
2273,3,18.4,8.74,0.47
1773,3,10.7,8.32,0.68
1963,4,12.5,8.22,0.52
2615,2,20.1,9.08,0.53
2237,4,24.9,9.59,0.6
1681,4,19.0,9.8,0.48
2746,2,8.2,8.11,0.41
500,3,13.1,7.94,0.66
3236,1,1.6,9.72,0.54
605,1,9.7,9.9,0.8
1361,1,10.7,6.57,0.79
1771,4,11.6,8.84,0.51
1697,4,13.0,8.24,0.82
2504,2,19.1,9.53,0.79
1059,5,12.6,8.22,0.46
1982,1,10.0,6.2,0.94
2006,3,14.9,7.65,0.83
1754,3,11.4,9.06,0.75
1865,5,13.1,9.44,0.5
1415,4,17.7,10.83,0.52
1442,2,9.2,7.99,0.64
2001,1,7.1,6.55,0.68
2460,1,10.3,4.8,0.48
1381,5,13.8,7.04,0.64
1191,4,12.3,7.13,0.8
2229,4,16.7,10.51,0.82
1777,1,6.0,5.07,0.64
2381,5,9.6,7.14,0.63
1165,4,15.2,9.19,0.81
554,3,14.9,7.13,0.65
1426,3,12.2,5.53,0.89
1263,3,6.1,7.48,0.51
1744,1,20.5,6.64,0.66
1354,2,12.7,7.55,0.47
2318,6,17.3,10.95,0.66
1598,1,3.5,6.99,0.58
1905,5,11.9,10.25,0.73
1910,1,11.8,7.49,0.83
1936,4,15.9,8.06,0.89
1783,4,10.4,7.37,0.69
2157,3,21.1,8.87,0.68
1243,2,12.9,6.37,0.47
2779,2,7.4,8.42,0.76
1634,2,7.0,6.61,0.9
881,3,7.6,9.2,0.89
1931,6,9.9,10.41,0.52
1204,4,12.6,6.94,0.64
2265,2,11.9,6.56,0.85
3346,7,24.1,10.59,0.56
1249,2,14.1,9.82,0.81
2032,0,13.9,7.01,0.99
571,5,11.5,7.69,0.68
2117,5,15.8,9.37,0.34
1180,1,9.2,6.63,0.9
1362,3,5.8,7.86,0.56
1029,1,12.4,8.31,0.57
2312,4,18.4,7.5,0.51
2505,4,10.0,7.56,0.63
1816,3,17.6,10.57,0.61
1194,3,13.9,8.66,0.53
2912,4,11.7,9.59,0.47
1274,3,14.9,8.21,0.58
500,0,15.5,6.59,0.75
2120,3,21.0,8.62,0.96
1026,2,11.3,6.88,0.9
2492,2,16.0,8.67,0.62
1533,2,18.4,8.93,0.94
2222,3,11.9,8.36,0.65
2781,1,11.8,8.28,1.0
953,3,2.9,7.53,0.7
1403,4,9.2,7.39,0.69
1747,3,11.7,7.8,0.71
2876,7,8.7,10.89,0.44
1339,3,8.8,7.84,0.92
1383,3,18.0,7.67,0.6
1906,3,14.7,6.94,0.44
713,0,1.1,5.3,0.75
3350,2,6.5,8.24,0.63
856,5,14.1,8.14,0.38
1574,1,11.5,9.52,0.68
1777,1,10.8,9.59,0.74
3138,3,10.0,8.12,0.73
872,2,9.0,7.74,0.49
3188,3,14.3,8.11,0.44
2330,1,1.9,8.29,0.87
2091,5,9.2,8.94,0.88
1110,7,18.6,9.83,0.38
2199,5,11.3,10.89,0.46
1293,2,12.3,5.54,0.59
2686,0,8.7,9.39,0.6
1120,2,0.8,8.0,0.63
1720,2,6.5,7.81,0.57
1411,1,13.7,9.6,0.78
1108,5,10.6,10.43,0.57
2318,0,14.8,7.8,0.79
2174,7,11.7,8.78,0.77
2646,4,21.5,8.35,0.79
554,1,7.5,4.61,0.67
2544,3,15.4,9.96,0.75
3553,5,17.5,10.07,0.94
1483,3,19.4,8.55,0.4
3126,5,15.1,9.13,0.56
1615,4,16.2,8.33,0.58
839,2,8.2,6.36,0.73
1586,2,9.4,7.9,0.59
2533,1,6.4,6.88,0.82
1213,1,6.8,6.01,1.0
1379,2,0.0,7.42,0.45
2215,0,7.1,6.47,0.74
1802,1,9.2,6.67,0.66
2209,2,2.6,8.6,0.69
1966,7,21.2,11.76,0.36
2135,4,8.9,10.11,0.59
1497,2,10.6,7.83,0.8
1962,2,14.3,9.41,0.7
1150,4,10.8,9.6,0.81
2701,1,9.8,9.0,0.87
1356,3,11.7,7.8,0.6
2590,1,10.4,7.94,0.75
1636,2,11.1,7.17,0.49
1941,5,13.4,10.69,0.56
1453,3,6.9,7.29,0.89
1088,5,20.2,10.37,0.52
578,3,12.2,7.1,0.67
1061,5,12.0,7.79,0.45
1573,3,4.5,9.42,0.49
1948,3,16.7,8.47,0.83
2507,2,5.2,6.19,0.67
1487,3,13.9,7.62,0.66
1182,2,9.4,6.99,0.57
790,3,14.9,4.8,0.63
2136,3,19.4,10.28,0.65
2768,3,6.6,5.9,0.5
2686,3,6.0,6.39,0.8
2296,4,14.8,8.73,0.59
2988,4,11.2,10.81,0.49
2032,2,10.3,7.79,0.66
2252,2,3.4,7.19,0.61
1575,1,14.3,6.44,0.75
846,0,8.3,5.88,0.96
1321,3,16.6,7.6,0.75
1793,0,9.5,7.84,0.76
1842,3,10.8,8.79,0.61
3148,5,19.1,8.95,0.71
1856,4,13.7,9.22,0.48
2625,3,5.0,8.4,0.59
1495,4,17.1,8.33,0.61
1581,7,23.4,10.74,0.43
869,3,8.0,7.92,0.64
1280,4,12.4,9.27,0.37
2168,0,18.0,6.37,0.78
1805,3,9.9,6.82,1.0
2460,2,5.2,11.14,0.74
1926,3,8.6,9.12,0.68
1553,1,7.8,7.38,0.55
3303,3,17.3,8.38,0.53
1734,3,9.5,8.87,0.54
2614,4,16.7,8.84,0.47
1519,2,12.2,6.46,0.77
2296,4,13.1,6.89,0.55
2449,0,8.1,6.81,0.68
1945,4,1.5,8.01,0.98
500,2,12.9,5.83,0.61
1812,4,18.6,10.34,0.74
2661,4,9.8,7.0,0.71
2169,4,18.7,9.42,0.8
2112,2,8.3,5.79,0.71
594,1,8.8,6.15,0.81
1295,1,10.5,6.55,0.55
2087,1,16.1,8.18,0.68
2087,4,3.2,8.0,0.67
2650,3,15.0,10.15,0.99
1698,3,13.2,8.46,0.63
2084,0,11.0,6.58,0.77
1811,2,9.9,8.22,0.67
1109,4,11.2,8.49,0.94
500,1,19.6,5.95,0.83
2101,3,8.5,9.26,0.7
1921,4,12.9,7.11,0.53
1367,1,19.5,7.2,0.78
666,1,14.0,5.42,0.8
2240,2,2.1,7.94,0.64
1613,5,8.3,11.38,0.44
2189,5,19.0,8.75,0.43
3104,1,9.6,9.27,0.58
500,0,20.8,5.76,0.82
1310,5,15.0,8.11,0.85
1653,2,14.2,8.9,0.89
2818,3,13.6,6.42,0.8
654,3,18.1,7.42,0.78
3155,5,24.8,8.29,0.65
1895,1,10.8,6.65,0.75
1732,2,18.3,8.75,0.62
1661,2,14.2,7.94,0.7
1494,4,14.3,7.87,0.71
2533,0,8.4,9.45,0.74
1052,2,4.2,9.5,0.35
2041,6,24.3,11.61,0.45
1531,1,9.9,4.39,0.76
1266,0,3.1,6.17,0.72
3610,6,12.6,9.04,0.69
2093,2,5.0,7.19,0.57
2229,0,11.0,8.83,0.8
2596,1,16.8,6.63,0.9
805,2,7.3,10.09,0.69
3026,3,6.1,10.3,0.63
500,3,0.9,5.72,0.81
1261,4,7.4,6.76,0.44
1478,1,3.4,5.82,0.67
2207,2,19.7,7.54,0.46
1953,2,2.9,9.22,0.68
1683,1,11.8,9.47,0.88
1791,2,12.4,8.01,0.68
1115,4,12.4,7.49,0.46
751,3,9.6,8.23,0.82
2308,4,21.8,9.95,0.68
2285,5,15.9,10.14,0.49
2909,5,7.1,8.52,0.73
1246,2,8.8,8.09,0.75
2284,1,8.6,8.27,0.96
1601,3,8.2,6.77,0.64
2633,4,13.1,8.94,0.75
2515,3,15.8,8.99,0.37
1947,4,13.7,8.62,0.46
1562,2,13.8,8.77,0.64
2472,2,13.2,8.9,0.74
2252,0,11.9,8.13,0.72
1320,1,16.8,9.44,0.66
870,2,6.6,8.96,0.68
1598,3,3.2,7.25,0.76
2860,1,12.6,7.54,0.67
2602,2,20.7,7.13,0.67
1021,2,11.1,5.33,0.75
982,1,3.8,7.18,1.0
2692,4,15.1,9.47,0.57
1005,4,4.7,6.08,0.83
2156,3,12.3,7.06,0.55
2931,5,11.0,9.81,0.45
1260,3,22.8,7.37,0.79
2600,1,2.8,8.54,0.79
1929,0,10.4,8.48,0.92
1976,4,16.0,8.69,0.47
500,5,9.0,8.89,0.58
500,1,17.4,5.23,0.62
1645,3,8.8,7.36,0.59
1972,1,9.4,8.25,0.52
1012,3,11.3,7.55,0.57
1037,1,13.0,7.97,0.81
2193,4,25.4,10.52,0.61
2193,3,7.2,8.83,0.91
1703,1,11.0,5.3,0.74
2346,1,15.3,7.92,0.86
978,6,10.0,6.81,0.47
1550,2,8.7,5.4,0.46
2953,4,17.3,6.65,0.68
1847,1,6.0,7.98,0.83
1888,2,7.9,9.53,0.7
3414,1,0.0,4.82,0.74
820,2,6.4,5.68,0.88
2357,4,4.1,8.07,0.62
2964,3,11.5,8.1,0.54
1572,3,0.9,7.62,0.92
2401,4,10.6,7.88,0.92
1112,2,11.2,6.54,0.92
1319,2,9.4,9.41,0.83
2069,4,16.0,9.21,0.61
2358,2,13.1,7.62,0.79
2584,4,5.2,10.5,0.64
2898,3,11.5,7.84,0.59
1752,2,0.0,9.57,0.47
2635,2,9.5,7.84,0.75
1560,2,6.2,6.53,0.83
2431,3,9.8,8.88,0.67
1945,2,8.8,8.58,0.9
2111,3,13.9,8.82,0.77
2096,1,8.9,6.82,0.52
676,2,7.3,7.8,0.87
1013,3,1.1,9.85,0.6
1871,2,13.6,6.69,0.52
618,3,5.1,6.67,0.56
2381,7,8.3,7.85,0.81
2410,2,4.8,7.82,0.95
2029,1,13.4,8.47,0.67
1015,3,10.8,9.53,0.81
2766,5,16.9,8.35,0.67
3226,2,4.8,9.58,0.64
1902,2,9.1,7.52,0.74
2157,2,19.8,8.58,0.42
1941,4,11.1,8.23,0.55
2171,0,2.7,7.32,0.74
1716,4,10.0,8.28,0.68
1775,3,14.1,8.09,0.85
2434,1,16.3,7.38,1.0
3441,4,0.7,7.87,0.52
819,5,12.8,8.19,0.67
1727,3,8.5,4.57,0.74
973,2,8.7,5.64,0.27
2914,2,5.8,6.1,0.78
1388,1,4.5,7.66,0.62
789,0,1.8,7.73,0.48
2246,4,8.4,9.91,0.64
3021,4,11.7,8.81,0.77
2264,3,10.7,9.6,0.54
1943,5,16.5,8.18,0.86
2086,4,13.5,10.73,0.54
2790,2,10.9,7.55,0.99
1188,3,15.6,7.5,0.64
1721,4,6.9,9.46,0.86
1483,6,12.0,8.46,0.55
982,6,12.8,7.47,0.56
1570,0,7.4,5.92,0.68
2575,2,14.6,8.54,0.65
2196,4,13.7,8.47,0.55
2251,1,14.7,7.74,0.68
1902,5,21.7,7.16,0.8
2166,3,9.3,8.51,0.76
1239,1,0.5,5.76,0.48
1583,2,16.4,5.93,0.66
1934,2,9.3,8.16,0.91
1994,3,10.3,8.11,0.8
2024,0,11.2,6.58,0.63
1703,2,9.8,6.72,0.62
1535,2,9.9,7.15,0.78
2434,5,9.3,10.38,0.42
2089,1,5.2,5.18,0.72
1636,2,15.5,8.3,0.79
1484,0,13.3,6.6,0.8
1708,0,8.2,5.76,0.73
2004,5,12.9,8.41,0.54
500,2,13.6,8.2,0.83
701,2,9.0,7.08,0.55
1354,6,16.0,9.94,0.69
1944,3,21.0,8.01,0.78
1632,1,16.7,6.55,0.65
2834,3,5.4,7.04,0.71
762,2,11.2,7.52,0.77
1274,2,4.6,7.36,0.67
2864,1,12.8,6.93,0.59
1891,0,3.0,7.19,0.55
2419,2,18.3,8.92,0.53
3235,4,6.7,8.2,0.75
1314,2,5.1,7.55,0.49
1730,0,1.5,8.51,0.8
1609,5,10.9,9.45,0.54
500,4,14.7,8.3,0.47
1582,1,14.4,9.54,0.51
2416,3,7.3,9.69,0.64
2178,3,15.4,7.58,0.85
2233,2,8.7,7.07,0.7
1537,3,4.6,6.02,1.0
1340,1,14.0,8.02,0.99
2688,1,7.5,7.99,0.57
1451,3,8.8,8.45,0.48
2005,1,17.6,5.67,0.85
1914,3,15.5,8.14,0.53
2823,2,22.7,10.52,0.57
2479,0,6.8,4.48,0.84
893,1,10.6,6.91,0.97
968,2,4.9,6.97,0.82
2205,1,13.3,6.0,0.74
1754,4,9.8,7.35,0.8
1481,5,8.0,8.28,0.85
2510,7,12.7,10.43,0.52
1931,7,16.7,11.76,0.4
1836,3,24.3,8.4,0.56
2345,0,8.7,7.55,0.74
1537,6,14.0,7.23,0.51
2897,2,14.0,8.46,0.74
2259,4,4.8,6.88,0.67
2803,7,17.8,10.22,0.47
835,3,18.0,4.05,0.67
1559,2,9.3,8.41,0.9
2599,1,10.5,8.36,1.0
2610,4,13.7,8.1,0.64
1679,2,15.7,7.85,0.91
1285,3,9.2,6.36,0.7
2469,1,7.9,9.03,0.5
2628,4,13.9,9.94,0.66
984,3,8.9,9.03,0.47
957,3,7.6,5.49,0.85
1957,1,12.4,6.12,0.67
1590,3,8.5,9.56,0.44
2275,3,9.4,7.7,0.57
1302,0,8.0,6.99,0.44
500,3,14.4,7.37,0.71
1503,1,7.5,5.58,0.89
1606,4,15.2,9.77,0.65
988,2,5.2,7.41,0.97
529,2,9.0,8.42,0.6
1440,6,0.0,8.05,0.48
2428,1,9.6,8.7,0.64
2679,2,10.7,8.62,0.8
2631,4,13.8,10.03,0.5
1228,5,3.3,8.13,0.59
992,2,6.7,8.25,0.93
2147,3,14.9,7.39,0.48
2244,5,25.5,9.61,0.7
2080,1,12.1,8.15,0.88
500,3,21.4,8.03,0.79
1193,1,16.2,5.17,0.87
1779,1,10.6,8.06,0.61
2141,2,15.3,7.95,0.83
2337,3,20.7,10.35,0.53
1900,2,10.8,9.53,0.68
2031,3,6.1,7.68,0.46
1859,3,13.8,9.2,0.68
2279,3,10.5,8.3,0.67
2019,2,8.0,5.78,0.91
1846,3,11.9,7.45,0.5
1612,4,9.2,8.93,0.59
1856,5,11.6,8.31,0.47
2139,3,8.8,9.3,0.58
1987,3,9.3,9.27,0.43
2066,2,8.0,9.17,0.51
2739,3,18.5,9.69,0.76
1985,5,8.0,10.18,0.39
1345,2,15.8,6.51,0.38
2418,2,21.3,9.04,0.81
843,4,7.9,8.69,0.5
1043,1,8.9,7.49,0.91
2035,2,9.8,6.84,0.67
2161,1,0.8,5.91,0.72
928,0,10.4,6.37,0.53
1532,0,9.6,8.77,0.66
1375,7,22.0,11.22,0.48
1459,2,12.5,5.4,0.83
2460,3,12.6,7.08,0.7
2294,3,8.2,8.5,0.69
1786,7,7.2,9.67,0.45
1417,1,12.2,5.07,0.71
855,2,18.2,6.27,0.87
2794,1,2.1,7.39,0.79
2214,1,12.8,6.45,0.71
1305,2,10.1,6.6,0.6
2303,2,5.6,9.59,0.82
1750,4,20.4,8.65,0.66
1599,0,9.5,5.78,0.81
2104,4,14.1,10.04,0.67
1280,4,5.2,8.0,0.76
1559,0,16.3,6.5,0.51
1885,4,9.3,9.84,0.64
1450,5,15.7,9.16,0.47
2268,3,16.5,6.81,0.57
3108,4,14.6,9.85,0.5
1271,3,15.9,7.54,0.72
634,6,20.4,8.41,0.79
500,3,23.3,7.52,0.86
1694,2,4.0,7.48,0.8
1335,5,14.0,8.58,0.84
1945,3,19.3,10.19,0.66
1892,6,15.0,8.48,0.43
677,2,0.0,7.82,0.66
529,1,16.4,6.03,0.79
2007,3,12.4,5.74,0.83
1894,1,4.1,6.76,0.91
1501,2,11.6,9.74,0.43
639,3,14.3,7.75,0.35
2129,5,10.0,9.96,0.56
2690,2,9.8,8.66,0.83
1994,5,17.3,9.71,0.53
1206,1,4.5,5.93,0.65
1831,4,16.6,9.02,0.54
843,0,16.5,8.5,0.69
2540,5,4.8,6.43,0.66
1857,4,13.8,7.63,0.34
562,3,14.0,8.52,0.81
1589,0,8.8,7.53,0.86
2124,1,13.3,9.87,0.5
1566,1,10.9,6.9,0.76
1606,1,14.1,10.24,0.78
942,2,14.6,6.49,0.54
2196,2,5.3,7.0,0.61
1346,1,1.7,4.7,0.65
500,1,3.0,4.8,0.42
1540,3,19.9,7.7,0.56
2486,1,5.9,7.47,0.86
1529,2,11.1,7.27,0.54
3016,4,17.6,8.33,0.64
2100,6,14.7,9.53,0.63
2037,6,19.2,9.61,0.43
1710,0,11.3,9.59,0.91
1752,3,8.5,7.41,0.6
1615,3,5.8,8.34,0.6
1588,2,14.9,7.74,0.7
2171,4,15.1,11.58,1.0
1144,2,7.6,7.61,0.82
1046,3,16.9,9.78,0.67
1013,2,9.6,8.91,0.6
3231,1,10.7,5.93,0.9
2171,6,16.7,9.74,0.8
2013,6,13.1,9.28,0.67
1059,5,9.6,6.42,0.62
2236,0,15.1,5.51,0.91
1718,4,20.8,9.63,0.76
1949,2,6.4,9.28,0.64
1116,5,13.2,8.57,0.71
1912,3,15.1,7.01,0.57
1503,1,11.3,7.97,0.77
1264,4,20.7,8.69,0.38
2313,4,15.5,8.74,0.77
723,2,11.8,6.83,0.55
2195,1,0.3,4.32,0.84
2279,3,2.5,8.62,0.59
1184,4,9.7,10.08,0.5
1225,2,8.3,6.66,0.51
1643,2,11.1,10.9,0.7
1997,0,12.6,7.0,0.87
1693,3,11.1,4.92,0.45
2103,1,6.6,8.91,0.63
3034,5,17.0,10.4,0.69
1444,3,10.0,8.6,0.59
599,3,13.7,7.3,1.0
2378,2,5.3,6.69,0.51
2978,3,13.5,9.49,0.7
2074,1,6.6,6.31,0.86
1038,5,18.3,8.66,0.45
1713,3,10.5,6.15,0.89
1017,5,13.1,9.89,0.77
2249,3,7.9,6.64,0.58
854,3,17.2,9.42,0.79
1589,2,11.9,7.5,0.63
1096,0,16.2,6.96,0.54
1888,5,15.1,9.56,0.71
1543,3,4.4,8.61,0.68
1815,2,16.0,7.97,0.69
1109,3,10.0,8.48,0.69
2238,2,4.8,6.33,0.56
1765,2,19.7,7.0,0.56
1108,4,13.8,8.35,0.63
3368,4,18.1,8.94,0.7
2133,0,4.9,4.83,0.83
1692,5,15.5,10.01,0.69
2790,0,7.4,7.3,0.94
3089,5,13.2,7.45,0.43
1698,3,13.0,7.34,0.76
2043,2,0.0,8.44,0.79
1108,3,15.9,6.86,0.67
1696,3,16.0,8.23,0.76
1660,3,8.8,7.15,0.58
1929,3,13.9,8.62,0.58
2032,1,16.5,7.14,0.88
2191,5,11.7,9.94,0.67
1966,2,11.2,10.21,0.78
952,2,7.5,6.4,0.62
1143,3,3.9,9.18,0.61
1417,2,8.8,8.85,0.61
1602,2,7.7,7.21,0.65
2535,1,11.6,8.15,0.86
985,2,16.5,7.61,0.57
1549,2,11.9,5.85,0.61
2467,2,8.9,8.42,0.7
1590,5,11.0,10.32,0.76
2122,1,14.8,6.12,0.76
1702,1,14.5,10.76,0.47
1979,2,8.8,7.75,1.0
1640,3,13.0,9.32,0.8
2266,4,14.7,6.52,0.69
718,1,5.7,7.39,0.6
1545,3,11.1,10.13,0.78
2007,3,7.5,7.8,0.78
2173,2,18.2,7.99,0.76
2845,2,5.4,8.34,0.53
1526,1,6.2,5.28,0.5
2835,3,14.7,9.14,0.73
1338,2,10.5,5.58,0.78
2730,2,9.8,6.59,0.83
2372,2,16.5,7.71,0.64
1160,1,11.0,8.98,0.42
2014,2,9.4,7.02,0.61
1764,0,5.9,8.42,0.77
1643,3,8.1,7.95,0.8
1584,3,9.6,7.57,0.83
2758,5,11.8,9.86,0.32
1730,0,4.3,7.07,0.61
2378,3,15.7,9.88,0.56
1642,1,13.4,7.05,0.63
2966,5,9.5,9.8,0.7
1325,4,18.1,9.2,0.55
2867,6,7.4,10.7,0.52
1488,1,3.9,6.45,1.0
2920,3,16.4,8.66,1.0
2424,4,18.8,8.62,0.82
1691,3,9.1,9.19,0.64
530,2,13.6,9.08,0.54
1786,1,8.1,5.01,0.57
1871,3,22.4,10.51,0.73
2617,1,0.0,8.95,0.57
2911,7,18.8,9.84,0.38
1320,6,17.2,9.82,0.55
2360,2,20.0,7.65,0.7
2335,4,16.6,9.71,0.72
2551,4,3.7,7.98,0.78
2149,6,13.5,10.38,0.7
500,1,11.7,6.07,0.54
1691,1,5.7,6.16,0.61
991,1,8.4,8.03,0.95
1658,2,8.6,6.51,0.72
2486,3,9.1,7.35,0.86
2013,1,8.1,6.72,0.68
2603,2,10.0,7.39,0.63
2039,2,14.5,8.89,0.31
891,2,7.2,6.33,0.9
500,3,10.8,9.94,0.69
1904,2,14.1,6.98,0.7
1650,5,16.8,9.3,0.36
1116,3,3.3,7.09,0.75
609,0,3.8,4.09,0.77
1285,4,9.7,8.18,0.62
1663,5,11.0,7.54,0.54
2266,0,7.0,4.4,0.34
1932,0,2.9,6.96,0.7
2925,2,0.0,5.06,0.53
1075,3,6.9,7.26,0.77
2416,2,14.9,9.4,0.66
1833,6,15.3,9.77,0.46
2286,6,12.9,6.66,0.7
1494,1,9.9,7.37,0.56
2550,5,14.4,7.84,0.75
2006,3,24.6,9.13,0.8
1324,0,11.8,7.32,0.65
1791,5,12.9,7.93,0.64
1632,2,14.9,8.16,0.5
2142,1,13.4,8.26,0.9
974,4,11.4,8.06,0.8
1779,2,14.9,9.88,0.69
2076,2,16.5,8.3,0.65
1823,1,7.9,6.26,0.83
2742,1,3.2,5.95,0.43
2341,3,15.5,9.18,0.62
1794,1,8.2,7.29,0.69
1951,1,10.4,8.05,0.63
2006,3,15.1,9.68,0.84
2082,4,20.1,9.91,0.62
522,3,9.6,6.43,0.6
760,2,12.2,6.49,0.75
2694,3,5.0,10.62,0.61
1757,3,9.5,8.98,0.64
1664,3,15.4,8.4,0.73
2427,2,10.8,7.72,0.5
2095,3,16.9,5.48,0.63
1009,1,6.6,8.16,0.67
1750,7,23.2,10.28,0.59
1565,4,13.1,8.67,0.5
578,3,10.9,7.66,0.59
1316,4,17.3,7.63,0.82
1671,2,3.8,8.03,0.55
1719,2,8.0,9.81,0.85
762,4,14.3,10.69,0.79
2606,4,15.2,6.58,1.0
1728,3,0.2,7.54,0.76
1826,6,11.2,8.15,0.61
2080,1,8.8,6.64,0.89
1248,1,8.7,6.44,0.66
2119,3,14.7,8.73,0.71
1543,3,9.9,6.23,0.54
1172,4,7.7,8.81,0.94
2201,5,16.7,9.41,0.44
2844,6,9.7,11.4,0.66
2307,3,9.0,7.29,0.7
2446,3,7.6,10.36,0.51
1435,4,10.4,8.04,0.49
681,1,0.4,6.85,0.55
2843,6,13.0,8.44,0.46
3238,5,18.5,11.18,0.6
2879,2,9.3,9.23,0.74
1564,5,2.5,10.95,0.64
991,2,2.9,5.49,0.73
1054,2,4.9,6.0,0.84
621,3,10.4,5.86,0.69
1724,5,5.4,7.73,0.71
2923,2,12.7,9.47,0.78
1700,2,18.3,8.9,0.78
2011,2,15.9,8.45,0.79
2762,3,14.5,7.81,0.69
1517,4,17.3,7.62,0.44
3224,3,18.3,8.72,0.79
1708,3,5.4,6.46,0.5
1395,3,18.0,6.08,0.79
2288,0,9.5,7.36,0.75
1556,1,6.9,8.31,0.78
990,1,11.5,7.53,0.89
2696,4,11.0,8.87,0.77
2651,2,8.0,8.84,0.59
1908,2,19.5,8.51,0.57
915,1,0.0,7.04,0.63
939,3,10.7,6.48,0.59
1875,2,5.9,7.4,0.7
1450,4,8.4,10.87,0.59
1561,1,2.4,8.37,0.65
2515,3,10.7,10.85,0.56
2313,0,12.0,5.13,0.77
2764,2,13.0,8.62,0.55
1106,3,12.5,6.62,0.77
1559,2,8.9,9.21,0.71
2331,4,8.6,9.44,0.38
2113,2,10.5,7.02,0.75
2872,5,17.4,10.2,0.7
2094,3,9.9,8.82,0.84
3093,1,5.6,9.48,0.6
2178,5,21.8,10.41,0.45
2543,3,6.6,6.37,0.75
1573,2,14.8,7.92,0.63
1810,3,6.2,9.12,0.72
2437,2,7.2,8.22,0.81
2929,2,15.1,10.89,0.68
2310,4,14.1,7.92,0.65
1741,2,8.6,10.06,0.54
2764,4,20.6,9.33,0.69
500,1,3.3,5.44,0.78
804,2,13.1,7.45,0.62
2277,5,20.2,6.95,0.62
1809,2,10.6,7.63,0.75
2223,3,12.2,8.4,0.75
1845,5,15.1,9.4,0.45
2199,1,1.8,5.01,0.58
1229,2,7.0,8.46,0.54
2199,2,16.1,8.33,0.61
2654,4,10.8,10.96,0.76
3209,2,4.1,8.88,0.79
1970,1,5.5,8.27,0.53
1991,0,11.0,5.95,0.7
733,1,2.3,6.21,0.81
1428,6,6.3,8.23,0.67
1664,4,17.7,9.55,0.62
2535,4,12.8,8.52,0.86
1372,2,4.6,6.34,0.82
2357,2,13.0,8.77,0.79
1798,5,8.4,7.38,0.8
1675,1,8.1,5.46,0.63
1974,4,8.5,6.2,0.47
1526,1,0.0,7.23,0.64
1499,1,14.5,7.43,0.58
606,3,7.9,6.72,0.68
1626,2,17.5,9.5,0.6
1464,1,9.7,10.02,0.75
1438,5,11.4,8.61,0.67
2091,3,6.1,8.65,0.57
2261,3,11.8,8.3,0.68
1962,5,16.5,11.05,0.49
2496,1,14.0,7.41,0.79
2202,3,14.6,7.41,0.42
1593,3,10.3,6.47,0.71
1476,3,14.2,10.83,0.61
2018,1,7.2,7.03,0.61
2201,2,17.9,7.93,0.53
2778,3,9.9,8.62,0.54
2633,6,17.9,8.24,0.88
1420,1,0.0,8.75,0.66
1728,5,16.5,9.36,0.59
2269,5,15.9,9.91,0.6
2547,2,20.1,10.07,0.74
2457,3,9.4,9.33,0.64
1755,2,18.6,7.41,0.72
922,2,10.6,8.34,0.86
1100,3,19.2,8.9,0.76
1990,3,13.3,10.55,1.0
2039,3,8.8,10.17,0.69
1030,4,19.9,6.76,0.51
1831,2,8.6,8.18,0.73
2241,5,12.2,9.11,0.45
994,6,16.5,8.45,0.72
2573,5,14.1,10.93,0.59
1535,2,13.2,8.38,0.75
2680,2,11.7,7.34,0.49
1426,2,13.2,7.7,0.55
1081,3,14.4,8.79,0.44
1479,4,6.6,8.8,0.77
1528,2,11.8,10.33,0.67
1648,5,10.5,8.04,0.82
2033,2,6.4,7.11,0.63
1680,4,11.4,8.97,0.74
1753,3,12.9,7.36,0.62
603,1,8.6,6.32,0.87
2074,3,15.2,6.21,0.6
1737,3,7.1,6.37,0.83
2927,3,20.8,10.64,0.84
1142,2,15.1,5.02,0.49
534,2,8.8,6.6,0.79
2232,1,19.4,6.26,0.91
2042,3,0.0,6.33,0.6
1094,2,15.6,10.06,0.58
729,2,10.6,7.34,0.47
2876,2,16.5,7.21,0.73
2789,4,10.4,8.22,0.6
500,1,3.5,8.96,0.7
1479,5,15.2,8.09,0.58
2964,4,10.3,9.0,0.71
1466,3,13.0,10.06,0.75
1456,4,14.6,9.89,0.98
1602,1,1.2,7.92,0.83
1015,0,12.5,6.94,0.96
606,0,0.0,4.14,0.75
509,6,16.5,10.3,0.55
1973,4,9.2,8.12,0.55
2420,3,3.4,6.61,0.73
784,1,12.2,6.08,0.75
1153,5,16.0,9.04,0.35
2649,2,10.0,8.34,0.86
2173,4,11.0,8.95,0.4
1367,2,13.8,4.44,0.67
2641,2,0.0,7.85,0.65
2644,3,5.0,10.53,0.56
1988,1,12.1,6.0,0.6
1169,1,6.8,7.07,0.73
1510,0,11.6,7.66,0.76
2000,1,4.1,6.02,0.7
1667,3,11.1,7.94,0.46
2457,1,6.6,6.54,0.64
729,1,17.3,7.14,0.66
754,3,9.6,8.13,0.56
1926,5,19.3,10.62,0.74
1455,1,10.6,6.93,0.51
1361,5,9.4,7.31,0.54
562,3,13.6,7.44,0.46
1813,1,10.7,5.39,0.56
1763,3,4.7,6.87,0.65
2257,3,9.7,8.88,0.78
1848,3,11.8,9.98,0.87
1707,4,20.2,9.13,0.55
2623,5,18.1,9.28,0.3
881,1,7.0,6.24,0.85
2175,2,2.7,7.64,0.88
630,0,14.2,5.7,0.57
1213,2,13.3,8.67,0.76
951,2,2.5,8.76,0.72
2347,5,6.8,9.12,0.46
1754,5,10.5,8.43,0.24
1790,1,16.6,9.45,0.6
1025,1,4.8,5.79,0.58
1590,2,6.4,7.85,0.46
1265,0,0.0,6.98,0.75
2068,1,8.2,5.9,0.48
1106,1,19.6,7.84,0.78
2730,7,20.6,8.8,0.92
627,1,11.2,5.93,0.79
1235,3,8.6,7.51,0.98
2974,3,3.7,7.33,0.87
1495,3,15.4,9.02,0.53
879,3,10.5,8.64,0.73
1953,5,16.4,10.81,0.73
1214,4,15.7,6.54,0.45
1032,1,19.1,6.9,0.88
1623,3,0.0,4.9,0.75
500,4,18.9,8.87,0.68
2845,5,0.0,6.83,0.83
2227,7,22.7,10.85,0.76
1263,1,8.9,8.12,0.69
2271,3,4.8,7.35,0.73
1627,1,11.1,8.73,0.67
500,2,0.9,5.77,0.5
3051,3,19.0,10.89,0.63
1496,0,11.3,5.64,0.74
2846,3,13.7,8.91,0.49
2694,1,14.2,9.59,0.61
1099,2,2.8,8.68,0.82
2523,5,16.8,9.46,0.64
1343,2,20.0,6.8,0.39
500,2,4.2,8.53,0.98
1502,3,16.8,6.98,0.58
2078,4,16.4,9.47,0.71
1476,4,9.4,6.66,0.86
1585,2,10.3,6.69,0.65
2600,3,24.8,8.91,0.78
1874,2,12.9,9.09,0.51
1209,4,23.1,7.01,0.26
2291,4,11.8,10.2,0.73
1938,2,13.3,7.49,0.76
500,2,8.9,7.48,0.66
2099,2,12.6,9.78,0.54
2074,1,5.1,8.17,0.62
1814,0,0.4,4.69,0.48
2424,5,11.4,9.59,0.4
1329,3,21.0,9.61,0.49
2035,2,0.0,6.86,0.54
703,2,11.3,7.26,0.64
2084,1,8.6,7.31,1.0
3167,3,12.3,6.3,0.62
1103,2,5.7,6.52,0.43
1268,2,16.0,9.06,0.63
1302,4,12.5,7.39,0.53
1890,3,22.6,7.72,0.75
1055,6,9.5,10.56,0.73
2094,4,16.8,8.46,0.77
2392,1,9.4,8.57,0.77
2174,5,12.0,9.82,0.56
562,1,2.0,8.64,0.77
2496,4,23.6,9.9,0.6
2456,1,5.4,7.09,0.68
2381,4,15.6,10.45,0.78
2060,3,8.6,6.68,0.66
1954,3,17.4,7.52,0.73
2522,2,5.6,6.74,0.52
3146,3,19.9,9.28,0.95
1132,3,6.7,7.47,0.66
2554,4,13.9,8.28,0.67
1739,6,15.8,8.2,0.46
1709,2,8.7,9.66,0.61
724,1,4.6,6.84,0.98
1600,3,10.1,8.74,0.45
1101,4,14.0,6.71,0.63
1475,2,5.1,6.42,0.7
1031,2,6.4,9.68,0.53
1485,4,6.9,9.64,0.71
1515,0,8.1,6.75,0.63
1867,1,19.8,5.21,1.0
669,0,8.7,7.27,0.81
788,3,6.4,7.13,0.66
1241,2,13.9,7.55,0.43
2552,2,12.3,7.71,0.89
1957,2,13.9,6.49,0.63
2224,4,4.9,9.0,0.59
2787,2,13.5,7.06,0.65
1583,1,11.9,5.93,0.69
1397,2,5.8,7.69,0.94
2410,2,21.7,9.14,0.59
2156,2,1.5,9.13,0.44
1668,1,16.6,6.53,1.0
2774,0,5.9,9.54,0.8
1651,3,10.4,8.83,0.62
1822,1,11.2,6.48,1.0
1814,2,1.7,6.43,0.9
1854,1,10.3,7.17,0.86
2777,4,5.9,6.6,0.72
2111,4,11.3,8.5,0.48
1821,4,12.5,10.55,0.26
1686,1,10.0,8.25,0.69
2031,2,6.2,6.95,0.61
2324,3,17.4,8.73,0.71
2226,1,15.4,5.98,0.6
1567,4,22.8,9.99,0.58
2027,2,12.2,7.42,0.97
2135,2,16.4,7.51,0.64
1094,2,19.1,7.57,0.9
1917,2,1.3,4.89,0.48
500,4,24.1,7.33,0.86
2137,1,13.1,8.02,0.7
2262,5,10.6,8.09,0.33
2323,1,8.3,8.29,0.87
1523,4,10.5,7.86,0.6
2016,3,5.4,6.95,0.62
2796,1,16.0,8.63,0.48
2789,2,20.6,8.21,0.61
1779,2,0.2,8.16,0.86
1897,2,19.4,8.19,0.62
2577,6,15.0,10.53,0.37
749,4,15.7,8.93,0.54
1573,2,5.1,8.82,0.81
2734,2,10.0,9.64,0.7
2482,6,22.3,10.34,0.71
2058,5,7.6,9.39,0.83
745,4,16.1,8.75,0.51
1765,1,14.4,7.16,0.72
1387,2,8.0,7.27,0.61
2031,4,7.3,9.12,0.55
1233,1,8.3,6.91,0.58
1081,1,18.0,7.75,0.77
500,1,12.9,6.29,0.58
2655,2,16.3,10.63,0.6
1520,7,6.2,10.33,0.28
1910,3,9.5,9.1,0.82
1798,3,10.6,7.87,0.6
1052,4,6.8,6.46,0.68
918,1,6.6,4.91,0.92
1096,4,13.9,9.3,0.81
1293,6,11.2,8.38,0.51
2056,1,7.2,8.05,0.64
1242,1,13.7,7.79,0.7
3022,3,8.5,9.41,0.53
2519,4,17.7,9.56,0.77
2365,6,13.8,9.78,0.55
1716,2,6.5,9.76,0.58
2859,2,17.3,8.05,0.79
1647,4,13.5,9.51,0.69
1778,1,0.0,6.1,0.51
1918,1,0.0,6.13,0.79
2291,2,6.3,5.04,1.0
2245,0,5.6,4.5,0.77
1467,1,10.5,5.65,0.83
1426,4,13.4,11.17,0.84
2247,2,5.6,6.8,0.84
2300,2,10.0,8.32,0.45
1524,1,7.2,7.08,0.43
688,3,8.7,6.12,0.77
1654,2,7.3,7.87,0.86
3063,6,9.0,7.53,0.71
961,3,6.4,7.59,0.55
1501,5,12.8,10.33,0.55
1527,4,19.9,8.76,0.54
2749,3,10.9,8.2,0.93
1775,4,13.8,5.38,0.44
1164,4,22.9,7.37,0.53
2191,4,14.4,8.51,0.71
1516,0,2.8,6.51,0.62
942,2,17.0,7.07,0.94
1175,3,11.7,7.38,0.67
3013,2,8.7,9.66,0.83
2068,7,11.1,10.43,0.58
1875,3,11.9,9.59,0.7
1625,2,5.7,5.63,0.85
2004,4,12.4,8.06,0.72
1996,3,10.1,7.89,0.86
2004,2,15.9,8.75,0.65
1880,2,3.2,6.0,0.74
2408,5,9.5,8.66,0.32
1816,7,19.4,10.36,0.37
1115,2,7.5,7.45,0.56
1371,4,8.5,8.62,0.5
500,3,11.9,9.45,0.71
2403,6,7.9,9.37,0.59
1218,3,0.2,9.26,0.67
1602,3,18.7,10.42,0.66
1354,3,14.7,6.92,0.68
2879,2,18.1,10.97,0.71
806,1,1.1,5.27,1.0
1880,2,20.9,8.04,0.71
1724,3,10.9,8.54,0.64
2378,3,2.3,9.06,0.43
1727,6,18.8,11.13,0.36
569,2,6.8,7.26,0.89
1624,3,19.0,8.25,0.79
1119,1,3.3,4.64,0.86
1855,2,15.3,8.5,0.9
582,3,10.2,7.38,0.93
1239,1,13.1,7.28,0.56
1413,4,19.3,8.24,0.38
1532,1,0.0,6.46,0.7
2318,3,13.4,8.22,0.71
1678,5,18.7,9.11,0.66
2091,1,6.3,5.84,0.89
1361,4,10.2,6.42,0.63
1960,3,0.0,7.22,0.78
2344,1,10.3,8.11,0.7
1287,4,11.8,8.08,0.5
2346,3,8.2,9.65,0.71
1836,2,7.8,6.71,0.79
2531,2,5.6,7.31,0.69
1659,1,10.8,7.64,0.71
2066,1,9.4,4.7,0.64
1732,2,10.8,8.52,0.79
1981,2,14.1,9.18,0.56
2175,3,18.4,7.92,0.51
925,6,10.1,9.78,0.6
2803,5,9.0,9.21,0.46
500,2,8.6,7.56,0.68
1320,3,7.9,8.82,0.87
1734,7,23.1,8.63,0.54
2088,5,14.7,7.56,0.39
2903,1,5.4,8.01,0.72
500,2,10.8,6.71,0.44
1444,0,7.4,7.64,0.37
500,0,9.3,4.75,0.58
1822,3,11.2,5.87,0.88
1990,2,10.6,7.17,0.58
2913,1,13.9,7.75,0.98
1884,3,7.4,7.36,0.8
2530,2,8.9,6.23,0.94
1495,1,11.9,6.18,0.85
813,1,3.3,7.38,0.68
1992,4,8.1,9.11,0.76
755,6,8.5,8.48,0.53
2706,3,10.0,8.96,0.66
1686,6,19.5,10.88,0.55
2636,4,15.5,11.88,0.65
1463,3,10.9,7.04,0.86
1988,5,5.7,9.51,0.66
1946,3,17.1,9.67,0.64
1768,4,10.5,6.01,0.47
1497,1,7.5,8.23,0.65
2074,3,9.7,6.28,0.5
1151,3,4.1,7.46,0.54
953,4,20.3,10.85,0.77
2669,5,22.5,10.27,0.66
2309,3,10.7,8.34,0.93
1846,1,1.4,5.96,0.67
2965,3,16.9,11.81,0.67
1612,5,17.1,7.83,0.61
2725,3,10.7,8.34,0.65
1922,1,22.3,9.61,0.52
1082,1,13.9,7.72,0.66
3093,3,6.9,9.87,0.78
2493,6,6.7,8.38,0.63
1715,5,11.9,8.71,0.64
2309,3,22.0,8.64,0.88
1517,2,8.6,6.89,0.92
2380,1,8.8,6.28,0.84
500,2,4.6,7.95,1.0
1086,6,12.7,6.43,0.69
2485,2,9.9,8.37,0.61
1625,2,11.3,8.33,0.62
1945,2,9.6,7.75,0.76
857,0,7.0,7.95,0.66
3093,2,6.7,8.22,0.84
2633,3,15.2,8.99,0.3
1659,3,17.2,7.83,0.57
1516,4,19.6,8.17,0.72
3187,2,3.1,7.41,0.48
2467,2,10.2,8.58,0.72
3320,5,18.7,10.03,0.74
1154,2,10.4,7.43,0.44
1226,3,8.8,6.6,0.86
967,1,12.0,6.89,0.61
2109,2,23.1,8.4,0.65
1922,5,7.5,8.47,0.41
1693,3,18.3,7.73,0.67
2366,3,9.5,9.8,1.0
2662,4,9.4,9.07,0.58
732,5,18.1,9.72,0.61
1382,2,9.1,6.75,0.56
2374,3,5.2,7.87,0.48
1472,5,13.9,8.01,0.62
1241,2,11.1,6.9,0.61
2512,1,9.0,6.6,0.76
897,4,13.2,7.75,0.51
1588,3,9.6,9.09,0.68
2030,3,16.2,8.12,0.32
1398,3,12.9,9.76,0.35
2348,1,0.9,6.54,0.88
1401,1,0.3,6.89,0.66
2786,5,21.8,11.13,0.48
1711,2,14.6,6.7,0.6
2269,3,12.9,8.49,0.68
2322,6,12.7,11.34,0.5
1360,3,13.5,7.71,0.48
500,5,19.0,9.1,0.67
2052,3,12.6,6.89,0.61
1850,2,13.7,7.93,0.42
2189,2,19.9,8.61,0.67
1641,0,1.9,6.1,0.61
1498,0,6.8,8.06,0.65
3205,3,16.9,8.23,0.53
769,2,5.9,7.07,0.84
2313,4,11.9,10.27,0.62
1397,4,4.0,7.38,0.59
1564,6,25.2,11.66,0.58
1578,3,9.5,6.38,0.58
1237,1,8.6,7.06,0.56
2199,2,7.5,7.35,0.67
2773,3,12.3,8.98,0.47
2129,3,12.3,9.0,0.72
1872,0,0.0,6.48,0.81
1109,2,1.8,6.62,0.5
2161,1,14.5,6.99,0.54
3309,3,16.7,9.35,0.58
1533,4,16.3,7.09,0.86
1536,4,4.5,9.05,0.62
1407,2,15.8,6.73,0.76
1457,5,7.0,8.89,0.24
500,1,7.1,7.13,0.58
2083,3,7.4,10.51,0.69
672,2,10.8,5.94,0.9
2327,1,8.9,8.0,0.78
1042,1,10.8,6.6,0.95
1562,2,13.6,7.76,0.98
2826,1,4.7,4.68,0.7
813,1,15.7,6.4,0.83
727,4,11.5,7.44,0.43
1988,1,0.0,7.04,0.95
2604,1,4.6,6.13,0.85
697,3,21.4,7.9,0.77
2085,3,14.8,9.63,0.66
2206,2,8.4,6.91,0.85
500,3,15.6,7.76,0.81
2358,1,2.0,6.4,0.58
2413,3,15.9,11.42,0.69
1581,0,15.3,7.22,0.81
2676,6,11.4,11.35,0.52
2595,3,14.8,9.33,0.85
1872,3,17.3,7.14,0.95
1483,3,1.2,4.26,0.84
1119,1,4.3,6.98,0.58
1773,4,11.6,6.97,0.64
2198,5,17.3,9.75,0.52
1573,5,15.5,8.25,0.54
500,1,9.6,4.93,0.66
2688,2,10.3,8.14,0.86
1933,1,5.5,7.42,0.58
1534,3,3.6,6.85,0.55
2400,0,8.5,7.29,0.78
2867,2,9.3,8.09,0.97
500,2,10.2,6.17,0.91
2103,5,12.7,10.66,0.68
801,3,14.6,9.62,0.53
2149,2,4.0,5.99,0.75
1889,2,11.9,8.58,0.84
2245,2,3.2,8.05,0.89
1450,2,11.6,7.71,0.9
500,2,12.0,9.4,0.91
1484,2,4.5,6.02,0.82
2084,5,19.3,9.61,0.68
2510,3,15.0,9.53,0.76
979,2,8.0,5.82,0.92
2518,0,5.6,5.17,0.85
1346,2,9.9,7.85,0.58
2053,5,8.5,6.41,0.72
1443,2,8.1,8.32,0.52
1927,5,19.3,8.17,0.6
2424,1,15.3,8.09,0.55
941,3,19.4,6.13,0.83
1324,6,18.8,9.26,0.64
1929,1,9.5,7.22,0.86
3481,3,9.1,6.78,0.75
1195,2,6.6,9.07,0.64
3228,2,9.5,7.63,0.77
3203,3,14.7,8.96,0.69
1731,2,10.3,6.22,0.72
1591,4,11.0,8.39,0.69
1315,2,20.7,7.15,0.67
1752,2,3.1,7.15,0.65
815,3,14.2,9.26,0.58
1746,1,0.0,8.18,0.79
2847,3,9.6,7.22,0.58
1372,2,5.7,9.77,0.77
1631,2,9.7,9.32,0.8
609,4,12.2,6.75,0.95
2061,3,6.2,8.05,0.77
1985,3,7.6,8.32,0.43
1844,1,4.6,5.95,0.8
1648,3,23.3,7.71,0.84
1595,1,2.7,8.1,0.66
2151,2,12.5,8.33,0.82
1779,3,1.0,9.01,0.73
2020,3,10.5,9.01,0.86
1950,3,17.9,10.21,0.75
2586,0,13.7,7.15,0.76
2273,4,12.6,8.99,0.66
1935,3,15.0,6.49,0.69
2862,4,12.5,6.86,0.63
2094,2,10.3,8.73,0.52
2713,0,1.3,6.01,0.82
2224,1,3.1,5.84,0.89
510,4,11.8,6.21,0.76
2713,6,21.1,8.68,0.57
1894,2,15.6,8.72,0.66
1763,4,6.9,8.28,0.53
1996,2,10.6,7.5,0.54
1558,3,19.6,9.75,0.76
1958,4,16.7,9.66,0.67
1385,2,11.0,8.97,0.64
2691,3,7.6,8.56,0.73
1720,1,10.7,7.31,0.82
1532,3,15.9,9.35,0.94
1152,1,8.4,5.54,0.5
1988,2,12.0,7.45,0.55
1930,0,3.7,5.75,1.0
2071,4,15.6,8.99,0.62
1080,2,9.8,6.83,0.73
679,3,8.1,8.98,0.72
2237,2,15.6,9.52,0.58
2839,4,19.0,9.53,0.53
1081,3,2.2,7.56,0.55
2912,3,9.5,7.07,0.42
1998,1,6.1,6.72,0.88
1795,4,11.8,8.3,0.88
1521,2,13.0,8.28,0.59
830,1,1.3,6.74,0.94
2491,4,17.8,9.65,0.71
1257,2,6.7,6.86,0.92
1254,2,6.3,7.07,0.76
2494,5,16.2,9.02,0.75
500,2,17.1,7.07,0.77
733,0,10.0,7.58,0.66
1787,3,11.8,6.05,0.71
2005,5,10.3,8.8,0.68
2139,3,11.5,7.29,0.89
1588,2,7.8,8.14,0.77
3571,5,6.8,10.23,0.46
1640,7,17.1,10.39,0.49
1638,6,20.2,9.42,0.7
1242,6,13.8,9.42,0.51
1886,0,16.6,7.81,0.73
2230,4,10.6,9.76,0.65
2642,0,3.5,4.59,0.5
757,3,23.3,7.37,0.71
1627,2,10.8,8.24,0.9
2112,3,10.2,7.65,0.32
2210,3,12.1,9.09,0.63
1804,2,10.9,7.77,0.49
2179,1,6.5,9.85,0.75
1233,3,11.9,6.22,0.69
2494,3,5.2,9.5,0.75
858,2,7.2,9.09,0.61
1047,1,4.4,7.76,0.51
1067,4,12.1,8.67,0.59
2274,3,8.3,7.95,0.54
900,1,18.1,6.12,0.72
1568,4,13.9,8.9,0.61
2118,0,0.0,6.9,0.65
1753,1,2.3,4.78,0.74
1981,1,9.4,8.68,0.88
1053,1,12.1,5.61,0.9
2216,1,10.9,9.92,0.71
1370,2,12.8,5.79,0.82
1572,0,4.2,8.67,0.48
1966,5,24.1,8.24,0.5
1816,3,15.9,5.64,0.47
1274,3,4.1,5.23,0.72
1590,2,2.9,6.25,0.62
1801,3,13.6,9.5,0.44
837,4,16.3,6.74,0.69
1476,2,6.0,8.35,0.61
2071,1,14.7,8.71,0.91
905,2,12.4,8.3,0.34
2609,4,13.9,11.92,0.74
2688,4,14.6,8.57,1.0
928,2,11.3,7.99,1.0
2750,1,4.1,5.7,0.83
1699,2,18.6,7.82,0.87
2092,4,16.8,7.43,0.6
1452,1,8.6,5.51,0.65
2446,2,15.7,9.68,0.67
2084,1,17.0,7.83,0.6
1230,0,12.8,7.85,0.42
984,1,11.5,6.68,0.68
777,3,8.1,7.97,0.59
1931,5,10.7,11.99,0.43
2200,1,0.0,8.54,0.61
2255,3,12.8,7.25,0.72
1717,3,11.3,9.08,0.95
990,3,0.0,6.44,0.7
1322,1,0.0,6.5,0.72
2606,3,19.9,11.33,0.66
1460,3,2.9,6.66,0.7
1900,3,14.1,8.42,0.61
1047,3,4.0,8.74,0.66
2035,3,18.5,8.36,0.52
1479,1,12.3,7.37,0.75
2532,3,14.2,9.03,0.8
2341,4,7.9,8.2,0.52
1453,1,11.2,7.85,0.4
1711,2,8.2,7.33,0.69
1414,3,3.9,9.65,0.59
806,3,9.8,6.73,0.66
1199,5,9.8,8.32,0.48
1938,5,9.1,8.35,0.63
2027,4,13.9,8.28,0.5
1903,3,4.1,5.73,0.95
1588,3,18.9,8.85,0.59
2453,2,14.5,9.44,0.26
1844,3,10.2,7.32,0.7
2292,4,20.5,8.77,0.55
558,0,3.9,5.17,0.72
500,1,10.2,6.51,0.58
1998,6,16.9,10.01,0.65
802,2,4.1,6.7,0.61
1651,3,16.0,7.93,0.81
1588,7,12.1,10.4,0.77
2911,4,16.2,5.82,0.59
2079,1,9.7,7.51,0.42
1916,4,8.9,6.85,0.69
2385,1,8.1,5.95,0.45
2057,1,11.4,8.29,0.65
1479,5,17.2,9.49,0.74
2550,2,1.4,7.65,0.7
1023,3,13.9,8.49,0.46
2026,3,7.1,8.33,0.55
716,1,2.7,5.59,0.64
1942,2,9.9,7.07,0.57
1935,3,6.6,8.78,0.73
2973,0,7.6,6.6,0.76
704,2,6.3,7.98,0.49
1379,1,10.5,6.95,0.4
2375,6,19.2,11.27,0.65
2034,2,15.9,10.52,0.67
1926,6,11.3,11.57,0.51
1130,2,8.5,6.19,0.58
1386,5,8.7,9.2,0.59
2671,1,6.1,5.58,0.69
1763,1,5.3,7.89,0.58
2062,5,15.9,8.75,0.48
1719,2,9.5,6.3,0.59
971,2,10.2,7.25,0.52
2453,3,15.9,7.77,0.67
2152,2,14.7,5.6,0.72
3413,2,7.7,7.21,0.74
1089,2,0.0,8.4,0.49
2375,2,15.1,8.13,0.4
881,1,13.5,6.19,0.77
1910,3,8.0,7.85,0.81
2483,5,15.4,9.02,0.26
500,1,17.5,8.91,0.85
1656,2,18.8,10.49,0.68
1405,0,2.3,7.01,1.0
1308,3,9.7,6.61,0.71
2069,4,4.1,5.88,0.31
2584,4,10.4,9.46,0.82
1706,3,8.5,7.71,0.56
1943,6,2.4,11.69,0.62
1880,1,14.4,5.09,0.73
1801,2,17.5,6.73,0.75
1037,3,17.8,7.87,0.89
2575,4,17.6,8.0,0.64
2006,5,5.4,6.82,0.83
2076,2,19.8,7.81,0.61
1235,1,9.4,6.4,0.75
1478,1,11.4,7.31,0.93
1676,4,18.1,9.87,0.67
726,2,12.9,6.55,0.89
618,1,17.5,8.74,0.63
1379,1,5.5,8.08,0.69
2165,2,17.6,8.59,0.86
1342,3,4.2,9.96,0.84
1086,3,13.7,5.86,0.8
1229,2,7.7,8.27,0.82
1481,2,11.5,6.01,0.72
1552,3,17.9,9.26,0.49
3315,4,18.0,10.99,0.54
2538,4,12.9,11.16,0.5
2517,4,6.7,10.06,0.79
2618,3,5.5,6.29,0.51
1100,2,16.5,8.42,0.32
944,1,9.8,7.49,0.75
1025,4,9.5,5.36,0.65
2734,3,6.9,7.34,0.75
1416,4,15.7,8.58,0.77
924,3,20.5,6.38,0.66
1498,1,8.0,6.03,0.66
1632,3,16.5,9.93,0.65
1987,3,6.0,8.41,0.7
1975,3,15.4,8.48,0.59
1220,3,19.3,6.73,0.58
2279,5,10.3,8.41,0.77
1352,4,16.9,8.29,0.68
1690,3,12.7,10.08,0.56
2280,4,12.6,7.67,0.55
1350,4,5.5,9.79,0.65
1401,5,8.0,8.47,0.36
2214,2,12.4,6.86,0.74
1199,2,9.7,10.27,0.68
1530,5,15.6,10.03,0.59
2189,4,19.7,8.13,0.55
3237,4,5.6,9.64,0.56
2223,1,16.1,7.82,0.74
2130,1,3.7,7.55,0.52
2171,2,9.4,9.99,0.68
1048,4,10.1,5.31,0.61
1880,2,5.7,7.72,0.73
1779,4,22.8,9.23,0.5
2025,0,8.9,8.06,0.79
1881,3,19.0,8.42,0.71
2065,2,5.0,6.3,0.79
1581,2,10.0,8.84,0.7
1841,0,1.8,4.96,0.69
940,3,3.8,5.88,0.7
1576,2,12.4,6.38,0.78
2773,4,13.3,8.38,0.57
2023,3,15.7,8.39,0.34
1785,1,21.6,8.48,0.79
3127,3,5.4,8.77,0.8
847,3,9.3,8.51,0.55
1023,2,13.3,8.32,0.83
2998,3,7.6,10.94,0.73
1832,4,14.3,8.4,0.39
1630,2,7.9,8.3,0.88
960,3,9.6,10.03,0.77
2113,3,6.0,9.03,0.62
2181,3,13.4,7.75,0.8
1033,1,10.6,5.89,0.79
1701,3,10.4,9.26,0.55
1565,1,12.4,7.99,0.82
1979,1,6.8,7.0,0.59
1016,2,22.8,11.31,0.68
2676,4,17.8,8.12,0.66
2441,4,17.2,7.34,0.81
1545,4,5.1,7.44,0.7
1648,3,11.2,9.78,0.57
1704,1,5.7,5.21,0.46
1255,3,9.5,6.61,0.63
1489,3,13.0,7.71,1.0
1610,2,9.1,8.41,0.91
2929,3,10.5,8.74,0.53
2462,0,14.0,7.5,1.0
2058,3,11.6,8.45,0.56
1017,1,5.3,5.76,1.0
1770,2,6.5,8.79,0.64
919,2,16.3,8.26,0.43
2245,3,5.3,7.87,0.48
3425,4,11.9,8.72,0.75
2543,1,9.0,7.22,0.72
2789,6,7.2,8.58,0.69
1952,2,6.6,8.52,0.91
2477,2,14.2,8.62,0.55
1297,3,13.6,8.75,0.67
2357,3,13.5,7.49,0.76
2258,3,13.0,8.3,0.84
2002,2,20.7,9.95,0.5
2721,5,14.8,8.16,0.37
1422,4,7.3,8.35,0.66
1669,3,5.9,7.59,0.89
1866,3,10.5,8.15,0.69
1079,2,8.7,8.95,0.55
1958,3,8.9,8.39,0.56
596,1,13.0,8.63,0.67
2532,1,16.4,11.55,0.45
1832,6,14.3,10.59,0.57
1435,0,2.1,6.39,0.63
1215,5,16.5,9.88,0.6
1635,3,10.2,8.21,0.92
2281,2,9.5,8.22,0.87
2183,3,9.6,10.28,0.76
1306,3,8.9,6.25,0.59
1207,4,5.7,8.49,0.76
2259,6,14.3,10.09,0.37
1294,3,10.2,7.6,0.52
1841,1,5.3,7.11,0.67
1886,5,6.2,10.37,0.75
2018,1,12.9,5.88,0.61
2400,1,2.5,5.76,0.74
915,3,11.8,7.2,0.47
500,2,12.7,7.74,0.8
1402,2,2.5,7.99,0.77
3061,4,10.0,8.37,0.83
3215,4,17.1,8.54,0.62
3081,2,8.1,7.83,0.83
1664,2,0.0,6.27,0.45
552,2,13.3,8.4,0.54
500,2,8.1,7.76,0.61
1370,2,9.5,7.65,0.54
1661,3,10.1,8.42,0.66
2710,1,13.0,8.03,0.92
2407,4,19.8,9.93,0.6
1959,4,21.8,10.9,0.57
1177,2,17.3,7.6,0.9
1127,2,9.4,4.5,0.49
1977,2,11.3,7.16,0.66
2287,1,0.0,5.96,0.61
1075,4,10.4,7.29,0.56
2255,2,2.8,8.38,0.47
2098,3,18.3,9.61,0.63
1050,2,14.0,9.04,0.63
1250,1,16.9,8.29,0.67
2281,2,7.2,8.79,0.48
1635,0,0.0,5.59,0.79
2150,2,7.1,7.92,0.69
1459,0,7.4,6.43,0.69
1792,2,17.7,10.29,0.56
1844,6,9.5,9.65,0.49
1290,2,8.3,8.24,0.89
1161,0,3.1,5.62,0.68
2290,3,11.3,8.44,0.67
2391,1,8.5,8.35,0.74
2222,0,3.1,8.07,0.61
1420,4,15.5,9.71,0.67
2971,1,12.6,7.11,0.62
1169,4,14.0,8.6,0.5
1091,4,14.0,9.09,0.36
568,4,5.2,7.58,0.73
1487,2,16.5,8.6,0.58
1447,3,13.1,8.05,0.51
2168,1,15.8,7.88,0.71
1970,2,12.9,9.0,0.74
964,3,16.4,8.51,0.58
1525,3,6.2,7.31,0.91
1539,2,25.0,9.94,0.88
556,4,14.1,6.83,0.6
1113,2,15.0,8.36,0.73
1260,1,12.1,7.4,0.46
2803,6,11.4,10.38,0.65
1934,2,6.3,6.44,0.72
2263,2,10.6,6.48,0.38
750,4,7.8,8.57,0.56
2635,1,18.0,8.27,0.48
2710,1,11.1,7.16,0.84
500,1,15.7,6.98,0.52
1306,4,16.3,9.25,0.38
2147,4,7.8,8.02,0.47
2251,1,11.5,5.52,0.69
1325,0,12.6,7.21,0.72
1586,5,14.2,7.58,0.46
1381,5,9.3,9.01,0.59
1877,2,8.1,6.94,0.57
2638,2,12.1,8.99,0.71
1260,5,18.4,9.69,0.69
2500,2,4.4,8.26,0.69
1252,2,7.1,7.9,0.65
1206,1,13.4,5.96,0.71
2373,2,4.6,8.28,0.54
2445,2,9.9,7.33,0.8
2395,2,9.9,7.39,0.67
878,1,13.6,6.78,0.91
1473,4,14.4,8.42,0.91
2376,7,15.9,10.0,0.3
1829,4,13.1,10.2,0.71
1048,2,11.5,8.07,0.63
2120,2,11.1,8.72,0.71
1299,2,15.6,8.18,0.67
3056,4,16.6,8.98,0.43
2881,4,13.2,10.88,0.71
2222,2,15.6,11.04,0.58
2752,3,22.9,8.04,0.87
1845,3,16.1,10.19,0.61
2335,2,8.8,9.14,0.71
2834,4,5.9,9.58,0.7
1971,1,6.2,7.27,0.78
1621,0,8.2,6.27,0.83
606,0,19.3,6.17,0.84
1741,1,7.4,7.24,0.68
2376,1,17.0,9.1,0.65
2461,3,13.0,7.78,0.75
2153,1,6.5,7.03,0.72
1421,1,3.9,5.64,0.6
500,2,9.5,7.75,0.68
1453,2,6.7,8.34,0.47
1586,2,6.4,6.48,0.65
2232,6,12.3,11.62,0.56
3189,4,8.7,8.53,0.62
1886,1,8.4,8.35,0.82
1648,4,12.6,7.19,0.82
1618,2,6.0,7.14,0.61
1887,4,10.5,9.07,0.53
1220,2,9.5,6.81,0.7
1884,3,14.6,10.05,0.5
2115,0,12.5,5.38,1.0
1946,3,10.4,10.81,0.66
2120,3,11.1,8.49,0.52
2103,3,6.6,6.03,0.55
559,0,7.0,7.85,0.63
2245,2,4.7,4.46,0.82
1330,3,14.4,7.41,0.68
1032,4,6.8,6.68,0.92
2103,0,5.0,4.13,0.92
1644,2,22.3,6.08,0.32
622,3,14.7,7.44,0.51
2134,6,18.0,9.9,0.54
792,2,9.4,7.01,0.56
1897,3,17.5,9.26,0.54
1966,2,11.2,6.74,0.79
2419,1,6.1,6.87,0.9
3047,6,18.9,10.69,0.69
844,2,10.3,7.57,0.73
1763,2,2.9,6.76,0.7
1606,1,4.4,7.29,0.45
2103,2,16.8,8.19,0.6
1950,3,10.1,8.29,0.5
1553,1,13.0,8.96,0.88
1491,4,6.3,6.87,0.8
1018,0,13.1,7.24,0.6
2491,5,4.5,10.44,0.35
2121,3,3.7,8.23,0.94
2442,7,8.9,10.1,0.88
1582,2,11.7,7.37,0.52
1340,2,11.6,8.74,0.48
1045,3,7.2,8.32,0.58
2051,2,1.3,8.6,0.76
1072,2,16.2,9.81,0.81
3094,3,13.3,8.72,0.49
884,1,11.6,6.1,0.97
1991,1,10.3,7.07,0.61
2896,2,3.1,9.16,0.68
2219,2,8.7,9.62,0.64
1922,1,6.2,6.66,0.64
1122,5,9.2,9.08,0.87
832,1,4.2,4.31,0.39
2339,1,9.4,7.98,0.73
1492,2,9.7,7.64,0.39
1002,1,12.1,7.46,0.68
500,1,14.9,5.96,0.81
1113,4,15.5,10.64,0.79
1720,5,18.6,8.57,0.62
2919,2,4.9,8.3,0.49
2271,4,10.0,8.68,0.7
2013,3,3.9,6.61,0.54
1519,1,7.3,5.91,0.76
1391,1,0.0,7.36,0.43
2783,2,13.6,8.61,0.66
1940,3,15.1,8.58,0.65
500,3,6.0,8.01,0.6
1199,2,14.5,8.06,0.75
1417,3,13.2,8.05,0.92
2194,2,4.0,7.35,0.57
1724,0,7.4,8.19,0.89
1746,7,20.4,9.81,0.54
2719,0,0.9,8.85,0.84
1312,3,7.4,6.92,0.73
3104,3,13.3,8.51,0.65
1330,4,15.0,8.95,0.73
1862,3,11.5,7.13,0.52
1603,1,9.4,7.15,0.81
1886,3,8.6,7.75,0.44
2111,3,9.9,6.9,0.73
2103,4,2.6,7.07,0.73
1272,1,8.6,7.62,0.45
1013,3,16.7,7.47,0.48
3552,3,15.9,9.62,0.54
1461,3,15.0,6.24,0.81
2289,3,7.1,7.32,0.81
674,1,11.3,5.31,0.66
1604,5,8.9,9.45,0.64
1710,4,14.2,7.2,0.47
2130,4,7.0,8.03,0.6
500,0,0.0,7.08,0.88
1916,0,0.0,4.45,0.9
995,2,15.1,6.11,0.91
2027,4,17.1,7.4,0.51
1074,1,8.3,6.43,0.69
1201,1,2.7,5.25,0.57
1608,2,4.9,6.35,0.71
1063,0,4.6,7.66,0.7
1467,3,18.5,9.1,0.68
964,1,6.8,4.87,0.67
516,4,12.8,7.89,1.0
2512,4,17.1,9.6,0.69
892,2,7.9,7.13,0.58
1674,5,14.3,8.3,0.55
2327,1,12.2,7.18,0.75
1369,2,12.3,8.47,0.56
1222,2,13.1,6.49,0.64
1958,1,10.9,7.53,0.5
2582,3,8.2,9.72,0.58
981,6,17.5,9.15,0.44
1694,5,14.8,8.22,0.31
587,1,5.7,5.09,0.69
1524,4,7.2,7.99,0.51
1823,4,10.7,9.36,0.32
1201,4,16.3,8.86,0.76
1480,3,11.4,9.02,0.79
814,3,17.9,5.84,0.55
1853,1,8.9,7.63,0.82
2538,1,4.6,7.56,0.57
1031,0,7.4,4.56,0.65
1364,3,16.2,6.23,0.61
2151,3,17.6,7.23,0.86
2648,1,2.1,7.81,0.72
754,2,10.7,8.53,0.8
1681,1,11.5,6.76,0.47
1998,3,1.0,8.09,0.58
1728,3,22.9,8.98,0.77
500,3,3.3,7.63,0.64
2150,4,4.1,10.0,0.6
2863,4,7.6,8.23,0.57
1881,6,14.9,7.12,0.7
1078,0,0.0,5.66,0.75
1440,3,9.8,6.41,0.46
3038,2,0.0,7.53,0.58
2436,3,8.4,9.0,1.0
2248,3,12.8,7.4,0.65
2049,3,16.0,7.16,0.35
1337,2,1.8,7.98,0.73
1659,5,6.7,7.83,0.71
1745,1,7.8,7.83,0.91
2184,3,15.9,6.42,0.62
2856,2,16.3,9.33,1.0
2582,2,10.7,8.86,0.77
806,1,3.9,7.24,1.0
1956,4,8.9,10.62,0.61
2315,1,1.9,6.71,0.9
2233,2,15.5,6.69,0.99
1359,0,8.5,6.1,0.72
906,4,8.6,7.87,0.41
1041,1,3.3,5.3,0.67
1963,1,14.2,9.63,0.57
3281,3,9.1,8.14,0.55
1214,0,5.8,7.73,0.69
1613,3,18.6,8.62,0.65
2554,3,12.5,7.17,0.62
1787,1,14.6,4.43,0.5
1565,1,11.3,6.73,0.48
2195,4,16.4,7.93,0.93
1990,1,15.6,6.64,0.88
2521,4,7.6,10.41,0.63
2704,1,13.2,7.97,0.98
2014,7,24.3,10.77,0.52
2004,4,9.1,10.22,0.48
1949,0,4.2,5.53,0.96
1838,4,10.6,8.21,0.85
1799,4,14.1,7.22,0.51
2637,3,3.2,9.19,0.56
744,1,7.3,4.85,0.61
1807,2,12.6,8.25,0.6
1317,4,12.2,6.45,0.63
1582,5,18.8,9.67,0.48
2081,2,14.7,7.52,0.66
2268,5,14.7,8.14,0.57
1721,5,10.6,7.87,0.54
500,5,4.2,8.25,0.96
1124,1,7.3,7.37,0.79
2427,2,13.9,6.42,0.77
500,0,7.2,4.58,0.76
2631,3,12.5,9.12,0.62
2164,1,8.7,6.95,0.5
2721,3,1.1,8.32,0.44
1661,3,11.2,8.41,0.66
500,3,11.8,7.11,0.77
2101,0,6.1,5.98,0.56
2692,2,11.7,6.77,0.65
2447,4,4.0,7.97,0.79
1336,3,5.0,8.84,0.7
1860,3,13.6,8.47,0.67
1427,4,12.6,7.51,0.58
1226,2,17.1,7.69,0.73
2468,6,18.4,11.13,0.5
961,6,22.9,8.77,0.48
1174,5,20.8,8.63,0.74
1027,4,14.1,7.53,0.7
756,0,14.0,6.19,1.0
1902,0,2.7,5.37,0.86
2613,4,15.9,8.81,0.7
1670,3,6.3,8.3,0.48
745,2,18.8,6.77,0.46
2387,3,11.5,6.3,0.96
2979,5,13.6,10.98,0.62
1347,4,8.3,9.45,0.57
1465,4,0.0,10.36,0.32
2160,2,10.2,7.41,1.0
2935,0,2.0,7.77,0.76
1436,2,21.1,6.71,0.76
867,3,11.5,9.12,0.69
2241,2,15.6,7.98,0.76
2359,4,19.0,8.73,0.67
1804,3,19.4,10.61,0.46
1409,2,17.7,6.34,0.82
2496,0,13.0,7.14,0.88
2169,3,12.0,6.48,0.85
1262,4,5.5,8.57,0.56
1834,2,8.6,6.28,0.74
2280,4,14.3,8.81,1.0
1616,3,20.8,10.84,1.0
1495,2,11.0,8.21,0.74
1776,4,11.5,9.12,0.48
1828,4,13.6,8.18,0.54
2426,2,3.0,7.42,0.66
2213,2,13.2,8.2,0.87
1690,2,5.5,4.96,0.89
2334,6,16.0,10.53,0.72
2080,4,8.4,8.94,0.75
1501,3,12.3,7.26,0.82
1712,3,12.8,7.77,0.44
1696,1,13.0,8.7,0.53
2153,3,14.7,5.35,0.48
1543,3,16.2,7.18,0.69
1526,0,8.5,6.22,0.81
3178,3,7.4,9.16,0.43
2457,1,6.8,7.01,0.73
1267,2,11.7,6.55,0.77
2199,1,14.5,8.3,0.68
1882,1,11.8,5.32,0.99
2074,1,14.2,7.91,1.0
1896,3,14.2,6.89,0.54
2632,3,11.5,6.92,0.61
2041,1,10.6,9.0,0.83
1756,4,14.2,8.03,0.63
2529,4,14.8,8.56,0.45
1963,4,15.9,10.17,0.83
1885,1,8.4,6.72,0.74
2019,5,15.8,9.33,0.61
1734,2,10.7,8.31,0.54
1806,4,20.1,9.0,0.46
1389,3,7.8,9.8,0.71
1274,3,7.0,5.77,0.97
1101,3,8.5,9.5,0.47
825,2,6.2,5.38,0.62
1184,2,8.5,8.34,0.54
1678,2,4.9,6.69,0.55
1872,2,15.9,7.96,0.95
1610,0,9.1,5.43,0.78
500,3,13.3,8.0,0.76
2902,4,8.4,10.19,0.53
2560,1,10.1,7.35,0.9
2112,1,10.0,6.74,0.64
3135,5,1.8,9.21,0.32
1115,1,2.6,6.65,0.65
3121,5,10.3,10.02,0.8
1124,1,12.7,6.4,0.54
1967,1,7.1,6.68,0.82
908,5,18.1,10.65,0.63
1810,2,13.3,8.24,0.88
2070,2,1.2,10.42,0.78
1691,6,18.7,9.23,0.74
2299,0,4.1,7.43,0.99
1869,3,14.2,8.74,0.57
1434,2,2.6,6.43,0.83
1403,2,6.7,7.36,0.69
2367,3,5.5,9.04,0.63
1342,2,10.1,4.24,0.97
2440,3,15.3,7.26,1.0
2655,6,9.8,10.4,0.58
631,3,15.0,5.74,0.62
2593,1,8.7,6.85,1.0
3242,2,19.8,8.02,0.68
1976,2,10.9,8.03,0.54
2219,5,8.9,10.61,0.73
2525,2,14.4,6.63,0.56
1607,2,6.1,7.0,0.44
1927,2,5.8,6.23,0.38
880,3,9.3,7.75,0.47
1897,1,7.9,6.66,0.5
2148,0,8.5,7.2,0.61
2161,2,5.5,7.81,0.8
2545,2,7.9,9.22,0.73
1257,2,7.4,5.62,0.58
1427,5,15.7,10.39,0.7
3126,4,7.9,9.5,0.63
1694,0,0.0,5.94,0.68
1940,4,7.3,9.13,0.68
1753,4,10.5,7.05,0.66
1224,2,12.0,9.72,0.62
2936,4,17.4,8.17,0.31
1010,5,6.5,8.09,0.76
1484,2,9.5,7.25,0.39
500,2,6.9,6.96,0.73
1344,5,11.5,10.14,0.67
1122,3,18.7,8.13,0.6
2232,1,2.6,7.53,0.54
1328,6,14.2,10.67,0.85
2421,1,11.6,8.64,0.86
2778,4,8.8,11.89,0.53
2346,1,14.3,8.53,0.47
1649,3,19.1,7.71,0.77
1898,3,10.7,6.71,0.61
732,2,18.1,6.77,0.82
1706,4,13.4,7.47,0.71
1197,4,7.6,7.29,0.56
2286,2,14.7,6.01,0.72
3600,1,4.0,5.17,0.93
2149,5,7.8,7.12,0.53
500,2,14.3,7.36,0.43
1547,3,7.9,7.98,0.58
1885,3,20.3,9.44,0.62
1861,3,3.2,7.89,0.5
1288,1,14.1,7.83,0.82
1971,6,14.5,8.43,0.62
930,2,0.0,6.96,0.82
1138,1,14.8,8.17,0.77
2252,1,4.4,7.8,0.66
1089,2,0.0,4.6,0.87
2176,2,19.4,9.36,0.74
841,5,18.0,9.76,0.77
3035,4,11.3,9.1,0.54
1258,5,20.3,8.91,0.73
1643,4,13.2,9.36,0.66
2031,5,14.8,10.66,0.66
1404,2,18.4,11.29,0.78
1900,4,14.5,8.7,0.39
2202,1,14.8,10.29,0.68
2472,3,9.0,9.63,0.6
2354,3,5.1,7.93,0.67
1679,3,10.0,7.72,0.65
1697,2,13.9,7.07,0.77
3444,5,21.7,8.76,0.54
2464,2,11.0,6.14,0.69
1154,0,18.8,6.22,0.8
1869,3,8.2,5.79,0.72
1565,6,10.9,7.83,0.51
1705,5,14.9,11.35,0.58
939,2,11.8,8.2,0.82
1511,6,13.8,9.15,0.54
3068,2,8.5,7.91,0.48
2205,5,10.5,10.36,0.59
500,2,14.2,6.46,0.73
2651,3,12.5,9.65,0.81
2562,2,12.5,5.75,0.73
1548,3,0.0,7.69,0.74
2302,1,15.0,8.88,0.63
1198,2,6.3,7.51,0.57
1470,1,15.7,7.18,0.77
2848,5,8.0,9.37,0.89
1609,4,6.5,8.21,0.83
500,2,8.2,5.95,0.86
1755,1,11.2,8.75,0.8
1744,2,16.2,5.63,0.67
2638,5,13.1,8.05,0.79
1810,0,4.8,5.75,0.93
1504,2,16.6,8.32,0.66
2531,1,7.9,4.65,0.6
1884,1,8.1,7.25,0.7
1274,1,13.8,7.79,0.76
2608,3,14.7,8.13,0.55
1935,2,13.9,8.09,0.56
1802,1,14.1,9.39,0.7
1924,2,5.0,8.74,0.59
1050,2,11.7,7.67,0.7
1430,4,8.8,9.08,0.9
1802,4,9.1,7.05,0.81
1663,1,13.9,8.0,0.98
2690,2,15.9,8.53,0.42
1952,3,23.8,8.04,0.94
2398,1,9.6,7.28,0.66
1806,1,2.5,6.05,0.79
2539,4,17.0,10.36,0.98
2078,2,6.6,8.24,0.71
1809,6,12.8,9.5,0.34
1790,1,13.8,5.32,0.46
1131,3,11.0,8.28,0.66
2154,1,11.8,7.27,0.55
1771,1,9.8,9.52,0.68
1448,2,14.1,6.61,0.71
2574,2,9.2,6.93,0.76
924,4,6.9,7.54,0.6
1504,2,15.9,5.81,0.91
2519,5,11.0,9.85,0.59
1766,1,11.4,6.67,0.69
1975,5,13.6,9.14,0.63
1925,0,8.6,7.09,0.81
738,2,10.7,8.07,0.74
1555,1,0.0,5.71,0.65
2931,4,13.5,7.09,0.77
1338,2,12.2,8.88,0.35
1577,5,19.5,11.26,0.52
1420,2,3.5,7.67,0.89
1739,2,12.9,7.5,0.87
1391,6,9.0,8.19,0.55
2140,6,21.9,10.02,0.41
1938,3,9.3,7.71,0.56
2341,2,14.0,10.12,0.61
1064,3,18.8,8.44,0.49
1561,1,8.6,7.44,0.83
1641,1,6.0,6.72,0.72
2118,4,11.6,7.98,0.85
1244,5,20.2,6.99,0.4
2440,3,15.8,7.0,0.51
2630,2,14.3,9.08,0.8
1107,2,18.8,6.42,0.97
1456,3,11.2,5.9,0.48
1427,5,14.5,7.17,0.62
3642,6,18.1,7.69,0.46
1499,4,5.9,9.19,0.4
2974,4,18.4,9.42,0.51
913,0,4.5,6.13,0.67
1107,7,17.8,8.75,0.55
1319,0,11.6,6.62,0.52
1208,3,8.8,8.67,0.71
1612,1,4.7,7.25,0.8
1303,2,10.2,6.01,0.64
1226,1,12.4,5.89,1.0
2610,3,15.0,8.84,0.86
2656,2,11.4,7.93,1.0
2464,2,5.2,8.0,0.61
2166,4,7.2,8.39,0.72
1864,4,16.9,9.64,0.65
1452,3,12.1,6.64,0.61
1132,0,12.5,5.2,0.76
2054,1,8.1,5.0,0.59
978,0,7.8,6.58,0.69
1104,0,9.1,6.61,0.66
2607,4,19.1,8.05,0.73
3130,4,16.8,8.17,0.49
2075,2,6.4,9.07,0.72
2574,1,9.8,6.15,0.63
1627,1,12.9,8.48,0.8
863,2,16.2,5.82,0.7
2228,2,24.0,8.31,0.63
2198,0,3.6,5.5,0.88
1850,3,15.1,9.49,0.47
1630,3,16.3,9.3,0.59
2473,3,14.5,6.96,0.53
1109,3,12.4,6.96,0.36
1258,0,6.9,6.68,0.64
1094,1,9.6,6.91,0.63
1859,6,16.9,9.19,0.59
1038,1,10.9,7.11,0.72
1321,0,13.7,7.22,0.89
1305,3,12.4,6.9,0.74
1617,2,12.9,6.98,0.7
758,2,16.8,6.62,0.84
1861,4,15.8,7.31,0.44
2673,2,16.1,9.44,0.8
1894,5,13.9,9.47,0.6
2878,5,13.9,10.38,0.79
2733,5,2.9,8.33,0.71
2344,3,13.6,6.35,0.38
1852,4,7.4,8.58,0.44
1815,1,6.0,6.4,0.64
2334,4,19.5,8.59,0.52
1525,2,16.2,5.51,0.49
500,3,13.0,7.56,0.53
2144,2,12.8,9.09,0.46
1008,2,14.8,7.01,0.76
1126,3,16.3,6.12,0.71
1800,1,6.8,5.68,0.66
1733,2,13.2,6.38,0.99
811,1,5.3,5.18,0.49
1915,2,13.2,7.86,0.84
2476,3,9.6,10.11,0.7
1010,3,11.9,8.51,0.42
2690,4,9.4,10.66,0.71
707,2,12.1,8.67,0.75
3282,6,12.7,9.31,0.68
1512,2,23.5,7.81,0.64
1901,5,9.8,9.23,0.48
500,2,18.1,7.52,0.61
1756,2,10.9,7.19,0.79
1959,1,10.2,8.73,0.56
1739,4,17.0,7.99,0.64
1405,2,6.3,8.3,0.91
1137,3,17.8,5.21,0.73
2591,3,12.5,8.2,0.74
1821,1,0.0,6.38,0.89
2878,3,13.3,8.81,0.73
1431,0,8.4,4.73,0.76
1495,4,11.6,8.75,0.54
2370,3,11.7,6.79,0.57
663,1,18.0,10.39,0.86
950,2,14.7,6.86,0.7
2568,5,7.8,10.44,0.47
979,1,1.8,6.28,0.78
526,2,8.6,8.25,0.94
3107,6,22.8,8.43,0.33
824,2,16.1,7.42,0.69
1928,1,5.3,7.05,0.69
1848,4,8.9,8.55,0.84
500,2,11.6,4.35,0.68
1612,0,7.8,5.95,0.77
2113,3,3.9,7.99,0.69
2048,2,9.6,8.52,0.8
2432,4,8.2,8.5,0.75
1528,5,8.0,6.22,0.49
2298,0,4.3,7.81,0.56
1317,3,5.2,7.46,0.44
812,4,12.3,7.36,0.58
891,6,9.8,8.26,0.77
776,5,12.8,7.74,0.42
2506,5,15.3,9.41,0.91
739,4,16.4,8.71,0.69
1991,2,9.1,9.76,0.42
1613,3,19.6,8.76,0.56
1728,3,15.0,8.74,0.73
2754,7,22.2,11.26,0.66
1493,4,16.6,8.51,0.33
2228,5,13.1,9.65,0.84
1826,4,11.3,7.61,0.72
1693,5,14.6,8.21,0.64
3409,5,18.9,10.35,1.0
791,1,8.7,8.26,0.64
2702,5,5.9,10.85,0.52
2259,4,9.8,10.66,0.94
2940,3,9.2,8.45,0.66
506,0,5.6,6.22,0.47
954,2,13.0,7.69,0.57
2088,1,18.0,7.79,0.78
1020,2,6.3,8.48,0.83
2103,4,14.8,7.81,0.59
1669,4,4.7,9.52,0.79
1464,2,12.6,7.39,0.47
2072,6,15.9,9.33,0.62
1611,2,22.9,5.93,0.69
1037,2,8.6,8.83,0.98
1458,3,5.3,7.87,0.56
500,2,17.4,5.93,0.85
1210,3,6.9,9.34,0.67
912,0,12.8,8.07,0.83
2378,2,18.0,7.68,0.7
2025,3,4.0,9.27,0.6
2079,3,12.0,9.17,0.72
1540,2,11.2,7.72,0.65
1604,4,5.4,7.56,0.89
1540,3,3.9,9.18,0.38
1743,3,2.4,7.64,0.69
2384,0,0.0,5.78,0.59
2035,2,14.5,9.63,0.64
2150,3,1.8,8.71,0.54
2149,5,15.9,9.95,0.59
2419,3,18.2,9.81,0.5
2001,2,14.6,8.24,0.68
2051,3,6.4,8.84,0.61
2632,4,24.6,6.66,0.61
1334,5,15.5,7.47,0.74
1200,3,10.0,6.96,0.6
969,2,19.6,8.62,0.75
1928,4,17.8,9.19,0.91
502,1,7.8,8.63,0.55
2123,4,14.9,5.95,0.7
1723,3,15.3,8.95,0.51
2594,1,15.3,8.4,0.79
1329,2,5.8,4.85,0.53
1657,3,20.5,9.59,0.72
2585,4,9.7,9.03,0.91
2768,5,15.3,7.71,0.66
1323,2,5.6,5.9,0.65
1927,3,2.1,7.1,0.71
2006,2,5.8,7.32,0.42
2061,3,11.6,9.92,0.75
1616,4,18.3,9.3,0.57
2696,2,10.7,8.62,0.85
500,3,18.3,8.72,0.68
1505,3,14.4,8.75,0.44
2113,4,10.7,8.66,0.59
2120,6,22.1,9.72,0.33
2746,2,11.7,5.99,0.79
2638,5,10.8,8.31,0.48
1600,4,13.7,7.51,0.75
2709,0,7.0,5.65,0.56
1300,5,14.2,10.7,0.65
2451,2,6.0,6.81,0.72
3067,2,15.3,9.58,0.83
2650,3,6.2,7.06,0.53
1874,3,10.9,6.08,0.74
1567,2,12.4,9.17,0.58
729,1,5.4,5.45,0.86
2017,5,13.9,8.04,0.79
1244,1,2.8,8.7,0.62
966,1,17.6,6.0,0.52
1477,4,17.2,10.13,0.32
1780,0,8.1,7.89,0.87
1991,3,15.9,8.38,0.83
1379,2,14.4,6.46,0.66
2548,4,11.1,9.67,0.5
1654,0,13.2,9.13,0.68
1248,4,8.6,10.73,0.66
1958,1,13.7,8.47,0.84
3174,4,5.0,9.53,0.46
2034,5,12.4,8.94,0.61
1546,2,3.6,8.53,0.69
730,4,14.9,6.83,0.51
1646,3,18.4,6.82,0.78
1964,3,15.9,7.3,0.8
1528,3,9.5,7.1,0.63
634,2,4.6,8.22,0.7
1204,2,25.4,7.77,0.54
2818,3,25.4,8.65,0.73
1179,4,16.0,7.91,0.79
2270,3,5.7,7.91,0.61
974,1,2.5,4.06,0.48
2783,6,15.5,9.14,0.62
1971,3,11.9,8.4,0.64
2464,1,13.9,6.99,0.66
599,2,0.0,5.41,0.77
2274,1,9.0,9.98,0.73
1794,3,13.1,6.57,0.54
2396,2,24.3,9.75,0.77
2440,3,7.2,8.58,0.63
1846,3,13.6,7.36,0.54
1379,2,18.0,7.5,0.56
2345,5,24.9,8.57,0.5
1757,5,22.7,11.28,0.56
1189,2,11.3,9.85,0.43
1155,5,13.3,8.95,0.63
765,3,7.6,9.32,0.91
1442,0,15.3,7.06,0.53
2571,4,10.2,10.21,0.37
1924,5,12.5,9.71,0.71
1429,0,9.2,4.78,0.82
2363,3,5.7,9.7,0.53
1217,2,12.0,8.86,0.42
1866,3,8.0,7.44,0.92
1674,3,15.6,7.76,0.74
695,1,14.5,6.43,0.64
1204,6,7.5,9.35,0.48
653,3,13.1,9.08,0.73
1618,4,9.8,8.99,0.43
2647,2,12.0,6.19,0.65
1446,2,13.8,9.41,0.84
1442,1,6.6,6.56,0.63
2410,2,13.2,7.97,0.73
2547,2,15.0,7.6,0.72
1738,2,8.7,7.13,1.0
2279,5,17.5,7.99,0.57
1046,0,0.5,6.78,0.97
2764,7,20.7,10.88,0.6
3304,4,25.3,8.69,0.66
2164,2,15.4,9.66,0.62
500,3,17.4,6.06,0.72
1409,1,18.4,6.73,0.88
2228,3,11.0,8.6,0.82
1504,3,15.8,7.58,0.66
2690,4,13.7,8.61,0.69
2211,1,10.5,6.69,0.99
1305,2,19.9,8.44,0.63
1822,1,13.6,6.82,0.77
1174,2,1.7,7.66,0.88
1672,1,5.5,4.77,0.83
1411,6,12.2,9.38,0.62
2622,2,13.1,8.16,0.63
3281,1,10.9,8.6,0.77
798,4,13.0,7.31,0.65
500,3,16.0,7.58,0.83
1628,1,19.9,9.3,0.77
737,2,4.8,6.31,0.71
1832,5,23.9,11.27,0.69
2324,3,6.9,10.15,0.76
2845,3,0.0,9.99,0.75
1940,4,16.9,8.7,0.65
1664,3,13.6,8.29,0.49
500,0,5.0,5.2,0.56
1818,3,18.8,7.45,0.56
1849,1,0.0,7.69,1.0
2247,3,16.1,8.98,0.48
1304,2,4.2,7.78,0.86
1495,2,16.3,6.06,0.71
765,3,5.9,6.06,0.86
500,4,9.1,7.66,0.76
1024,3,6.4,7.56,0.78
700,0,9.0,4.63,0.83
2035,2,9.6,7.0,0.35
1437,2,5.6,9.36,0.89
1423,3,4.2,7.81,0.61
1110,2,11.1,7.83,0.98
500,0,0.0,7.02,0.86
2855,2,15.1,8.17,0.39
1099,4,13.9,8.13,0.54
781,6,24.8,10.11,0.38
2480,1,4.3,7.06,0.79
1900,6,16.5,10.99,0.77
1221,2,14.0,8.26,0.81
1525,1,10.8,5.74,0.57
2974,0,0.0,8.17,0.94
1748,3,7.7,9.49,0.79
1672,2,1.3,7.51,1.0
1141,7,17.5,7.94,0.6
500,2,11.5,6.58,0.52
1687,2,8.8,7.14,0.75
2027,3,9.7,9.8,0.65
2569,5,12.9,10.03,1.0
500,3,8.5,7.53,0.66
1012,4,7.3,8.27,0.52
1393,1,14.0,7.08,0.8
1797,4,9.1,7.93,0.43
1698,3,14.4,7.41,0.74
1714,3,6.2,6.8,0.59
2085,5,9.8,8.18,0.65
1167,2,15.3,7.85,0.44
2453,2,9.8,6.1,0.75
2103,5,10.0,10.18,0.7
1576,2,11.2,7.39,0.76
2920,1,15.5,7.42,0.65
2889,2,16.2,7.06,0.63
2453,1,11.2,8.96,0.64
500,4,17.6,5.94,0.71
2905,4,14.9,10.9,0.86
2356,3,7.2,7.05,0.64
2666,4,22.6,9.12,0.54
2904,3,3.4,8.98,0.84
2415,2,12.6,8.22,0.8
2744,0,2.8,5.5,0.58
3195,4,12.0,8.98,0.72
1951,5,5.2,9.25,0.58
699,3,22.1,8.02,0.82
1584,1,13.2,5.73,0.83
2072,1,14.6,8.64,0.71
1852,6,19.4,8.82,0.48
927,6,13.0,6.67,0.55
658,3,15.0,8.12,0.69
1281,5,8.3,11.74,0.69
2365,3,7.7,7.95,0.73
2906,2,1.8,8.29,0.64
2441,0,7.3,8.8,0.57
2540,3,5.2,7.33,0.72
1743,3,18.0,8.7,0.75
580,0,12.5,5.72,0.77
1481,2,13.4,6.57,0.35
1618,5,24.2,7.49,0.56
1452,5,13.7,9.75,0.36
1838,3,17.5,6.67,0.72
2108,2,8.0,8.17,0.47
2397,4,3.8,8.62,0.65
1605,3,12.3,6.09,0.68
500,0,14.3,7.92,0.9
1461,4,3.4,5.97,0.62
1830,1,13.4,8.47,0.77
2655,1,10.5,4.75,0.75
1402,0,7.0,6.41,0.75
2158,0,5.1,7.16,0.91
2003,2,8.6,7.45,0.86
1830,4,11.6,10.59,0.56
2451,3,9.1,10.66,0.56
1337,1,4.3,7.73,0.8
1397,4,20.1,10.41,0.64
1791,1,12.8,5.37,0.7
1351,3,7.2,6.58,0.44
2155,1,9.2,7.84,0.89
1300,2,10.9,6.44,0.48
1958,4,20.6,7.09,0.59
1729,4,9.1,10.17,0.52
1950,7,20.5,10.16,0.35
1478,3,7.3,5.18,1.0
1562,5,10.6,9.91,0.55
1867,3,11.4,8.13,0.66
1941,0,0.9,4.7,1.0
1797,3,5.5,8.01,0.72
2993,4,13.5,8.3,0.61
1106,5,14.0,9.2,0.56
1755,2,11.4,7.5,0.65
698,2,15.2,7.25,0.88
2060,2,8.4,8.41,0.81
1019,4,10.0,6.52,0.54
1605,0,11.4,7.41,0.65
1539,3,9.2,8.72,0.86
1996,4,16.7,7.51,0.57
1413,3,1.1,7.64,0.89
1383,5,15.4,9.74,0.34
2805,5,15.1,11.34,0.8
1999,3,19.5,8.12,0.68
1407,3,15.1,7.76,0.69
1624,0,13.2,8.13,0.87
2951,4,12.7,10.25,0.56
1635,3,13.3,7.59,0.78
1317,1,4.0,5.94,0.88
1320,4,10.2,8.92,0.49
1415,1,11.8,7.5,0.79
1383,2,20.7,6.67,0.72
904,2,15.2,8.4,0.52
1013,1,12.7,4.95,0.63
1219,4,18.1,8.27,0.61
2214,0,10.5,8.81,0.73
1533,4,13.7,6.69,0.49
1654,3,10.9,9.16,0.77
2689,5,10.3,7.55,0.84
2706,3,5.8,8.37,0.75
1602,3,10.9,9.56,0.75
1358,2,9.6,7.08,0.98
1194,2,6.5,8.45,0.71
2284,2,12.7,8.85,0.69
1656,0,14.0,6.85,1.0
1529,3,9.2,8.29,0.86
1230,3,12.5,7.61,0.74
1261,3,8.5,8.21,0.63
2024,4,16.6,6.14,0.74
879,3,14.0,7.89,0.5
2496,1,6.1,9.32,0.7
1426,1,11.4,7.67,0.68
1695,1,0.0,8.17,0.7
864,2,13.4,6.92,0.81
1791,5,10.4,10.17,0.39
1570,2,5.3,5.22,0.87
1764,4,8.5,9.59,0.56
2830,7,12.7,9.14,0.56
1924,4,6.3,5.98,0.69
1243,4,19.2,8.54,0.6
1302,2,10.9,6.93,0.64
2216,1,14.0,8.3,0.66
2709,6,19.2,8.88,0.78
1997,2,10.6,7.7,0.68
2282,2,18.0,4.77,0.75
2226,3,19.4,7.91,0.61
2793,5,15.0,8.88,0.61
500,4,14.8,6.86,0.49
2267,3,8.3,7.31,0.53
2488,1,8.8,7.42,0.64
862,2,10.0,7.95,0.82
1180,1,4.9,5.49,0.61
1204,4,17.9,8.66,0.49
1289,2,10.1,7.22,0.86
1462,4,9.5,9.4,0.43
1969,4,7.6,8.63,0.37
2405,3,19.1,9.12,0.49
2556,3,7.1,5.89,0.54
1213,3,9.7,8.13,0.55
1208,1,15.1,6.81,0.83
2721,3,7.6,7.2,0.7
2252,4,12.5,9.32,0.62
1858,3,15.9,6.04,0.71
2131,1,6.1,7.6,0.77
1779,2,1.6,8.41,0.76
2167,2,10.7,7.94,0.85
1564,3,0.0,7.1,0.85
1988,0,0.0,7.38,0.77
742,2,13.8,9.34,0.79
1318,1,8.5,5.41,0.42
1326,4,12.9,8.34,0.72
1537,2,14.6,8.77,0.94
1151,2,11.2,5.87,0.63
1426,1,12.2,9.19,0.69
739,3,10.3,6.63,0.55
2184,4,21.5,10.14,0.61
1742,3,4.7,6.45,0.26
606,3,19.6,6.5,0.69
1215,1,7.1,7.38,0.7
2035,7,11.4,9.31,0.81
1419,1,16.0,6.72,0.55
1312,2,7.8,6.96,0.85
1747,3,8.3,7.7,0.73
2040,4,0.6,10.22,0.48
794,3,12.7,8.45,0.6
2185,1,17.1,8.68,0.92
1239,4,14.1,10.67,0.27
1787,3,12.4,10.24,0.64
1775,2,16.8,7.71,0.75
1431,3,11.9,7.76,0.72
1083,3,9.3,8.01,0.77
1600,4,7.6,8.44,0.55
2937,5,12.7,10.78,0.62
846,1,6.9,8.77,0.58
2984,3,15.8,9.4,0.58
1618,6,15.0,8.67,0.66
1824,5,17.3,9.23,0.75
1039,1,4.2,7.28,0.56
1260,4,9.5,7.44,0.66
1447,2,12.2,9.88,0.84
1068,2,3.1,7.83,0.53
1653,2,6.2,8.36,0.75
1515,3,17.3,8.99,0.58
3095,2,14.2,8.46,0.66
983,1,2.0,5.04,0.82
1871,1,7.8,5.5,0.57
1973,2,13.8,6.83,0.55
1050,1,8.8,6.32,0.73
2280,1,12.8,7.14,1.0
1521,1,7.9,7.01,0.65
500,0,15.0,7.36,0.97
2261,4,8.7,9.98,0.72
1018,0,7.5,6.77,1.0
1066,3,10.2,8.76,0.54
2281,2,13.1,7.79,0.96
2442,3,0.9,7.8,0.76
2647,0,15.3,6.53,0.86
1348,3,17.3,6.76,1.0
2355,4,14.8,8.36,0.7
1271,3,10.6,9.26,0.64
3363,5,10.4,8.71,0.47
1314,1,13.7,8.59,0.59
2518,1,12.6,8.89,0.64
2390,3,4.7,8.52,0.62
2021,4,20.8,9.42,0.59
1330,3,11.4,8.3,0.69
1694,1,0.5,6.28,0.8
500,0,14.5,6.63,0.68
1957,4,7.0,10.89,0.68
2044,3,12.9,8.58,0.81
1893,2,19.5,9.97,0.78
500,2,9.1,6.88,0.72
914,3,12.7,8.94,0.57
1276,1,4.8,8.99,0.6
2004,4,21.0,8.04,0.74
2002,4,16.7,7.28,0.63
1680,3,11.1,8.58,0.46
2244,3,5.5,9.39,0.45
1081,2,11.0,7.33,0.81
2227,3,14.9,8.01,0.81
2132,4,14.6,8.72,0.71
2064,5,13.2,9.37,0.54
1672,3,15.2,8.68,0.74
3081,5,17.0,8.1,0.51
2145,5,18.1,6.05,0.65
1122,0,9.4,7.71,0.99
1973,1,11.5,9.93,0.42
2326,1,7.8,5.23,0.62
1388,0,13.6,5.12,0.58
2562,6,7.9,10.15,0.92
2067,1,8.8,8.13,0.81
500,6,11.1,9.17,0.4
2009,2,12.0,7.05,0.69
1515,0,12.8,5.46,0.7
2176,6,10.3,11.42,0.45
2460,4,16.4,6.29,0.49
1936,5,14.6,10.92,0.27
2965,3,5.5,8.86,0.52
1674,0,10.9,8.79,0.52
2237,2,15.7,11.04,0.94
2363,6,14.2,11.03,0.48
1731,5,14.6,8.34,0.48
2345,3,9.7,8.29,0.74
1383,3,0.0,7.57,0.6
1504,0,7.6,7.75,0.48
881,2,9.4,7.57,0.59
1968,0,4.6,6.99,0.72
2027,4,3.4,8.79,0.82
2625,2,8.8,8.54,0.74
2353,3,8.3,6.56,0.7
1600,2,13.5,8.48,0.52
975,3,13.0,9.09,0.71
2102,2,0.0,6.88,0.63
2577,4,6.8,9.87,0.64
2328,0,8.6,9.81,0.58
2559,1,10.9,5.79,0.79
1651,4,8.5,8.18,0.7
1473,1,13.7,6.67,0.5
1284,7,19.8,9.13,0.42
1760,1,7.8,8.01,0.58
1744,3,8.8,7.54,0.79
1944,2,5.3,5.36,0.85
1709,4,14.6,9.27,0.35
1706,4,11.4,7.12,0.62
1256,3,5.0,8.5,0.6
2459,6,16.7,9.25,0.49
1853,3,7.2,7.01,0.75
1677,2,12.9,7.22,0.83
1276,4,19.5,7.65,0.74
867,2,16.5,9.55,0.83
2715,2,9.0,7.36,0.87
2188,6,13.7,10.89,0.56
663,1,9.4,7.22,0.86
2334,6,14.5,10.78,0.68
2445,3,20.5,6.47,0.77
1887,3,12.7,8.57,0.48
2918,1,7.2,8.33,0.75
1951,1,0.4,6.27,0.72
808,3,5.9,8.25,0.8
2055,1,6.2,7.89,0.69
1971,1,13.7,5.89,0.64
1377,1,4.7,5.69,0.76
2201,1,5.3,9.07,0.68
632,2,12.4,6.17,0.82
2493,6,7.3,11.1,0.47
1110,3,11.5,7.74,0.47
1720,2,8.4,9.01,0.76
2103,1,13.2,6.67,0.72
1914,0,7.6,6.01,0.86
1280,3,11.5,8.4,0.57
1445,1,13.7,8.58,0.72
1006,0,11.8,6.43,0.78
1642,3,14.8,9.27,0.81
2552,2,7.8,5.41,0.86
1797,3,0.0,7.49,0.56
2401,3,17.4,7.93,0.45
2818,5,22.9,11.4,0.51
1388,2,2.7,7.21,0.57
1669,5,22.5,9.06,0.38
3319,1,11.4,9.65,0.64
2811,3,3.7,8.11,0.61
629,3,10.9,8.25,0.71
2071,1,7.6,7.9,1.0
1800,5,12.1,9.47,0.55
2378,3,14.1,8.64,0.91
1278,2,9.5,9.94,0.51
1212,4,9.4,7.58,0.78
1326,6,23.8,9.2,0.64
1399,1,11.6,6.12,0.63
2370,3,8.0,8.54,0.66
973,2,17.7,8.88,0.74
1364,2,8.4,9.37,0.63
547,2,12.1,6.97,0.62
2504,5,20.2,10.09,0.57
2689,3,13.2,10.53,0.69
1571,4,19.2,10.13,0.52
1591,2,18.3,6.57,0.66
2117,5,14.2,9.18,0.61
2832,2,19.5,9.54,0.7
2086,4,6.5,6.53,0.69
1311,1,12.3,8.36,0.73
666,2,9.6,5.74,0.56
1019,4,16.3,7.56,0.51
1851,2,12.4,7.82,0.8
1341,1,14.2,9.81,0.74
1936,4,13.1,11.5,0.7
1412,5,21.9,8.45,0.65
1059,1,10.8,6.76,0.68
976,2,8.7,8.42,0.77
2893,0,9.0,6.97,0.63
2422,2,7.4,8.73,0.65
3011,1,3.2,6.59,0.7
2177,1,7.9,8.72,0.8
1499,0,14.3,5.5,0.74
2726,1,10.0,5.82,0.6
1776,3,14.9,9.74,0.47
1954,2,13.7,7.82,0.7
1770,2,2.7,7.17,0.73
500,2,12.0,6.36,0.57
2923,2,7.8,9.28,0.76
2143,1,10.1,6.9,0.99
2030,2,13.4,9.6,0.72
1756,3,7.5,4.78,0.69
1914,2,12.8,4.96,0.63
1381,3,7.0,9.05,0.95
2231,0,17.8,8.3,0.7
885,2,6.3,6.15,0.66
1930,1,14.5,8.01,0.78
2193,4,9.9,8.94,0.52
1660,0,9.1,5.91,0.75
2059,3,15.9,7.61,0.81
1106,2,2.2,9.3,0.79
1123,3,20.9,8.01,0.48
1965,3,19.7,8.52,0.64
2274,3,23.3,8.36,0.55
500,5,10.2,6.14,0.82
2165,5,11.9,8.86,0.68
1419,2,1.7,4.94,0.52
1665,5,11.9,5.94,0.76
862,4,7.8,7.59,0.74
1203,3,15.5,8.37,0.42
2476,6,24.7,9.75,0.6
1823,4,4.5,8.25,0.65
1532,2,17.7,6.65,0.8
1718,2,7.3,8.52,0.64
2142,4,13.5,9.89,0.42
2108,4,15.8,9.47,0.5
1747,1,16.3,6.3,0.88
2565,3,16.2,10.86,0.68
2479,3,13.3,9.66,0.62
2089,3,11.1,10.44,0.51
1838,2,16.6,9.01,0.55
2260,3,4.8,7.91,0.46
2019,2,7.5,5.89,0.64
2542,5,13.5,8.95,0.72
2429,3,10.6,9.31,0.32
1087,3,11.2,6.81,0.57
1039,1,15.9,8.65,0.51
1309,4,12.9,10.34,0.52
2483,3,8.6,10.02,0.79
696,0,12.5,6.72,0.91
2076,5,18.1,8.59,0.73
2053,2,12.7,8.64,0.68
2613,5,17.7,9.28,0.5
1926,4,12.7,9.06,0.71
859,0,7.6,7.01,0.64
1128,2,7.7,6.67,0.57
972,2,0.4,7.49,0.9
1423,3,7.0,8.31,0.51
1671,4,21.3,7.48,0.81
984,2,13.7,7.98,0.56
2829,3,11.5,5.37,0.7
872,2,11.8,9.66,0.64
2742,3,5.6,9.17,0.62
2629,2,17.5,8.09,0.58
2428,4,20.3,8.81,0.73
1314,2,7.7,8.41,0.83
2039,2,12.3,7.37,0.87
905,1,5.2,5.6,0.59
2437,3,14.1,8.23,0.83
1748,5,18.2,6.79,0.73
1513,1,8.5,5.49,0.41
943,2,12.9,7.34,0.72
500,5,9.9,9.5,0.74
1073,1,15.9,6.54,0.76
2578,3,15.8,10.49,0.57
1518,2,3.3,5.21,0.45
1681,3,12.7,9.86,0.51
2258,2,15.9,7.49,0.76
3063,4,12.6,9.13,0.43
2727,2,11.4,8.22,0.61
1119,0,7.3,7.29,0.8
500,1,3.8,7.0,0.62
3451,1,13.7,11.58,0.56
3388,3,11.4,10.11,0.5
1931,0,9.9,7.12,0.89
910,1,12.0,7.52,0.66
2474,1,4.4,7.46,0.61
1724,3,7.9,8.47,0.39
1720,2,10.2,8.7,0.92
2426,2,17.6,7.46,0.58
2034,2,5.9,7.69,0.76
969,2,13.4,7.48,0.84
1572,3,10.7,7.38,0.61
2262,2,7.1,6.59,0.54
2157,5,11.3,11.69,0.4
1983,2,13.7,11.0,0.75
2453,4,14.0,8.67,0.78
1546,1,5.4,7.81,0.67
1925,4,13.1,10.46,0.64
500,3,7.1,8.16,0.6
1485,4,21.9,7.0,0.56
2334,3,7.5,8.21,0.87
1526,6,14.4,9.78,0.62
1473,0,4.5,6.81,0.69
1070,0,9.6,5.71,0.7
2502,4,19.2,8.91,0.56
2183,3,11.3,9.58,0.55
2377,4,8.8,4.89,0.65
591,4,16.2,9.11,0.39
1687,3,12.1,8.26,0.48
1603,1,9.6,6.69,0.61
1603,5,6.6,6.42,0.65
1368,2,15.9,6.42,0.56
1557,2,18.6,8.76,0.9
2394,2,8.3,5.34,0.59
500,1,8.2,8.71,0.69
3044,3,13.2,6.61,0.76
2138,3,14.3,8.19,0.57
1770,4,9.3,9.33,0.82
2434,3,13.7,11.82,0.64
783,2,13.1,8.48,0.74
1334,0,9.8,5.45,0.71
1715,1,6.6,8.02,0.72
2755,5,24.3,9.08,0.51
1767,2,4.6,6.98,0.62
2115,2,9.6,7.89,0.64
1387,1,9.0,7.83,0.75
2140,1,3.7,8.56,0.53
2974,3,15.0,11.05,0.72
2496,1,11.4,6.94,0.82
1742,5,22.1,9.39,0.77
2272,3,8.5,9.41,0.63
2204,5,16.5,8.57,0.62
2154,0,8.2,8.69,0.65
2578,1,7.1,8.28,0.94
2573,3,19.1,6.77,0.56
1710,6,13.3,9.39,0.59
2249,3,17.1,7.82,0.93
1531,1,6.1,7.94,0.84
1153,2,17.8,9.32,0.43
1611,2,9.6,9.44,0.67
1746,0,3.1,5.5,0.78
636,2,20.0,7.29,0.52
2402,0,10.4,7.22,1.0
500,2,15.2,7.64,0.42
2851,1,8.2,9.43,0.71
1617,3,8.9,8.85,0.54
1806,1,8.4,7.94,0.82
2012,1,5.8,6.65,0.66
1387,5,13.9,7.5,0.94
1934,5,10.7,9.6,0.68
1699,3,17.8,7.24,0.74
1734,7,8.6,10.19,0.54
1927,1,13.6,7.84,0.49
880,3,11.5,6.04,0.35
1827,3,16.8,7.32,0.74
1914,3,15.5,9.35,0.8
1890,2,16.5,7.66,0.54
1648,4,13.6,7.99,0.58
2596,4,22.3,9.05,0.71
1552,3,0.2,6.99,0.46
1959,5,14.7,8.55,0.77
2708,3,18.0,8.69,0.73
1744,3,8.0,9.35,0.66
1950,4,13.7,8.74,0.91
1732,1,0.0,8.86,0.78
2666,1,1.4,7.82,0.79
1619,5,10.0,8.49,0.53
2698,5,18.4,9.37,0.54
1727,1,9.7,8.88,0.62
1198,1,5.7,6.87,0.59
2275,2,8.8,7.08,0.85
1586,1,15.3,8.39,0.57
2234,4,12.8,9.03,0.67
500,2,12.8,5.18,0.56
1803,2,19.1,6.0,0.72
1478,3,0.8,6.46,0.67
1055,2,3.4,5.3,0.56
1412,3,10.6,6.83,0.73
1398,4,21.6,6.91,0.49
1766,5,12.5,7.35,0.61
842,1,9.7,6.15,0.37
2021,1,8.8,6.92,0.82
2756,1,12.7,8.8,0.82
1996,3,12.7,8.51,0.9
2366,2,14.0,9.37,0.79
2566,4,7.4,9.06,0.42
2665,5,16.9,8.76,0.38
3109,3,8.9,8.9,0.81
1450,5,14.2,8.75,0.84
1297,3,10.6,8.93,0.37
2348,2,15.4,8.66,0.65
2295,1,3.4,7.0,0.72
2342,6,14.9,10.66,0.5
3122,3,13.6,8.1,0.67
1807,4,17.3,9.81,0.73
2098,2,11.1,7.71,0.98
1113,1,6.6,7.27,0.8
3294,6,15.0,9.24,0.53
1564,2,5.1,5.81,0.73
1584,0,9.2,7.53,0.58
1557,2,19.7,9.7,0.68
1348,3,7.0,6.76,0.7
1289,3,11.3,6.64,0.62
1433,0,4.1,7.65,0.59
843,0,8.1,6.06,0.69
1250,3,5.4,9.91,0.6
3164,3,14.9,10.39,0.52
2314,1,13.6,8.15,0.53
2624,2,21.7,7.8,0.78
3083,4,13.1,10.07,0.51
560,2,13.6,6.0,0.57
939,2,6.6,7.59,0.93
1237,0,9.5,8.92,0.64
1471,1,8.1,7.31,0.92
1589,2,11.7,8.16,0.9
1487,1,6.0,8.69,0.68
1953,4,18.7,6.97,0.7
1824,2,4.1,9.01,0.51
1294,2,15.0,7.56,0.53
500,0,9.5,7.55,0.86
1104,3,10.6,5.26,0.88
1415,2,9.3,8.87,0.78
1627,1,5.4,6.63,0.66
1009,1,4.0,7.68,0.66
1456,1,10.0,5.22,0.72
1008,0,17.3,7.21,0.9
1711,6,6.1,6.03,0.49
1048,3,13.1,8.96,0.62
1205,3,10.3,8.6,0.75
883,2,18.8,6.94,0.85
1692,3,3.6,5.17,0.63
1193,3,10.7,8.73,0.59
2434,3,13.0,7.54,0.58
2084,2,1.3,6.62,0.82
1751,1,19.8,7.88,0.75
1241,3,15.0,8.89,0.55
2066,3,14.5,6.93,0.93
2283,2,16.0,4.95,0.78
1899,3,6.2,9.41,0.69
2922,6,18.8,9.88,0.57
2121,7,14.6,10.16,0.46
2439,2,3.0,7.41,0.46
1893,3,16.4,8.48,0.8
2272,2,0.0,7.73,0.61
1242,4,15.3,7.74,0.55
1479,2,11.8,8.24,0.66
2044,1,20.3,8.68,0.65
2039,3,6.0,9.6,0.84
2155,2,9.7,8.29,0.52
2570,3,11.6,7.99,0.6
802,0,10.7,4.48,0.54
1117,2,14.2,8.22,0.57
1960,2,9.8,8.17,0.62
1292,3,13.7,7.19,0.83
2161,4,16.8,8.09,0.68
1745,3,13.0,9.12,0.52
1439,1,7.7,5.11,0.7
1463,3,23.7,10.02,0.64
1821,4,9.6,10.21,0.29
1878,4,9.0,8.18,0.56
1480,2,10.5,7.58,0.89
1608,5,12.5,10.65,0.51
2769,2,5.4,7.12,0.86
1976,1,6.6,7.11,0.52
861,2,10.8,5.81,0.61
2176,3,19.1,10.69,0.41
2887,4,6.9,7.5,0.62
2758,2,15.5,8.71,0.98
2314,4,17.4,7.88,0.84
2795,2,12.5,9.01,0.69
1837,0,4.4,7.64,0.73
2239,4,9.2,9.94,0.94
1323,2,9.3,7.35,0.55
2004,4,14.9,7.04,0.72
2730,1,14.1,6.7,0.47
1387,2,8.5,6.38,0.44
1196,3,6.0,7.83,0.51
1868,4,8.9,6.67,0.55
1641,3,10.1,8.33,0.67
2254,0,11.0,6.53,0.84
1482,1,5.3,5.86,0.57
3002,3,6.6,8.35,0.74
897,1,8.2,9.05,1.0
2677,4,14.1,9.11,0.54
1264,1,11.2,7.15,0.73
542,3,9.7,8.84,0.75
1966,3,11.7,8.58,0.84
1621,2,3.9,8.12,0.39
1023,5,12.5,10.14,0.59
623,1,9.2,7.23,1.0
2483,2,15.5,10.28,0.64
2209,4,14.6,8.51,0.74
1839,6,8.5,9.52,0.47
2135,3,13.8,10.15,0.87
1780,4,9.6,9.47,0.55
799,1,0.0,7.29,0.87
805,3,16.4,7.77,0.8
1657,4,16.0,9.15,0.58
1687,2,6.6,5.86,0.81
2395,4,15.4,8.35,0.52
2330,3,11.7,8.02,0.88
2223,4,10.2,8.0,0.83
1603,3,14.3,8.46,0.98
833,1,15.0,7.12,0.98
2088,1,6.9,8.62,0.85
2167,6,10.9,11.46,0.47
500,1,15.2,9.47,0.95
1215,4,20.9,8.61,0.77
1316,2,19.0,7.12,0.59
1882,2,14.8,6.52,0.66
1237,1,4.2,8.05,0.72
1773,2,3.7,7.19,0.52
1652,5,20.2,8.51,0.5
1688,1,11.3,8.08,0.88
1298,5,17.3,7.5,0.7
1352,2,3.2,7.26,1.0
1043,5,16.8,7.74,0.45
2066,3,16.5,6.99,0.66
2199,0,1.2,5.15,0.72
1260,4,16.2,7.87,0.73
2864,4,8.9,9.12,0.59
1579,4,9.9,9.4,0.46
2871,4,14.1,7.34,0.54
1350,0,11.1,6.42,0.94
500,4,9.8,10.06,0.55
2081,2,20.6,9.24,0.73
1973,5,18.6,10.34,0.59
1824,1,11.5,8.88,0.62
1350,3,8.5,8.09,0.74
1775,6,20.5,8.73,0.71
1442,7,8.1,9.49,0.68
1588,0,2.0,5.76,0.76
2389,3,9.7,7.73,0.81
1928,0,6.5,6.06,0.56
2226,1,4.2,8.68,0.66
1637,3,16.5,9.59,0.63
1560,1,3.3,7.02,0.73
992,1,17.3,6.78,0.98
1540,2,12.9,8.51,0.56
500,1,9.4,7.54,0.63
1386,4,13.0,8.46,0.56
1742,1,4.0,7.31,0.86
2194,1,17.1,6.79,0.78
1611,2,0.0,6.27,0.96
2043,3,11.1,8.0,0.64
500,2,9.8,6.69,0.76
1760,2,12.0,5.49,0.79
624,1,10.9,6.37,0.55
954,2,2.0,8.21,0.68
1668,3,9.9,10.01,0.63
2693,4,9.8,10.25,0.73
2059,7,22.2,9.32,0.86
1812,1,7.8,8.9,0.63
1786,3,12.3,7.5,0.75
1300,1,12.8,7.81,0.68
1419,7,7.0,8.84,0.41
2099,4,2.4,9.49,0.56
830,2,9.7,7.86,0.74
2215,4,15.1,9.29,0.71
1528,1,10.7,8.7,0.82
2377,4,7.2,7.78,0.61
2472,6,16.9,10.92,0.44
628,2,7.4,7.76,0.53
1392,1,7.2,10.22,0.61
1201,5,20.5,8.03,0.33
531,3,15.5,7.86,0.57
1077,1,14.2,6.77,0.7
3508,4,8.4,7.24,0.35
2226,3,20.4,9.05,0.56
3142,1,8.1,4.68,0.7
2380,1,12.6,6.92,0.88
1280,5,21.6,7.55,0.58
1532,5,9.5,7.43,0.9
2211,3,7.4,7.84,0.83
2106,3,17.2,8.04,0.63
1395,2,13.0,11.61,0.52
743,2,12.8,6.03,0.5
1701,4,9.8,10.51,0.51
1571,3,5.5,7.61,0.78
1879,3,15.5,7.37,0.88
1630,4,7.7,9.29,0.37
1885,1,11.8,5.76,0.95
2700,4,12.9,10.83,1.0
1712,2,9.5,7.06,0.72
986,3,11.2,6.86,0.53
1686,2,6.7,5.64,0.74
1474,1,12.2,5.91,0.73
2796,0,7.6,8.05,0.88
2619,2,10.4,8.38,0.64
1875,5,8.7,8.14,0.68
904,4,11.5,7.37,0.62
941,2,11.4,7.33,0.5
1810,3,13.5,6.41,0.68
2035,2,11.0,7.41,0.63
1537,0,7.9,6.15,0.7
1463,2,8.7,5.98,0.53
1385,4,11.3,9.06,0.9
1783,1,10.9,7.4,0.77
500,3,17.3,6.78,0.71
1029,1,19.2,5.39,0.66
1361,5,19.6,9.5,0.41
2645,5,18.6,9.29,0.39
1230,3,18.6,6.6,0.6
1926,2,12.9,8.36,0.78
1958,2,12.7,6.74,0.82
2708,3,9.9,9.44,0.52
1759,2,11.3,6.48,0.79
1467,3,10.4,6.75,0.56
1335,2,6.3,7.63,0.77
1631,3,11.5,8.15,0.75
1496,1,8.2,8.6,0.79
2187,4,7.6,7.19,0.61
2094,4,19.9,10.79,0.96
2214,3,7.3,9.03,0.43
2681,2,12.4,9.46,0.47
3104,4,14.1,10.06,0.32
1887,5,8.4,10.5,0.55
2569,1,10.6,9.51,0.73
1553,1,11.2,7.36,0.47
2629,5,13.6,9.81,0.74
2505,1,6.3,6.82,0.79
1865,1,22.2,7.52,0.77
823,2,12.7,6.48,0.65
1771,3,9.9,7.47,0.64
2873,4,7.7,8.06,0.8
1583,3,11.4,7.12,0.55
2349,5,10.8,8.12,0.77
2390,3,15.6,6.96,0.79
1601,0,6.9,7.06,0.86
2721,2,10.8,7.54,0.72
500,1,0.0,5.58,0.36
944,0,10.8,6.24,0.8
1159,6,19.7,9.08,0.81
1226,3,11.2,8.74,0.78
2035,3,16.1,9.02,0.84
2003,2,14.2,9.27,0.5
2075,5,18.0,11.05,0.46
2217,5,14.2,9.82,0.53
1134,2,7.6,5.14,0.84
947,3,3.8,6.98,0.72
2077,4,10.8,7.85,0.74
1358,1,9.9,6.74,0.73
700,2,7.7,6.07,0.7
2776,2,10.1,5.59,0.51
2890,4,11.6,9.52,0.7
1930,2,13.1,7.96,0.39
2238,1,14.2,8.97,0.7
2758,3,14.7,9.7,0.62
1351,4,12.5,8.6,0.84
2577,4,6.7,9.85,0.7
1992,4,8.4,7.41,0.78
2439,5,19.2,9.59,0.65
1930,1,9.8,6.63,0.88
2707,7,11.9,10.58,0.65
1956,1,3.2,7.81,0.58
761,1,0.0,5.43,0.71
2816,3,9.9,11.85,0.56
1136,1,15.1,9.45,0.82
2677,2,15.3,9.77,0.76
1736,6,16.3,10.24,0.48
2623,4,19.4,9.4,0.7
2594,3,15.7,8.39,0.51
2101,2,4.1,7.97,0.7
2155,1,17.0,8.99,0.73
500,2,6.0,9.54,0.45
1882,1,7.4,7.32,0.9
1018,2,10.8,6.33,0.43
1919,1,10.0,6.78,0.73
999,1,9.8,7.32,0.73
970,3,11.9,7.66,0.4
2923,2,8.0,9.0,0.85
2548,3,11.4,8.58,0.57
1797,2,13.8,6.47,0.77
1929,3,10.4,7.28,0.71
1626,3,13.1,9.13,0.58
2198,5,3.6,10.27,0.43
1326,1,7.5,7.3,0.5
2495,6,23.6,10.73,0.51
1622,3,13.4,10.3,0.91
1506,3,0.8,8.68,0.72
1815,5,12.9,10.33,0.77
1386,2,11.6,6.45,0.7
2030,1,13.2,5.22,0.64
1423,2,17.3,9.13,0.7
2127,3,20.1,8.22,0.65
1296,2,9.7,8.47,0.73
1708,3,12.0,9.03,0.5
2122,0,8.9,6.74,0.55
1494,2,2.7,7.94,0.7
2125,3,7.9,7.38,0.72
2188,6,14.7,9.82,0.57
2558,7,18.3,11.2,0.55
1375,4,15.0,8.64,0.64
1140,2,9.6,7.34,0.64
1584,2,5.8,7.74,0.63
1122,0,3.0,7.48,0.77
2195,5,16.9,7.73,0.68
986,0,7.4,7.23,0.7
3433,3,13.5,9.59,0.38
2707,4,7.3,8.83,0.64
1808,2,17.3,7.79,0.65
2407,4,16.8,7.78,0.63
654,1,4.5,5.85,0.67
3566,2,5.1,7.35,0.61
1386,2,10.0,7.29,0.89
1715,4,4.6,9.61,0.5
500,4,22.9,7.92,0.92
2140,3,6.9,7.36,0.55
1025,2,14.8,5.74,0.64
1871,1,12.2,6.32,0.82
1419,3,22.4,6.59,0.88
1045,3,7.3,6.39,0.78
1236,3,15.2,8.54,0.88
1958,2,5.3,8.22,0.8
902,3,10.3,6.26,0.57
1275,5,2.4,6.59,0.77
2264,5,13.9,8.47,0.3
3621,5,8.6,10.63,0.71
2134,0,0.0,5.74,0.85
1157,3,7.5,7.6,0.81
1543,3,10.8,8.35,0.56
1822,4,12.7,8.15,0.53
1555,3,10.6,7.29,0.47
2432,4,11.3,8.33,0.62
2435,5,7.8,9.51,0.46
1579,3,12.6,10.32,0.4
2727,5,12.7,8.61,0.57
1683,3,6.7,8.04,0.61
1120,1,8.6,8.38,0.77
3324,4,17.7,9.6,0.47
522,1,11.3,7.27,0.51
1282,4,16.5,9.16,0.61
1361,3,10.4,8.13,0.84
3555,4,11.7,9.75,0.93
3064,3,6.2,8.45,0.6
2845,3,16.6,9.68,0.58
1568,4,11.1,7.59,0.35
3498,4,12.6,9.32,0.69
2057,3,8.6,9.0,0.56
2484,3,21.8,9.94,0.57
1925,3,16.6,8.46,0.62
1765,3,12.4,7.51,0.81
1623,2,10.0,8.65,0.72
1653,1,8.9,8.39,0.81
2225,2,14.6,8.18,0.94
2057,6,13.8,11.51,0.46
1777,1,14.0,6.32,0.83
2856,5,10.3,7.99,0.54
500,0,12.3,5.79,0.59
2156,1,9.2,6.13,0.73
2302,4,4.5,7.15,0.81
1754,1,5.7,7.76,0.6
1945,1,9.1,8.18,0.55
2490,3,9.2,9.58,0.69
2843,5,6.6,11.37,0.58
1589,3,9.2,7.73,0.47
1986,4,7.2,8.42,0.74
2975,3,17.6,9.54,0.57
500,4,5.8,5.79,0.55
1316,2,10.3,9.17,0.87
2826,1,10.6,7.58,0.73
2564,2,4.1,8.33,0.83
2165,1,9.5,6.6,0.78
1485,1,2.7,5.09,0.93
1182,2,5.7,7.88,0.45
1386,2,6.0,7.75,0.84
2883,2,15.8,8.48,0.82
1360,3,15.2,8.81,0.67
1870,4,4.3,8.46,0.6
1272,0,7.7,5.6,0.75
2389,2,11.9,8.16,0.4
1422,2,13.3,8.08,0.93
1731,4,18.5,6.94,0.59
621,1,16.5,7.35,0.79
670,0,8.8,6.66,0.98
1805,2,22.9,9.68,0.62
872,1,3.9,6.2,0.71
3273,1,9.2,7.39,0.75
500,4,13.7,7.06,0.76
1239,3,5.1,6.76,0.62
1811,3,12.8,8.5,0.4
1544,7,9.5,9.82,0.32
1027,3,19.3,7.34,0.64
1129,1,0.0,7.87,0.51
1106,3,3.2,8.4,0.37
1599,3,11.0,8.53,0.75
3166,1,1.3,8.68,0.86
1854,7,6.1,9.82,0.55
2628,2,11.0,8.33,0.76
2154,6,7.3,8.39,0.5
2579,1,7.8,8.42,0.82
500,7,12.6,8.57,0.33
1586,2,15.9,9.25,0.93
2714,1,9.4,9.85,0.61
1399,1,9.5,7.18,0.61
3033,6,12.7,9.67,0.4
2838,5,14.5,10.61,0.48
1471,3,11.3,8.84,0.53
1447,5,6.7,8.58,0.42
1090,5,7.1,9.26,0.56
1359,3,6.2,8.43,0.62
937,3,7.4,7.89,0.58
2100,5,11.1,10.36,0.7
780,2,6.9,5.34,0.88
2222,2,10.0,9.26,0.62
2239,1,7.9,5.51,0.91
637,4,13.5,7.87,0.37
2884,5,11.4,10.12,0.61
2159,3,9.2,8.89,0.76
2324,7,18.4,9.78,0.58
1268,3,17.4,11.41,0.71
2235,4,11.6,11.68,0.56
2588,2,6.4,7.51,0.78
1730,3,19.5,8.77,0.74
3201,4,10.3,8.71,0.56
1830,2,11.7,6.46,0.8
2598,2,13.4,7.5,0.82
2005,0,4.5,7.52,0.6
630,2,9.3,6.01,0.68
2059,2,9.4,8.14,0.69
1285,4,9.0,5.94,0.69
1207,0,4.1,6.48,0.77
3020,4,10.8,8.91,0.56
1650,7,10.4,11.22,0.4
1097,1,9.5,7.04,0.57
1548,7,18.5,10.96,0.87
889,3,11.5,7.72,0.78
2803,3,0.9,8.5,0.75
1313,4,6.7,7.87,0.53
2170,3,11.3,8.15,0.69
2749,4,15.8,10.46,0.83
1449,1,7.7,7.24,0.81
2172,3,18.5,7.6,0.51
1078,1,11.6,6.85,0.64
3512,5,15.2,11.65,0.53
2455,2,11.5,7.54,0.59
1665,3,11.9,7.9,0.7
1259,2,9.5,6.96,0.58
1720,2,10.9,7.31,0.85
1562,3,19.4,9.46,0.83
3167,3,14.3,9.18,0.66
942,3,5.2,8.72,0.55
1894,1,8.3,4.84,0.75
1787,5,8.0,9.26,0.42
1717,7,13.2,9.03,0.46
1723,3,3.9,7.01,0.62
1718,1,21.4,6.67,0.72
2411,2,8.5,7.88,0.6
2226,6,17.6,7.24,0.59
2093,1,7.5,7.36,0.79
500,2,10.7,6.58,0.68
2009,1,10.6,6.18,0.75
641,0,14.9,7.51,0.74
2252,3,11.1,8.93,0.78
2832,1,5.8,6.47,0.98
1151,1,5.0,7.59,0.56
1616,3,6.2,8.23,0.68
1380,5,11.4,8.41,0.53
1866,4,16.5,8.79,0.58
3009,4,11.4,9.75,0.52
2089,2,17.1,6.89,0.71
1969,1,6.6,7.83,0.9
1847,3,17.9,6.71,0.55
2372,2,12.1,9.7,0.57
583,2,16.8,5.54,0.47
1859,4,15.1,6.73,0.5
1750,6,10.4,8.84,0.75
2307,5,15.0,8.64,0.88
1668,2,13.8,8.23,0.89
1072,6,20.2,6.96,0.63
1805,1,8.0,6.56,0.74
1042,4,13.6,8.47,0.76
500,1,14.4,5.22,0.7
2308,2,14.0,8.2,0.71
2205,3,14.0,7.71,0.38
2126,2,9.7,7.52,1.0
2712,4,10.7,7.53,0.68
1334,2,11.2,6.17,0.88
798,2,8.5,7.6,0.57
1750,1,3.6,5.96,0.73
1556,2,16.5,9.47,0.67
1210,7,11.7,10.51,0.31
1744,3,16.6,6.32,0.7
1371,3,8.0,8.41,0.74
514,2,12.4,5.79,0.86
1491,1,0.6,7.05,0.8
1004,3,14.4,9.39,0.71
1962,1,10.1,8.51,0.63
1340,4,16.0,9.54,0.53
2578,6,10.3,6.96,0.71
2922,2,22.3,7.18,0.87
2275,2,0.7,6.63,0.81
714,2,11.0,8.36,0.56
2853,4,8.8,8.61,0.69
2903,4,17.9,6.99,0.43
2726,3,9.8,6.84,0.47
1413,1,8.7,7.65,0.6
500,3,10.7,6.27,0.88
1267,0,6.0,5.57,0.83
3010,2,16.4,9.0,0.57
756,3,5.9,7.95,0.67
1799,5,18.9,8.62,0.92
1823,1,5.4,7.88,0.69
1440,2,1.2,6.21,0.66
1489,5,16.5,9.0,0.43
1850,3,7.4,8.35,0.64
1406,2,4.6,6.52,0.69
804,4,16.8,9.27,0.77
1950,1,0.8,5.22,0.75
2551,3,8.2,8.91,0.71
2408,4,16.2,10.27,0.73
1233,2,4.9,6.75,0.8
924,4,6.2,7.23,0.61
1601,2,10.7,7.82,0.66
2897,1,6.3,9.16,0.79
2251,1,10.0,7.63,0.85
2292,3,9.3,7.73,0.82
2422,1,3.9,8.09,0.65
2094,1,11.7,9.01,0.63
2263,1,5.7,7.73,0.82
1417,4,21.7,6.73,0.53
809,3,19.5,8.07,0.84
2306,2,22.8,8.88,0.28
2666,5,12.8,9.52,0.61
1017,4,12.3,5.68,0.53
2375,4,10.8,7.63,0.5
2976,2,12.6,6.99,0.87
1798,4,7.0,9.52,0.7
1227,6,13.9,9.09,0.48
1886,3,15.7,9.29,1.0
1414,2,6.4,6.21,0.63
1368,2,9.1,7.12,0.73
2103,1,11.8,8.12,0.6
677,1,8.3,5.86,1.0
789,3,8.7,9.08,0.56
1813,3,15.0,9.24,0.52
1784,5,13.9,9.07,0.61
2040,5,15.0,9.68,0.87
3112,3,8.2,8.86,0.45
1873,4,9.8,10.2,0.49
2218,2,14.0,9.66,0.79
1117,4,20.1,9.54,0.42
2337,7,13.9,10.86,0.74
1431,2,14.0,6.43,0.66
1849,1,12.0,7.7,0.72
1723,4,16.7,7.31,0.53
2523,3,11.2,7.57,0.57
883,2,15.2,7.49,0.6
500,4,15.5,7.6,0.75
1650,4,10.6,8.5,0.8
2127,2,8.5,9.53,0.92
1906,2,22.4,7.2,0.71
2662,3,15.6,8.6,0.61
2106,4,14.1,8.51,0.54
1405,5,12.6,10.2,0.37
500,0,6.3,6.61,0.48
1633,3,12.8,8.9,0.64
2519,1,4.4,10.45,0.72
1525,1,1.6,7.09,0.67
1819,4,16.1,7.68,0.65
2094,3,19.3,7.98,1.0
1089,2,18.2,6.98,0.69
2236,0,11.3,6.88,0.87
2945,3,9.6,9.1,0.69
1679,1,16.3,5.4,0.62
1009,4,20.7,7.15,0.54
1753,4,14.3,9.77,0.57
500,1,15.5,6.62,1.0
2035,4,2.9,8.43,0.59
2116,3,13.6,9.71,0.9
2972,4,14.8,8.19,0.58
1664,0,5.3,6.7,0.76
2085,1,7.5,7.73,0.68
1197,3,16.8,7.94,0.62
1550,2,12.2,8.22,0.67
732,2,13.6,6.92,0.67
1663,0,13.4,7.15,0.86
1586,2,13.0,8.28,0.42
2009,2,12.3,8.9,1.0
1363,4,15.5,7.92,0.76
1858,2,3.3,5.73,0.43
1566,5,18.9,9.07,0.55
1567,6,17.5,8.64,0.61
1856,1,12.6,6.72,0.57
1828,2,10.3,8.26,0.37
2332,4,14.0,9.72,0.65
1715,3,17.0,7.05,0.77
1555,2,2.5,6.65,0.66
1673,3,0.0,5.41,0.87
1299,1,14.6,6.62,0.79
1548,3,11.3,8.44,0.46
3221,1,0.0,6.89,0.5
1161,2,7.4,8.15,0.6
1604,5,16.0,10.27,0.82
1528,4,12.7,10.23,0.53
1626,2,10.5,9.2,0.34
1568,4,15.0,9.55,0.55
1995,1,5.3,7.49,0.74
602,1,2.3,7.35,0.74
2526,5,18.1,9.05,1.0
2242,0,14.9,5.92,0.73
929,2,10.8,7.01,0.6
500,0,0.0,6.91,0.64
1116,3,10.6,6.26,0.89
1630,7,10.6,9.64,0.54
3606,4,10.7,9.82,0.64
2180,3,10.9,8.12,0.43
534,1,17.0,8.08,0.69
1317,2,13.9,8.76,0.63
1762,4,0.7,7.72,0.69
1977,4,6.0,7.72,0.28
879,4,18.3,6.26,0.71
1705,1,5.6,7.84,0.94
1297,5,15.9,6.29,0.53
1027,1,6.0,7.91,0.55
1981,2,14.8,10.81,0.84
2341,4,14.6,7.56,0.42
2388,4,17.0,8.76,0.79
2202,4,3.6,8.9,0.85
1451,3,14.1,8.31,0.68
2300,2,3.4,7.46,0.74
2016,4,17.1,8.98,0.65
1893,4,23.3,7.94,0.57
1371,4,4.7,7.23,0.74
1452,0,10.9,6.74,0.75
1851,2,3.5,5.08,0.68
3507,3,8.6,10.11,0.65
2010,2,8.2,7.36,0.65
1372,0,11.1,6.37,0.59
1217,2,15.3,8.02,0.72
1455,3,16.5,6.78,0.66
3324,4,8.2,8.88,0.57
1520,4,15.8,10.6,0.53
2434,6,11.2,10.42,0.68
1536,1,8.7,8.93,0.77
1982,1,5.2,8.32,0.52
2354,1,12.0,8.15,0.61
1399,4,9.3,7.44,0.95
1351,4,12.6,7.68,0.45
2961,2,13.1,7.95,0.57
2489,6,6.6,8.92,0.5
2353,3,16.6,9.87,0.85
2351,2,19.5,8.62,0.91
2121,2,4.4,7.96,0.49
3212,3,2.0,9.34,0.43
1830,1,11.1,6.54,0.64
2204,5,17.2,9.69,0.6
784,4,5.8,8.13,0.9
1222,1,6.5,6.38,0.54
959,1,10.4,6.08,0.9
2691,7,15.2,10.34,0.61
500,1,13.5,5.83,0.82
1518,3,13.9,9.67,0.73
500,4,8.3,7.26,0.74
1218,0,12.2,6.42,0.91
1456,2,9.7,7.67,0.68
2769,4,7.7,7.7,0.48
2077,4,10.3,11.21,0.81
1216,5,17.0,7.87,0.46
2546,0,1.2,6.09,0.71
1812,2,4.6,8.92,0.67
1826,2,18.9,8.34,0.75
958,3,6.7,8.19,0.74
1106,1,15.6,6.9,0.6
1222,2,3.3,7.36,0.95
1832,0,9.4,7.68,0.97
1854,1,14.1,8.32,0.75
2880,1,3.6,7.7,0.71
2069,3,7.5,8.4,0.54
500,2,16.1,5.41,0.69
1983,2,20.2,8.28,0.69
784,1,12.9,9.17,0.45
1123,4,12.2,7.27,0.76
1231,1,9.2,6.02,1.0
1335,1,3.6,5.36,0.65
837,2,0.2,7.16,0.69
1942,5,17.7,10.03,0.78
2049,1,6.6,7.83,0.43
3365,1,8.6,8.01,0.7
869,5,9.9,9.24,0.74
1600,2,14.0,6.97,0.59
500,5,13.9,8.76,0.52
1589,0,5.7,7.49,0.55
2249,4,15.6,9.56,0.34
2304,3,13.3,10.26,0.79
1854,3,15.8,10.78,0.99
2422,4,10.7,9.62,0.83
3582,5,18.2,9.26,0.66
2998,4,14.3,7.42,0.54
1434,1,12.7,8.28,0.9
784,2,15.1,5.57,0.77
1515,5,17.8,8.9,0.44
1137,6,15.2,8.74,0.35
2115,1,10.8,6.97,0.54
973,1,13.9,6.47,0.68
1749,3,6.7,7.11,0.74
2386,2,11.6,9.78,0.78
1729,3,1.3,8.64,0.56
1137,4,11.9,7.64,0.63
2622,3,0.0,8.0,0.79
500,2,6.7,5.78,0.73
1570,0,0.0,4.8,0.64
1770,5,19.3,9.57,0.46
1811,2,7.2,8.16,0.41
1926,2,5.3,7.93,0.54
2227,4,13.9,7.46,0.65
1775,3,7.9,8.03,0.71
1542,1,2.8,5.58,0.99
1514,4,11.4,7.63,0.75
1371,0,0.3,4.92,0.84
2351,3,21.4,9.45,0.72
1347,1,9.9,6.56,0.5
2392,3,14.9,9.64,0.39
1813,1,15.6,7.74,0.95
1435,4,19.4,10.44,0.49
2232,4,16.3,5.69,0.85
1290,3,9.8,8.13,0.51
2246,5,15.3,11.3,0.77
1948,0,8.3,7.66,0.81
1382,2,10.9,9.24,0.92
2170,3,14.1,7.65,0.36
2182,6,16.2,9.97,0.71
2610,5,12.0,9.28,0.32
2476,2,23.6,7.74,0.74
2143,2,3.7,5.69,0.64
1010,5,15.6,9.44,0.75
3514,3,14.8,8.31,0.63
817,2,16.7,8.48,0.58
2464,3,10.9,9.05,0.65
2101,3,15.0,9.99,0.56
978,6,13.6,10.22,0.53
1712,2,15.4,6.99,0.63
1744,5,15.6,9.48,0.43
2713,4,16.9,8.35,0.76
1300,1,10.9,7.15,0.65
1616,2,9.0,7.26,0.73
500,2,3.9,6.44,0.81
3014,2,4.7,6.93,0.58
1050,4,9.6,8.59,0.73
2028,2,9.5,8.7,0.65
1729,0,11.1,6.94,0.7
1731,4,12.8,9.42,0.73
2366,5,17.1,9.84,0.61
2969,3,18.2,9.46,0.67
1976,2,7.8,8.48,0.82
2258,3,19.0,9.86,0.64
2030,3,0.0,7.6,0.76
2512,1,10.8,7.84,0.63
1475,2,12.7,8.51,0.76
2552,2,13.3,10.16,0.69
2577,4,18.8,10.7,0.72
2557,2,14.6,8.81,0.42
1337,2,14.8,8.4,0.76
1682,4,2.2,8.52,0.7
1967,1,5.9,7.75,0.8
840,1,7.8,7.23,0.83
2916,7,20.1,11.17,0.46
1791,2,14.8,8.08,0.61
1998,2,6.0,8.24,0.56
1396,4,15.0,8.82,0.46
871,2,5.4,6.74,0.87
1377,1,12.3,6.87,0.72
1953,3,16.2,9.56,0.88
2271,0,14.1,7.1,0.67
1913,2,4.2,6.91,0.56
2042,2,6.4,7.02,0.54
1564,1,0.0,6.06,1.0
2147,3,15.8,6.79,0.38
2837,0,14.7,5.82,0.81
2293,3,6.6,7.4,0.59
2005,2,15.5,9.45,0.55
747,2,9.0,7.36,0.56
1068,1,15.2,5.47,0.67
2118,4,12.6,8.03,0.63
1792,2,13.2,8.71,0.49
2107,1,5.9,6.42,0.65
2973,3,11.7,8.99,0.51
2308,3,0.0,5.63,0.69
2681,4,22.3,9.9,0.7
1866,6,18.0,7.7,0.54
1234,2,9.0,7.55,0.84
1759,4,10.6,7.96,0.54
1236,5,6.5,7.46,0.46
2890,3,6.2,8.57,0.81
2353,2,12.3,6.8,0.63
2164,2,10.4,6.75,0.48
2665,3,15.3,9.2,0.6
500,1,3.9,6.98,0.69
2211,2,17.0,6.5,0.55
882,0,4.5,5.83,0.8
1794,2,5.2,9.91,0.89
1581,3,9.0,7.71,0.45
2263,3,19.2,9.62,0.73
1959,3,15.6,8.3,0.95
2741,1,4.2,6.28,0.77
1378,0,4.2,5.68,0.67
2296,3,0.0,6.58,0.75
1913,3,14.0,10.18,0.5
655,2,9.2,7.02,0.61
1156,1,5.4,6.59,0.87
1695,1,16.5,5.57,0.88
2578,5,25.6,11.32,0.53
2124,4,14.7,10.19,0.74
982,3,13.1,8.41,0.93
1701,3,12.7,6.66,0.74
3212,6,15.2,7.41,0.3
1877,6,7.9,7.52,0.54
1570,4,9.1,8.57,0.65
2144,2,10.2,8.03,0.5
2334,0,12.5,8.32,0.75
1480,1,7.5,8.33,0.72
2151,5,21.9,7.32,0.61
1569,7,21.9,10.1,0.46
2303,2,10.2,9.19,0.52
1918,1,8.2,7.05,0.73
2137,0,9.5,10.44,0.64
1268,7,19.3,7.87,0.67
1225,1,9.6,6.59,0.86
2461,3,12.7,9.54,0.69
1744,2,15.3,8.4,0.83
1999,4,12.7,8.46,0.77
1585,4,17.5,8.2,0.77
2429,1,7.6,5.64,0.76
1374,1,5.3,6.77,0.54
1705,2,7.8,8.14,0.79
2350,4,11.2,8.24,0.74
2621,2,4.7,8.28,0.59
1433,1,11.9,7.26,0.71
3171,1,6.3,8.95,1.0
2019,2,5.7,5.86,0.85
1069,3,13.2,8.66,0.8
2058,1,1.3,6.89,0.78
1531,3,11.4,7.69,0.4
2103,1,7.6,6.2,0.79
1770,1,3.9,6.77,0.56
1851,2,13.1,8.11,0.66
1161,5,11.2,7.04,0.73
2493,2,14.1,8.86,0.94
990,2,12.0,7.73,0.33
1023,1,6.8,5.53,0.88
2057,1,18.0,7.41,0.55
2921,3,12.5,7.15,0.37
1553,3,10.0,6.86,0.49
2290,1,18.2,8.03,0.79
2551,2,8.7,9.72,0.68
2370,0,20.9,10.2,0.7
1582,0,11.0,6.31,0.81
1036,5,23.0,11.12,0.46
500,3,17.4,5.38,0.68
1616,3,8.7,8.08,0.66
2624,1,11.9,7.0,0.9
1013,5,21.8,8.64,0.72
2290,4,23.8,8.96,0.58
1134,3,12.8,8.08,0.76
1874,4,6.4,7.33,0.77
2295,2,12.8,8.4,0.64
1338,3,9.1,7.83,0.92
1919,6,11.8,9.05,0.83
1509,1,14.0,6.01,0.63
2293,3,9.7,7.12,0.64
1964,3,13.2,8.15,0.8
1839,0,4.3,4.47,0.85
2890,2,9.0,9.21,0.8
2263,2,6.1,9.18,0.78
1316,3,19.4,8.9,0.76
1739,1,5.5,6.82,0.69
1746,2,11.8,7.42,0.78
1856,2,14.5,8.99,0.78
3567,1,8.0,8.17,0.67
2059,3,15.5,7.96,0.44
500,0,10.2,7.84,0.74
1420,1,16.8,5.86,0.56
500,2,14.2,6.79,0.6
1569,1,14.7,7.58,0.71
500,7,19.6,9.88,0.44
1189,4,2.5,6.48,0.67
735,1,4.0,7.42,0.49
2068,1,12.8,4.61,0.96
1800,3,3.4,10.66,0.3
2012,2,12.4,7.8,0.49
1726,4,16.9,9.36,0.58
823,3,16.0,8.55,0.36
2159,3,6.8,8.43,0.45
3145,6,17.9,11.56,0.83
2086,0,10.5,6.53,0.76
1501,0,9.6,5.72,0.56
800,1,9.9,6.29,0.64
1164,0,6.6,4.97,0.78
2117,4,4.5,11.04,0.34
2551,4,21.5,9.52,0.28
1982,0,11.7,7.69,0.83
2359,5,16.3,9.57,0.54
2295,4,15.4,10.4,0.61
2154,7,23.3,9.99,0.51
1339,2,4.2,6.44,0.75
1921,4,6.3,5.89,0.59
1206,4,3.3,10.67,0.63
1812,5,12.0,8.33,0.53
2031,5,14.6,9.91,0.68
2975,5,13.9,9.08,0.56
883,1,1.0,8.54,0.74
2137,3,5.9,9.03,0.87
2836,2,19.5,10.89,0.89
2331,0,6.7,7.11,0.62
2383,2,8.7,9.25,0.65
2211,3,16.2,8.55,0.77
2708,0,13.6,8.69,0.96
1038,1,10.7,8.67,0.58
829,3,13.5,7.79,0.89
1795,1,3.2,7.24,0.85
500,0,10.0,5.38,0.61
2661,4,16.0,9.83,0.68
2654,3,16.5,9.61,0.71
1496,4,10.1,6.04,0.51
1540,5,19.2,10.1,0.69
1749,2,15.2,9.31,0.65
1836,3,9.4,5.59,0.52
1889,2,14.7,11.36,0.87
2190,2,6.3,6.78,0.53
1679,1,1.9,6.23,0.63
2460,3,9.3,10.05,0.93
2112,4,13.9,6.13,0.53
1375,2,8.1,8.64,0.97
2734,0,0.2,8.12,0.88
849,4,15.0,8.83,0.53
1735,2,9.7,8.23,0.79
2476,3,6.2,8.34,0.86
1293,1,8.2,6.71,0.96
2016,0,4.7,6.98,0.85
2180,1,9.3,7.18,0.76
1197,5,12.9,7.16,0.6
1749,1,11.5,4.77,0.72
1690,1,8.0,6.96,1.0
3411,3,7.3,8.93,0.82
1265,3,7.2,8.41,0.49
2503,2,11.4,7.02,0.87
1525,3,11.6,7.37,0.67
1039,2,15.5,9.32,0.68
1871,3,11.0,6.65,0.71
2254,6,10.0,11.02,0.78
2444,5,14.9,8.96,0.75
2893,2,13.5,8.05,0.75
1975,1,13.0,9.05,0.62
1335,4,10.9,9.31,0.67
2117,0,7.9,6.06,0.63
1613,0,8.1,5.78,0.72
2448,4,8.6,6.23,0.4
891,1,6.8,7.46,0.75
3457,1,9.9,8.36,0.72
2399,4,14.5,6.75,0.52
621,0,16.0,6.67,0.61
1303,6,11.9,10.67,0.54
2371,1,13.5,8.47,0.69
2623,1,12.0,6.25,0.85
909,2,14.5,7.9,0.73
2299,0,4.8,8.5,0.69
500,0,6.2,7.62,0.87
1737,3,8.7,6.86,0.47
2578,4,11.6,7.4,0.64
1413,0,10.7,6.82,0.76
745,1,9.5,6.67,0.88
1902,3,15.9,7.56,0.8
1376,4,8.9,5.91,0.64
2240,3,1.8,9.12,0.65
1180,4,12.5,7.07,0.69
1259,3,10.8,6.29,0.55
500,1,10.5,8.42,0.59
1918,6,16.8,8.93,0.6
1687,5,6.8,7.95,0.85
968,2,0.7,5.22,0.67
2518,4,19.8,9.41,0.6
1649,3,17.2,10.03,0.52
1987,6,21.3,10.34,0.63
1991,3,13.2,7.58,0.57
956,3,14.5,6.26,0.53
3239,5,9.3,9.89,0.65
1470,5,14.7,7.71,0.66
2259,0,9.8,6.26,0.94
2338,3,19.1,9.76,0.79
1702,1,0.0,7.72,0.8
2224,3,21.7,8.44,0.78
1972,2,14.2,10.58,0.4
807,3,13.7,8.1,0.61
1567,3,11.8,5.98,0.7
1371,2,9.1,7.0,0.84
1476,6,8.4,6.87,0.35
887,2,9.4,6.85,0.45
2588,6,17.1,9.66,0.33
2921,1,8.3,4.65,0.64
2484,4,14.9,10.36,0.68
2689,3,12.8,10.3,0.44
1558,3,5.4,9.84,0.61
1354,3,7.0,7.14,0.73
1254,7,17.2,9.46,0.52
2250,4,4.3,9.65,0.41
1958,4,19.2,10.27,0.7
1745,1,13.2,6.94,0.83
2706,5,12.0,10.96,0.46
2083,2,7.4,9.26,0.63
1212,3,10.3,8.98,0.51
1323,2,10.0,7.7,1.0
2277,4,9.1,8.41,0.62
2529,1,11.5,6.84,0.63
2186,3,13.9,8.22,0.7
3127,7,15.9,10.57,0.37
2944,6,20.0,11.28,0.61
2108,5,22.0,9.06,0.61
1212,4,5.9,9.91,0.77
883,3,16.9,8.73,0.43
1528,3,6.5,7.46,0.67
2327,3,5.3,8.83,0.69
3078,3,6.7,10.97,0.59
2092,1,11.3,7.8,0.96
2618,3,6.0,9.05,0.51
1628,3,9.2,9.18,0.67
2235,1,10.0,7.61,0.58
2376,3,5.0,8.57,0.52
500,1,6.8,5.0,0.98
1510,3,9.2,7.21,0.59
2464,5,12.2,9.02,0.65
1992,2,14.9,6.74,0.52
962,4,14.9,4.71,0.59
500,2,11.4,8.65,0.78
1543,4,11.5,8.65,0.47
1749,4,3.9,9.88,0.58
1181,0,2.8,4.19,0.83
1900,3,14.5,8.84,0.97
2154,4,13.9,10.12,0.51
2269,3,11.8,10.12,0.74
500,0,8.2,4.28,0.85
1586,3,4.8,8.55,0.59
2200,4,10.4,9.96,0.5
2142,2,12.6,7.88,0.88
2130,2,15.0,9.34,0.49
1531,1,10.0,9.11,0.61
1570,1,9.9,7.3,0.89
1290,4,22.1,7.59,0.46
2337,0,1.1,8.14,0.71
1155,2,5.3,8.33,0.92
2395,0,18.3,8.3,0.68
1945,5,10.8,9.06,0.49
1768,1,4.3,7.85,0.51
1340,5,9.9,9.53,0.54
851,2,20.4,8.18,0.77
1346,1,9.4,8.4,0.64
1568,6,15.7,9.84,0.57
500,1,6.3,5.51,0.64
1661,2,10.4,9.22,0.82
2447,1,12.6,7.19,0.87
2197,5,23.1,11.18,0.57
1452,3,5.0,9.5,0.88
1832,2,18.4,7.57,0.71
1410,4,16.9,7.24,0.66
1904,3,11.8,9.67,0.41
2878,2,7.1,9.44,0.65
2477,3,8.4,8.89,0.66
2164,5,11.5,8.7,0.65
1454,4,16.2,8.52,0.53
2324,0,9.1,7.54,0.62
619,5,19.9,8.68,0.81
1623,3,10.4,6.67,0.77
2208,3,10.6,8.29,0.9
2318,3,6.2,10.01,0.52
2268,4,16.5,9.59,0.7
2006,2,8.1,8.75,0.67
1662,2,2.9,9.43,0.54
2176,3,7.7,11.13,0.62
1132,1,3.5,6.22,0.52
1208,5,17.6,9.37,0.51
1843,5,12.9,8.04,0.69
1921,6,15.7,9.63,0.75
522,0,13.2,5.36,0.65
2118,6,9.8,10.97,0.79
2340,4,18.8,7.47,0.34
1745,2,4.0,9.36,0.75
3462,1,0.0,6.24,0.67
1321,1,16.1,7.96,0.66
1547,3,0.1,6.72,0.36
1523,2,19.9,8.05,0.6
1746,0,9.0,7.52,0.66
1569,0,12.7,8.29,0.55
815,1,1.9,6.04,0.68
1417,0,8.3,5.64,0.75
1731,3,14.1,8.69,0.68
2660,4,18.3,9.7,0.53
3341,2,12.7,8.99,0.68
2734,4,12.1,8.19,0.76
1257,0,7.2,7.92,0.9
1312,6,14.2,6.73,0.69
1688,1,8.6,6.74,0.84
3049,7,13.4,10.16,0.56
1684,2,13.8,7.3,0.88
870,5,9.6,7.94,0.66
1449,5,16.1,8.63,0.56
2329,0,6.8,6.26,0.51
2282,2,0.0,6.08,0.49
1659,1,15.7,7.14,0.5
2278,4,5.3,8.5,0.71
500,2,11.4,6.06,0.56
1872,4,18.4,8.57,0.51
2402,4,11.7,10.76,0.57
1214,6,14.3,9.5,0.58
500,5,9.4,9.9,0.36
2912,1,18.2,7.66,0.81
1295,2,6.1,7.51,0.76
1968,1,11.4,7.8,0.69
2222,3,16.1,7.88,0.57
2858,3,10.9,6.48,0.7
1692,2,11.4,8.91,0.85
1422,2,9.5,7.89,0.39
2698,7,24.8,9.56,0.51
1680,2,15.0,7.09,0.61
1131,3,13.9,9.73,0.61
721,4,9.8,8.16,0.44
945,2,4.5,8.62,0.42
2405,2,12.5,9.81,0.78
1575,4,16.1,7.17,0.72
1374,5,2.7,7.58,0.61
1298,4,7.2,7.78,0.77
1859,4,13.7,6.55,0.79
1632,2,7.5,8.48,0.79
1608,3,13.4,6.42,0.79
2744,3,10.0,8.45,0.82
2876,4,15.3,6.28,0.69
672,1,17.0,7.58,0.68
2029,1,2.9,8.42,0.7
1256,2,11.1,7.74,0.67
1626,4,23.8,8.55,0.47
2016,0,6.0,7.66,0.83
1651,1,5.4,7.56,0.69
1961,2,14.7,7.3,0.84
2271,7,16.2,11.96,0.41
2006,4,18.5,8.83,0.9
1347,1,6.4,7.95,0.6
1359,3,14.6,8.73,0.48
792,2,8.3,7.34,0.74
1202,2,11.2,7.32,0.84
3173,2,9.8,8.56,0.69
1245,3,18.2,6.94,0.68
964,5,14.5,10.01,0.53
2023,2,3.8,8.96,0.57
1722,2,5.0,8.84,0.67
1663,5,15.5,9.73,0.51
2786,1,4.9,6.75,0.84
2184,3,13.8,7.57,0.82
1429,3,6.7,6.54,0.52
1448,3,7.1,7.17,0.83
2412,2,10.1,9.92,0.58
1584,3,6.0,8.94,0.48
544,3,10.7,7.32,0.77
1766,3,14.0,9.56,0.75
724,0,5.8,5.79,0.89
3328,2,11.9,8.91,0.42
1124,0,1.6,5.93,0.73
1686,3,6.8,8.38,0.59
1980,0,5.0,7.57,0.87
1596,2,11.8,8.0,0.45
2095,3,18.8,7.64,0.78
2868,4,11.2,9.04,0.54
2337,5,22.0,8.36,0.66
2834,2,15.8,10.59,0.57
1067,1,6.4,8.95,0.59
2022,0,7.5,7.49,0.72
1908,4,22.6,9.33,0.57
2045,1,11.7,9.54,0.88
1645,4,17.2,8.36,0.66
1516,2,9.9,8.25,0.71
2173,0,9.1,5.72,0.88
555,3,18.4,7.33,0.82
1634,1,11.0,7.69,0.62
1706,3,12.2,8.37,0.71
1155,1,8.5,5.89,0.71
2539,5,16.8,8.39,0.43
1056,3,5.4,7.13,0.54
1704,7,11.8,8.72,0.57
2005,3,17.1,7.86,0.75
2455,2,17.8,10.28,0.74
2290,4,9.8,11.42,0.52
1886,6,17.2,9.19,0.41
1037,4,0.0,8.03,0.53
795,1,8.7,6.08,0.92
1874,6,19.6,8.16,0.74
1420,2,7.0,6.1,0.84
2443,5,12.6,8.34,0.84
2322,6,20.5,10.19,0.61
1670,4,7.7,6.15,0.66
989,2,13.2,8.64,0.52
2157,4,2.8,7.14,0.6
1087,2,16.3,8.31,0.77
1269,3,10.3,5.56,0.61
1114,3,11.9,8.51,0.55
1703,1,11.9,7.24,0.82
2619,3,0.0,8.46,0.62
1796,1,2.5,6.79,0.74
1489,2,10.5,8.14,0.76
732,1,4.2,6.38,0.41
2186,3,4.8,8.18,0.76
1253,3,15.3,8.19,0.52
1882,1,5.1,7.35,0.75
1552,3,11.2,7.2,0.61
2386,3,8.3,8.19,0.5
1689,0,5.9,4.12,0.82
1758,1,10.7,6.41,0.53
2140,5,9.2,9.31,0.66
3274,6,16.7,10.07,0.58
2421,2,6.2,8.84,0.39
1737,2,10.8,9.04,0.71
1802,2,9.8,8.99,0.75
1432,2,2.5,5.45,0.53
1135,7,16.5,9.82,0.39
1413,2,8.4,7.3,0.69
1259,4,14.6,8.22,0.87
2257,2,4.7,6.12,0.49
1050,1,13.0,7.63,0.97
2733,4,9.9,8.48,0.58
2326,4,15.9,10.29,0.76
1814,3,20.8,8.84,0.67
1800,3,3.2,7.49,0.66
1409,5,8.6,8.09,0.43
1989,4,9.0,8.65,0.84
2561,3,12.1,10.14,0.41
1307,3,12.5,7.19,0.53
726,2,7.0,6.13,0.75
2292,2,15.0,8.71,0.99
2027,2,14.7,10.51,0.72
1015,4,18.6,9.78,0.81
1286,4,16.8,6.95,0.66
1198,5,20.2,8.15,0.58
1292,3,8.4,6.68,0.87
1573,2,6.9,11.71,0.56
1344,3,14.1,9.56,0.72
1269,3,12.7,6.74,0.85
1639,3,15.5,7.76,0.74
1917,2,8.6,7.39,0.68
1578,3,18.5,8.88,0.49
2155,1,7.2,9.15,0.76
686,2,10.5,6.22,0.93
2166,2,18.5,9.11,0.7
2223,3,11.5,9.56,0.26
1495,3,12.0,8.65,0.53
753,2,12.2,7.66,1.0
1805,2,13.1,8.43,0.59
1794,1,10.6,9.46,0.62
1014,3,14.6,8.99,0.39
784,1,11.6,6.12,0.72
1738,3,13.2,9.09,0.66
1636,2,19.2,8.15,0.61
1507,2,6.7,6.87,0.64
1741,5,16.1,9.98,0.66
1028,2,9.1,7.53,0.68
1495,3,7.2,9.45,0.4
2173,4,11.6,7.24,0.65
1555,2,5.3,8.04,0.66
629,1,9.8,4.81,0.77
1469,1,10.0,6.5,0.9
1050,3,13.2,6.49,0.73
1986,1,8.4,7.07,0.92
2023,3,11.7,7.91,0.91
2331,1,6.8,5.68,0.76
1021,1,4.4,6.76,0.78
2891,1,3.3,9.57,0.59
1765,2,0.8,8.08,0.59
927,4,18.3,7.37,0.59
1000,2,16.8,7.8,0.41
2043,5,5.4,8.95,0.3
1526,2,11.7,7.94,0.59
1732,2,4.8,8.07,0.57
2928,3,9.0,6.99,0.76
1310,2,9.5,9.13,0.38
1841,2,7.6,8.2,0.68
2793,3,16.4,7.65,0.71
1989,1,22.2,8.29,0.79
675,2,3.8,5.93,0.82
2153,3,15.9,7.08,0.59
985,5,16.6,10.13,0.62
2784,4,12.6,8.28,0.59
1223,2,6.3,8.8,0.56
2827,2,12.6,7.44,0.46
1242,2,11.1,6.49,0.71
1814,2,10.9,7.1,0.65
2327,3,15.3,7.15,0.54
2348,5,16.4,10.15,0.72
2109,0,7.9,8.46,0.82
2676,2,14.1,10.06,0.82
1713,1,9.7,7.24,0.73
1543,5,14.4,8.52,0.48
1557,3,18.2,9.57,0.55
2400,3,11.9,9.83,0.75
2055,2,2.5,6.38,0.5
2003,3,16.2,7.9,0.6
2356,4,17.3,8.52,0.67
500,0,7.5,6.43,0.62
2017,5,20.0,9.68,0.57
1952,0,5.4,7.7,0.59
2968,7,16.4,10.84,0.46
729,4,19.3,10.63,0.9
2890,4,11.2,9.31,0.42
1852,3,9.6,7.57,0.78
2142,3,12.1,6.87,0.68
2192,4,6.8,8.28,0.42
2080,2,15.9,7.04,0.59
1461,5,20.8,9.87,0.55
1780,3,3.0,7.91,0.65
1299,5,19.8,9.88,0.9
1768,5,14.7,9.22,0.51
500,4,11.4,9.74,0.46
2100,4,11.2,7.67,0.37
1714,1,7.9,6.27,0.63
1564,0,10.8,6.27,0.48
1953,1,9.9,7.29,0.62
796,2,10.9,7.43,0.45
3150,3,0.0,7.03,0.42
1728,2,7.4,5.76,0.76
1697,2,11.4,10.65,0.7
1124,3,0.0,8.19,0.59
1816,3,15.4,8.29,0.68
2770,4,11.1,7.1,0.55
2398,5,13.9,9.96,0.5
2182,2,4.5,9.84,0.81
1549,2,4.3,7.19,0.69
784,1,12.9,7.4,0.84
1659,4,16.1,7.44,0.49
1634,0,5.2,6.55,0.57
2534,3,15.7,8.09,0.49
2016,1,14.2,8.36,0.76
2928,1,0.0,10.02,0.67
2638,1,13.2,6.56,0.72
1480,3,11.4,6.66,0.9
543,2,15.6,7.53,0.33
2769,4,17.8,8.5,0.78
2751,2,10.8,7.74,0.68
843,4,14.8,7.61,0.77
2856,1,12.2,6.31,0.45
2067,4,19.1,8.74,0.54
1912,6,17.2,8.2,0.64
2930,5,11.8,10.53,0.51
2741,2,8.1,9.28,0.75
2255,2,8.0,5.92,0.85
2131,1,9.0,7.92,0.88
1519,3,13.8,7.35,0.5
1761,3,23.1,9.29,0.49
1168,3,17.5,9.61,0.73
1566,1,7.2,8.72,0.9
1543,0,9.3,6.66,0.59
1355,0,8.1,5.5,0.65
1895,2,10.5,6.34,0.87
1573,4,14.7,9.26,0.75
664,2,14.7,8.89,1.0
1720,1,7.8,7.6,0.74
1892,1,8.0,8.29,0.66
1582,1,9.2,6.04,0.44
690,3,9.5,8.49,0.9
2049,1,14.5,8.59,0.46
2253,4,10.6,8.38,0.57
2145,1,0.0,7.13,0.57
2527,4,9.7,10.48,0.27
1941,2,14.6,6.68,0.85
2135,7,14.7,10.51,0.56
1909,4,15.6,6.89,0.46
2281,5,6.9,8.4,0.52
695,2,2.4,7.25,0.58
1174,2,6.3,7.59,0.54
2910,7,18.1,11.41,0.73
500,2,7.4,6.19,0.63
1701,1,7.4,7.69,0.48
2620,3,10.7,8.35,0.65
1734,2,4.9,8.55,0.78
1516,1,16.1,8.4,0.56
1890,3,20.1,7.86,0.81
1552,2,14.3,8.17,0.81
1821,5,20.4,8.95,0.5
1321,3,12.7,6.79,0.42
2576,4,13.6,10.76,0.75
2796,2,12.7,8.77,0.86
1706,2,10.8,8.12,0.55
829,1,13.4,6.33,0.64
1433,3,7.6,7.1,0.73
1671,3,16.1,7.8,0.84
2153,2,18.7,8.26,0.95
1094,2,9.0,10.07,0.56
1261,2,5.8,6.52,0.79
2157,4,18.9,9.59,0.69
2457,2,13.1,5.18,0.8
1364,4,14.4,8.16,0.4
866,1,7.0,5.98,0.76
2348,0,8.4,7.79,0.94
1613,0,9.1,7.86,0.78
2408,2,12.8,9.62,0.69
1712,2,8.4,10.32,0.65
2407,3,8.1,6.86,0.88
1911,0,2.0,5.93,0.56
1863,4,10.5,8.65,0.63
1720,1,7.9,7.16,0.93
786,2,14.0,8.54,0.64
3156,3,16.1,9.34,0.97
1140,0,0.0,4.65,0.98
847,3,11.6,6.6,0.83
1650,2,12.5,7.17,0.7
1126,3,10.5,9.78,0.93
1763,6,15.1,9.86,0.84
2281,4,13.6,8.68,0.49
2496,3,10.4,7.25,0.79
2370,1,10.3,10.0,0.72
1586,3,4.1,7.72,0.7
1834,4,9.0,9.87,0.55
2085,3,10.4,6.92,0.84
569,2,7.8,9.29,0.98
2199,3,7.5,6.57,0.59
779,1,12.3,8.38,0.62
3228,3,7.7,8.93,0.72
1516,3,20.1,8.79,0.71
1670,6,11.7,9.65,0.47
1261,4,11.3,10.36,0.76
1359,2,5.9,8.08,0.79
3391,4,7.6,7.97,0.72
2458,4,14.8,7.84,0.86
715,5,9.0,7.38,0.69
2852,4,13.3,8.35,0.61
2635,2,14.5,10.51,0.68
1603,3,6.3,8.27,0.4
2014,3,3.7,7.91,0.54
1789,5,21.1,9.93,0.79
3180,4,5.9,9.88,0.81
1242,2,12.8,9.06,0.76
1902,3,5.0,9.76,0.68
1500,3,13.1,7.18,0.49
796,4,16.1,10.74,0.41
3334,5,11.2,10.73,0.62
972,3,4.3,7.29,0.72
1954,2,6.6,5.9,0.54
581,3,8.2,8.16,0.64
1520,2,6.9,7.11,0.88
2095,1,0.0,7.36,0.78
1222,1,2.6,5.05,0.73
2210,1,5.5,6.75,0.61
1611,6,14.6,10.51,0.85
2612,2,6.4,5.59,0.94
2753,1,11.1,6.56,0.72
1389,1,5.8,4.99,0.47
1853,3,14.1,8.66,0.8
1928,2,16.2,9.15,0.81
2233,4,14.2,8.25,0.49
1810,0,11.1,7.12,0.46
1933,6,11.5,11.94,0.49
1629,5,18.0,9.58,0.52
1880,3,5.5,7.68,0.8
2708,3,10.7,8.93,0.75
2252,1,11.3,7.63,0.88
2290,4,11.8,9.44,0.6
2306,2,11.3,8.44,0.7
1692,2,5.3,7.55,0.67
2023,1,13.0,8.23,0.8
1040,2,4.9,9.43,0.69
2688,7,10.7,11.56,0.73
500,1,13.9,9.79,0.91
1738,2,16.7,5.76,0.54
2598,1,10.6,9.72,0.8
845,1,7.8,5.41,0.71
2079,3,6.1,8.89,0.54
1323,4,7.4,6.99,0.5
1541,3,9.4,7.18,0.6
2462,1,7.0,7.03,0.91
1938,2,0.0,8.7,0.66
500,3,13.5,8.19,0.95
1116,3,2.8,8.1,0.79
2482,1,2.2,4.58,0.77
2114,1,6.4,7.18,0.67
3023,2,11.6,8.83,0.54
2977,2,10.9,8.22,0.88
1560,0,7.8,6.51,0.71
3552,4,7.3,9.06,0.49
1817,2,10.1,8.29,0.56
1126,2,16.7,7.76,0.66
1356,5,14.0,11.04,0.51
500,1,12.4,5.42,0.56
2924,1,0.0,7.46,0.61
2916,2,11.0,7.59,0.69
1089,1,13.4,6.09,0.54
1640,1,11.6,8.0,0.67
1866,5,16.2,7.93,0.47
1127,6,11.1,11.26,0.55
571,1,10.2,6.86,0.69
1652,2,15.6,7.62,0.57
1575,2,9.6,7.4,0.81
1528,1,17.9,8.06,0.56
1955,4,7.1,9.44,0.62
2800,2,12.0,7.98,0.89
1587,2,9.2,8.11,0.83
2308,4,13.7,11.04,0.5
2187,4,12.2,7.33,0.59
1369,3,5.9,8.05,0.7
1867,1,1.1,7.56,0.44
2183,2,11.4,9.75,0.99
1010,5,14.1,7.94,0.53
2684,2,10.7,8.74,0.84
2802,6,20.3,10.17,0.62
1294,4,13.8,7.74,0.47
1935,0,4.4,7.72,0.52
1418,1,18.3,9.49,1.0
2137,4,11.8,7.97,0.39
1914,1,10.0,8.31,0.62
772,1,0.0,6.0,0.58
2121,5,17.5,10.01,0.76
1029,0,6.4,7.92,0.75
2457,3,13.4,9.36,0.91
1330,5,7.2,8.17,0.81
1687,6,18.0,10.77,0.93
2760,3,2.1,8.99,0.91
2147,7,2.8,9.05,0.37
1044,3,19.4,9.57,0.91
1089,4,2.2,5.67,0.54
1380,1,0.5,5.78,0.73
2076,1,3.8,7.34,0.83
2050,2,9.1,7.46,0.84
1209,1,0.0,6.25,0.76
982,3,3.7,8.28,0.9
1997,2,3.6,8.21,0.54
1672,1,6.8,7.38,0.73
3310,2,19.1,6.99,0.56
1825,2,13.1,7.58,0.64
3069,1,9.1,6.48,0.56
980,2,5.9,7.78,0.66
698,2,8.8,7.11,0.42
1015,5,12.5,9.71,0.72
2632,3,13.2,10.53,0.73
3029,4,13.7,11.06,0.55
1252,2,9.0,9.86,0.68
1477,2,12.9,6.43,0.76
981,6,15.5,9.95,0.59
531,0,0.0,5.23,0.61
2302,3,5.2,9.99,0.66
1956,3,7.1,8.82,0.67
1807,4,18.3,10.2,0.63
819,2,14.8,7.13,0.53
2947,2,9.6,8.5,0.75
1447,2,10.9,8.85,0.6
2173,7,14.6,10.31,0.54
781,2,11.2,6.04,0.45
1666,5,17.1,11.59,0.67
2003,5,15.4,7.16,0.49
2028,4,9.1,10.54,0.72
1908,4,11.2,8.44,0.85
2146,1,10.1,6.9,0.82
1008,0,3.8,6.66,0.46
1938,4,14.1,7.42,0.57
1879,3,14.6,9.0,0.73
1962,2,10.3,11.58,0.49
908,6,17.0,7.57,0.5
877,4,16.1,8.83,0.54
500,2,6.5,6.0,0.52
2372,6,21.4,10.98,0.59
2379,3,14.5,7.67,0.7
2390,4,11.9,10.96,0.6
2014,4,15.0,9.37,0.85
500,0,8.1,5.27,0.68
1081,2,14.7,7.14,0.92
1919,5,13.3,8.43,0.81
1894,2,8.5,7.43,0.58
1644,1,6.9,5.67,0.57
2058,3,15.3,7.77,0.93
1808,2,12.4,9.43,0.67
1884,0,18.8,7.89,0.85
1352,4,12.5,6.09,0.56
2487,4,5.0,9.51,0.63
1498,2,12.9,7.82,0.75
868,0,8.7,5.92,0.82
1260,3,12.4,6.32,0.68
1556,0,7.0,6.1,0.95
2495,4,12.6,8.39,0.82
1770,3,14.6,8.13,0.67
1669,1,11.9,5.56,0.7
925,1,5.5,6.79,1.0
2349,5,12.8,10.07,0.58
1343,4,20.1,8.84,0.66
1729,5,20.0,10.72,0.82
2836,3,12.8,6.9,0.75
2156,4,12.8,10.87,0.56
660,3,0.0,8.11,0.62
561,5,13.7,8.73,0.64
1754,4,9.8,8.31,0.76
951,0,2.0,5.84,0.7
2253,1,2.1,8.77,0.75
1829,1,11.9,8.25,0.74
3018,2,11.3,8.13,0.47
1604,1,9.0,7.05,0.46
2047,2,6.9,7.96,0.69
1868,0,14.4,8.59,0.84
1618,6,17.3,8.04,0.7
1217,1,9.1,5.96,0.55
1040,3,9.1,8.73,0.7
1005,3,17.1,9.75,0.66
2083,3,19.4,9.51,0.71
1436,2,18.3,8.08,0.64
500,1,4.1,6.05,0.62
2111,2,11.3,8.06,0.79
1773,3,10.6,9.53,0.52
2742,3,6.3,8.08,0.8
2061,5,6.2,9.76,0.77
764,1,5.2,6.67,0.49
500,1,15.9,7.41,0.72
1296,2,19.9,8.74,0.57
1362,1,5.0,7.13,0.61
2460,3,0.0,7.88,0.76
1793,1,11.1,8.44,0.81
2593,1,19.2,7.62,0.92
872,1,10.3,7.0,0.68
2475,2,4.6,8.29,0.57
2304,3,9.9,7.18,0.72
500,0,0.0,7.5,0.85
2725,5,19.4,9.29,0.55
1865,1,11.1,7.31,0.61
2074,4,12.8,6.91,0.61
1194,6,17.5,10.57,0.63
2692,1,2.2,9.52,0.6
969,1,7.1,5.15,0.67
2382,1,15.1,6.71,0.73
2374,5,7.3,8.96,0.4
1118,1,14.4,6.71,0.63
3188,5,12.6,9.28,0.56
1962,1,2.2,4.77,0.92
2257,1,10.9,7.01,0.64
731,5,21.5,11.26,0.26
3282,5,11.5,9.23,0.52
942,4,16.9,10.52,0.79
2517,5,17.3,8.62,0.46
1103,5,13.0,9.52,0.64
1366,2,15.1,6.23,0.99
2352,5,17.0,9.67,0.73
2519,3,4.0,8.5,0.59
910,3,5.6,6.49,0.44
2563,2,9.6,8.03,0.43
2531,2,15.6,6.72,0.84
1143,3,10.3,5.31,0.6
2919,3,21.6,7.46,0.64
780,1,14.0,6.84,0.71
1362,1,6.6,5.4,0.46
2135,3,3.0,7.47,0.98
1202,5,13.6,8.94,0.32
1968,3,13.3,8.52,0.74
1669,2,12.7,6.25,0.72
2382,3,8.5,8.25,0.53
1640,1,15.0,6.68,0.7
1962,4,7.8,7.4,0.64
2602,2,16.4,8.28,0.71
2353,3,6.8,9.14,0.95
2350,3,12.2,7.08,0.66
995,2,13.8,8.44,0.6
2167,4,15.1,8.15,0.7
1185,2,5.7,6.97,0.72
903,1,4.3,6.84,0.9
1749,4,5.5,8.98,0.9
1166,2,3.9,7.23,0.54
2353,5,6.9,8.85,0.68
2370,5,20.4,8.1,0.57
500,2,19.5,7.46,0.87
1220,3,13.9,9.58,0.73
778,4,15.7,8.31,0.58
1476,2,14.0,6.86,0.76
2118,2,9.3,7.09,0.49
1630,4,9.9,6.86,0.93
1387,3,10.7,7.27,0.59
2710,3,2.9,9.42,0.47
500,3,11.9,7.92,0.49
2665,4,22.8,7.31,0.67
1418,6,14.4,9.65,0.58
1745,1,7.2,7.85,0.67
1430,2,13.4,7.94,0.7
2880,2,7.5,7.67,0.85
938,2,4.8,7.45,0.84
1808,2,6.1,9.39,0.79
2169,2,17.5,7.69,0.54
1156,2,3.5,5.58,0.73
1696,3,15.0,6.77,0.69
1179,1,10.7,6.59,0.81
1229,4,9.3,8.99,0.77
1555,6,17.8,9.32,0.65
2254,4,16.3,10.62,0.71
1560,5,8.1,8.94,0.7
2554,1,14.1,6.63,0.85
1101,2,8.9,6.82,0.79
923,1,0.9,7.27,0.74
3148,4,4.8,9.38,0.54
1339,5,10.6,9.55,0.51
882,0,9.3,7.84,1.0
580,2,14.1,9.19,0.78
2552,5,12.7,9.05,0.73
1561,2,1.9,8.81,0.62
1622,3,17.7,6.78,0.34
1688,2,16.6,9.47,0.81
2509,1,10.4,7.31,0.66
1674,2,8.1,7.97,0.79
3440,5,12.1,11.0,0.57
1893,2,1.0,6.44,0.71
2543,2,8.3,9.16,0.84
2363,4,6.0,8.6,0.57
1774,2,11.7,8.12,0.67
1389,3,8.1,6.17,0.44
2032,5,22.5,9.5,0.73
2157,3,18.5,9.51,0.38
1399,2,5.1,7.35,0.55
1916,1,6.2,7.73,0.67
2665,2,11.9,10.04,0.26
3248,6,16.9,11.47,0.36
2398,2,14.3,8.41,0.87
3103,1,8.9,6.95,0.72
2291,2,8.4,8.91,0.46
2736,6,13.4,9.65,0.62
1172,4,13.6,7.72,0.81
1460,3,16.1,8.52,0.51
3016,6,20.1,9.83,0.37
1117,2,12.9,8.39,0.37
861,5,12.9,7.32,0.8
2869,4,13.7,9.37,0.75
2637,1,5.8,6.18,1.0
2102,1,15.0,6.24,0.79
1768,4,10.8,8.76,0.59
1493,1,9.0,8.11,0.76
1997,2,1.0,8.52,0.75
2905,4,11.7,7.77,0.47
1966,2,15.8,7.25,0.53
3316,4,12.5,9.48,0.48
1171,1,6.9,7.44,0.72
1786,1,16.9,7.43,0.54
1538,3,6.5,8.89,0.86
1040,3,7.2,8.49,0.89
1692,7,9.0,9.05,0.42
2092,1,15.7,8.19,0.73
2166,4,3.6,9.26,0.77
3319,2,9.7,8.37,0.76
2125,5,11.7,10.62,0.61
2605,2,10.6,8.96,0.79
1846,3,17.6,9.53,0.79
2974,1,7.2,6.96,0.8
3478,1,7.4,7.98,0.65
2171,4,6.0,9.23,0.74
1105,3,14.0,7.64,0.74
1415,2,10.2,6.69,0.72
1997,5,14.3,9.47,0.38
2119,1,15.6,6.93,0.76
2288,1,10.5,9.11,0.68
2122,3,4.7,8.23,0.61
1804,2,6.7,8.32,0.45
1354,4,24.9,7.55,0.65
2080,3,16.1,8.7,0.65
3098,2,7.4,5.74,0.67
2513,1,4.0,7.84,0.57
2174,1,0.8,6.39,0.81
2520,3,14.9,6.4,0.55
1540,5,12.7,8.46,0.61
1444,1,6.3,7.24,0.65
1276,0,8.9,7.31,0.82
1712,4,16.7,7.39,0.69
1504,3,6.6,7.5,0.84
2645,1,25.2,9.83,0.76
1467,2,4.5,6.41,0.63
1238,0,9.9,8.03,0.93
3159,2,8.6,7.24,0.49
1484,2,10.5,7.3,0.72
1907,7,24.8,9.77,0.74
2115,4,18.1,10.97,0.88
1004,3,2.8,7.41,0.64
2664,5,13.5,8.06,0.71
2245,3,6.5,7.22,0.49
2890,3,8.1,9.73,0.81
1324,2,3.3,5.53,0.48
1869,3,4.3,8.4,0.7
1827,5,16.3,8.71,0.68
1984,5,17.0,9.36,0.33
781,4,11.3,10.35,0.57
1877,0,5.8,6.8,0.8
801,0,10.4,8.99,0.8
2050,4,8.5,7.23,0.62
500,2,0.0,6.55,0.43
503,1,15.1,5.81,0.59
2372,7,20.4,10.32,0.58
1417,4,13.1,8.54,0.76
1108,1,13.1,6.63,0.78
2689,0,11.2,6.57,0.82
2029,1,11.3,6.92,0.58
2410,0,13.7,5.0,0.77
1683,3,5.1,7.95,0.41
3675,1,3.9,7.44,0.78
1376,2,14.1,8.02,0.56
3021,6,16.2,9.5,0.52
1757,0,10.1,8.32,0.66
641,0,9.9,6.32,0.88
2137,5,23.1,10.01,0.76
2020,2,6.7,11.03,0.72
1064,1,14.6,6.64,0.85
1154,5,9.4,8.51,0.77
1782,4,9.1,7.59,0.61
2044,0,1.1,7.51,0.62
500,1,13.5,6.53,0.81
2537,2,5.3,7.65,0.44
1453,1,6.1,8.19,0.96
867,1,22.9,7.17,0.87
2458,0,0.0,8.47,0.51
1783,2,10.4,7.97,0.73
2651,0,10.3,7.99,0.75
2106,1,9.8,8.81,0.8
1798,1,18.7,8.9,0.51
1693,3,10.1,6.57,0.74
2137,4,16.3,11.99,0.55
1510,3,6.0,8.39,0.4
1203,3,17.1,7.42,0.59
2226,2,7.5,7.43,0.89
1698,2,15.0,7.92,0.76
1823,4,14.3,7.95,0.67
2562,2,14.1,5.34,0.54
1720,7,12.5,10.44,0.4
1810,2,5.0,7.45,0.88
1380,2,6.8,8.74,0.47
2101,4,15.0,9.92,0.64
2044,0,4.6,8.39,0.6
2430,3,12.9,9.48,0.72
1394,3,14.5,10.02,0.44
1479,2,0.7,7.58,0.65
2354,1,7.9,7.38,0.79
1976,1,6.1,6.79,0.79
1165,3,15.8,11.18,0.63
2714,6,25.1,9.53,0.6
611,0,6.0,4.92,0.83
2348,2,18.6,7.76,0.76
914,1,11.3,7.4,0.88
3120,5,11.4,9.04,0.54
718,4,13.0,8.16,0.71
2606,6,14.8,11.1,0.49
1742,3,16.2,7.99,0.62
1543,1,0.0,9.08,0.65
1929,0,9.1,5.74,0.52
2242,5,20.9,8.45,0.64
1166,3,15.1,8.84,1.0
1228,1,9.3,5.3,0.7
2254,4,14.6,7.27,0.46
604,2,8.8,6.08,0.75
1391,2,10.7,8.66,0.91
1122,2,9.1,6.06,0.73
2603,3,4.8,7.88,0.84
1389,4,5.0,8.67,0.51
2156,5,16.6,10.23,0.76
2258,3,12.2,6.48,0.63
2590,4,17.0,9.18,0.51
1659,0,4.2,5.52,0.77
3192,6,9.7,8.58,0.48
1387,2,14.5,8.53,0.65
1963,3,13.1,6.93,0.76
1971,1,7.2,8.75,0.64
1014,4,12.1,8.55,0.5
1599,4,8.9,7.43,0.58
1497,2,11.4,8.63,0.62
3508,2,11.0,9.41,0.66
1212,1,12.7,8.14,0.93
2625,2,7.4,8.05,0.82
2399,0,16.0,9.29,0.63
1790,3,5.3,7.72,0.71
1194,2,9.3,7.66,0.91
1262,0,15.9,7.97,0.68
1437,4,12.8,8.61,0.49
549,2,9.1,8.15,0.55
1097,2,10.3,7.55,0.51
762,3,17.4,8.66,0.71
2742,1,6.0,5.79,0.61
2232,0,5.9,7.54,0.82
2350,6,18.8,11.9,0.66
2212,1,7.6,7.57,0.76
1916,1,3.9,8.16,0.95
2822,0,7.8,9.04,0.66
1372,6,10.5,11.24,0.41
1874,2,10.8,4.44,0.75
875,1,8.6,6.45,0.6
1819,4,16.8,7.63,0.33
1899,2,11.8,8.56,0.51
2679,4,12.2,10.33,0.59
2440,1,6.1,7.71,0.8
1826,2,8.2,8.14,0.9
1891,5,12.2,7.78,0.56
747,2,8.9,8.09,0.68
1410,3,15.0,7.76,0.73
2162,1,5.0,8.0,0.59
2110,1,8.5,6.69,0.41
2654,2,9.8,9.51,0.59
1715,5,18.2,8.17,0.67
828,1,14.2,7.43,0.67
2539,5,16.4,9.56,0.62
2805,1,14.5,9.98,0.55
2428,3,14.5,9.28,0.65
1685,1,9.5,7.66,1.0
2531,1,17.2,8.84,0.83
1880,4,15.6,10.01,0.72
881,5,11.1,6.91,0.45
1389,4,8.0,8.13,0.74
2237,0,13.8,6.7,0.77
676,1,9.4,8.75,0.54
1918,2,18.0,9.87,0.57
2066,5,19.9,11.26,0.55
2717,1,9.8,9.39,0.64
2405,0,20.2,5.8,0.97
500,2,10.7,7.0,0.63
2444,1,0.0,8.8,0.44
2293,4,19.2,9.52,0.52
1979,2,14.9,6.95,0.71
588,2,12.9,7.44,0.51
1256,3,11.5,7.14,0.41
983,3,11.6,7.8,0.77
500,1,10.6,6.75,0.75
1797,5,14.2,8.87,0.66
1241,4,18.2,7.82,0.78
3637,1,16.0,8.28,0.59
1681,2,5.8,6.28,0.68
2705,5,16.0,9.81,0.36
701,1,2.6,6.33,0.78
1428,2,17.4,8.47,0.92
1867,3,9.4,8.55,0.59
1164,2,10.8,7.05,0.59
1504,1,14.6,5.3,0.86
1647,3,7.7,7.59,0.52
1636,2,11.3,8.37,0.71
3098,1,3.4,6.1,0.65
2064,1,9.6,8.34,0.72
2135,2,11.8,7.67,0.5
2177,4,2.1,7.21,0.35
2228,3,15.2,9.58,0.68
1741,1,3.7,6.78,0.49
1575,3,9.8,9.11,0.71
1916,3,10.3,8.83,0.77
2609,1,2.7,7.52,0.44
2588,6,17.0,8.26,0.59
1631,0,8.3,8.32,0.79
2337,6,8.6,10.51,0.54
1663,1,16.5,7.28,0.85
1468,2,8.4,6.58,0.5
1672,2,6.9,7.72,0.52
2738,3,8.0,9.49,0.7
1864,2,9.7,7.93,0.77
1894,0,10.7,7.84,1.0
786,0,3.7,4.43,0.66
1583,0,11.6,9.14,0.84
1631,1,8.8,6.72,0.79
1219,2,11.9,5.17,0.69
1815,4,12.3,10.61,0.46
1499,4,5.1,9.14,0.52
1855,3,14.0,5.96,0.67
1885,3,16.7,8.66,0.6
1130,2,17.9,9.94,0.44
1520,2,10.3,8.73,0.72
1854,3,2.0,8.19,0.77
2629,1,9.3,8.48,0.82
1979,4,11.9,9.79,0.47
1336,2,13.9,6.51,0.92
2079,4,6.1,8.19,0.43
2995,2,6.9,6.48,0.69
2441,2,5.9,8.26,0.66
2183,2,8.6,7.37,0.84
2307,0,7.1,7.99,0.86
2807,2,6.3,9.46,0.68
2552,1,14.2,8.21,0.82
2196,2,18.1,8.98,1.0
2548,2,0.0,7.85,0.61
1042,3,12.6,7.97,0.63
748,1,20.3,5.08,0.81
1909,4,13.5,8.85,0.65
1848,3,6.9,7.29,0.64
1419,1,6.0,5.79,0.82
2378,0,14.1,6.36,0.75
500,3,8.9,7.11,0.7
1425,1,14.1,7.35,0.9
1460,3,10.7,8.94,0.63
654,2,7.7,6.8,0.75
2846,5,19.9,9.65,0.79
1388,1,11.5,6.32,0.66
2435,1,13.4,7.15,0.62
2252,2,18.0,9.62,0.64
1024,4,11.0,9.76,0.99
2277,3,11.7,10.09,1.0
2002,3,5.4,7.05,0.92
3433,6,18.3,10.12,0.69
2082,2,5.5,8.86,0.57
1701,1,14.5,6.54,0.74
1200,6,12.0,9.3,0.66
1279,2,12.0,4.58,0.8
1221,1,8.2,6.87,0.67
2759,4,20.8,9.22,0.56
1812,2,20.0,5.67,0.92
2195,3,14.6,8.22,0.67
2859,2,8.2,8.19,0.69
500,3,17.4,11.65,0.64
2695,3,18.1,7.73,0.72
1838,2,2.9,7.1,0.76
2104,5,16.7,10.07,0.89
1220,1,12.2,5.26,0.66
1271,0,6.2,7.47,0.6
2142,6,13.9,7.91,0.56
3469,4,7.3,9.81,0.84
2502,4,15.2,7.7,0.51
2685,3,7.1,6.69,0.62
1665,2,13.9,6.97,0.91
1379,3,13.1,9.74,0.82
1253,1,2.4,5.54,0.66
1458,2,7.6,7.71,0.67
500,0,15.1,6.59,0.63
1292,4,7.9,8.88,0.57
1407,3,8.0,6.05,0.88
1677,4,12.7,7.39,0.52
1892,0,12.6,8.45,0.6
2053,3,10.8,6.8,0.58
1789,3,4.4,5.81,0.93
1392,0,13.7,7.56,0.99
500,3,23.8,8.24,0.69
1397,6,13.7,8.4,0.7
1119,0,12.0,6.51,0.64
2126,3,7.5,8.22,0.75
2436,4,19.0,9.41,0.6
2456,2,16.9,11.56,1.0
2329,2,14.3,9.67,0.72
1706,1,13.6,8.15,0.95
1434,4,18.5,7.66,0.43
1277,0,8.4,7.7,0.84
744,2,0.0,5.1,0.79
2494,4,12.4,8.78,0.7
1677,3,8.3,7.73,0.59
927,2,8.6,6.78,0.71
1193,0,9.7,5.4,0.74
1830,3,4.8,8.89,0.63
2547,2,13.9,9.06,0.69
1556,5,14.0,8.76,0.58
500,2,15.1,6.57,0.79
1667,2,12.0,8.29,0.67
1690,4,14.7,7.5,0.44
1642,4,10.8,7.19,0.4
1360,4,16.6,9.07,0.66
1952,3,15.1,7.99,0.64
1846,4,14.1,9.44,0.46
1782,1,11.2,8.31,0.96
2088,2,12.5,8.98,0.65
1499,0,8.3,6.31,0.6
1459,4,8.4,8.78,0.38
2766,1,3.9,6.69,0.64
2191,2,7.8,8.94,0.61
2378,5,21.7,8.86,0.61
2658,2,16.2,8.66,0.94
2168,2,14.9,9.07,0.56
2449,2,1.7,7.23,0.71
694,5,17.0,9.94,0.56
1942,1,13.6,6.44,0.92
1672,2,12.1,7.77,0.72
2974,3,14.0,9.5,0.84
2449,2,13.2,7.69,0.54
1358,3,13.8,7.6,0.94
2060,2,11.3,8.54,0.59
1917,1,4.7,7.35,0.99
2118,2,9.6,6.71,0.28
1086,2,0.7,7.45,0.84
2052,4,10.9,9.46,0.8
1640,6,19.1,7.19,0.65
1997,0,2.5,6.2,0.86
1292,4,8.6,9.32,0.43
1390,6,8.6,8.08,0.66
2621,0,19.0,6.92,0.58
1063,3,17.5,7.64,0.58
1115,2,8.2,9.04,0.73
1763,1,21.5,8.24,0.75
1259,1,15.4,6.86,0.78
1180,6,20.4,9.43,0.58
1873,0,7.7,6.55,0.78
746,4,16.5,9.13,0.7
1094,0,12.0,5.51,0.82
3237,4,6.1,9.18,0.63
2121,3,13.2,10.15,0.65
1277,1,8.8,6.86,0.56
2092,2,10.5,8.91,0.74
2197,1,13.6,7.23,1.0
2496,1,15.9,7.39,0.79
1710,5,8.0,9.88,0.62
500,2,9.5,6.02,0.61
1060,2,15.4,9.55,0.81
1914,1,6.8,6.08,0.74
2030,2,5.8,6.78,0.77
1161,3,13.2,8.53,0.72
1981,4,2.2,7.78,0.68
1363,3,12.0,7.73,0.63
1606,2,21.9,8.54,0.78
2517,4,15.1,9.74,0.47
2436,3,7.6,8.21,0.48
1102,0,8.5,7.09,0.72
1059,6,11.5,8.78,0.77
1512,2,4.0,7.25,0.69
1781,2,8.5,6.96,0.58
1339,3,7.6,8.44,0.65
2528,5,20.9,11.07,0.32
2043,3,21.1,7.86,0.63
2084,5,13.4,8.86,0.48
913,3,9.8,6.49,0.34
2617,2,12.2,9.86,0.45
500,1,5.6,5.22,0.76
2383,3,10.7,8.41,0.62
2454,3,11.9,7.7,0.98
1497,2,6.7,6.8,0.8
2691,1,3.4,7.0,0.68
1755,1,10.8,7.35,0.54
1843,2,12.5,9.66,0.64
2037,1,4.5,7.22,0.99
2741,3,10.4,8.83,0.57
2290,1,6.9,8.49,0.72
1161,5,5.1,8.94,0.48
1900,3,15.1,7.52,0.74
1230,0,6.6,6.15,0.71
2375,2,9.3,7.89,0.91
1898,2,13.3,6.46,0.62
1012,2,17.2,8.41,0.56
1856,3,9.1,7.52,0.43
1205,2,11.3,8.66,1.0
1905,4,21.2,8.56,0.5
1198,3,13.1,8.91,0.64
1819,4,11.4,10.01,0.41
2325,2,19.5,7.94,0.61
1762,1,2.7,5.69,0.44
1526,3,13.1,6.36,0.45
1942,3,9.3,9.66,0.95
2288,2,13.5,8.37,0.66
1024,4,15.3,10.11,0.53
1982,4,0.0,7.69,0.79
2722,3,16.8,6.42,0.48
2201,4,14.5,8.78,0.8
1840,1,16.7,7.3,0.82
2247,1,4.2,7.03,0.87
2116,3,10.4,7.61,0.68
2327,5,18.0,10.39,0.37
500,4,12.2,6.77,0.54
712,4,12.5,8.1,0.54
2503,2,0.0,7.99,0.84
746,1,8.1,7.24,0.69
2081,2,17.2,9.57,0.72
1553,2,14.2,7.49,0.7
1102,5,14.2,10.63,0.68
2044,5,9.0,7.88,0.49
1940,3,10.6,11.13,0.55
3277,3,3.0,10.7,0.46
1362,1,13.9,7.83,0.44
2808,3,14.9,11.13,0.66
2046,4,11.5,9.18,0.47
2359,5,18.7,9.82,0.49
2196,6,19.4,7.22,0.58
1825,2,17.6,8.58,0.79
1986,4,22.7,9.17,0.81
1382,0,5.8,5.49,0.95
1221,2,8.2,8.12,0.94
2331,2,7.4,9.51,0.8
1643,1,4.4,5.02,0.82
1743,2,3.0,6.5,0.74
1995,2,8.2,6.42,0.7
1985,4,12.0,8.32,0.9
799,4,7.1,10.03,0.66
2700,2,8.1,8.5,0.4
1884,3,10.5,8.33,0.69
1658,2,8.5,6.65,0.71
2101,2,7.8,8.09,0.75
1965,2,8.4,7.55,0.72
2336,2,12.4,8.17,0.9
2176,4,9.4,8.17,0.73
2302,1,2.9,8.59,0.69
2745,2,10.5,9.57,0.8
2418,4,8.9,8.88,0.48
1687,1,10.9,8.89,0.57
1013,2,3.1,7.7,0.9
2967,5,16.0,9.43,0.54
1633,2,10.4,8.1,0.53
1468,5,17.0,7.21,0.53
584,2,1.4,7.18,0.86
2036,1,0.0,6.16,1.0
1904,1,8.8,8.0,0.7
739,2,4.7,4.07,0.74
2117,5,11.3,10.0,0.38
1451,0,15.2,7.04,0.81
3683,4,13.8,8.6,0.65
1401,3,6.7,7.32,0.86
1495,3,12.7,7.91,0.68
1187,3,11.0,7.89,0.62
2694,6,15.4,8.19,0.47
1539,3,24.2,9.14,0.76
1292,5,17.9,6.68,0.92
2294,0,0.0,6.08,0.64
833,1,22.3,5.5,0.66
2237,2,7.5,8.23,0.37
3046,1,9.6,7.33,0.74
2196,2,3.0,6.43,0.73
2246,6,14.5,6.45,0.87
2409,2,6.2,8.39,0.79
2996,6,13.0,9.97,0.49
2646,3,9.0,8.88,0.96
2107,3,17.5,6.91,0.6
2432,5,14.7,10.75,0.67
1179,1,18.3,5.79,0.42
2343,5,12.9,7.34,0.64
1096,1,9.8,9.07,0.76
1543,3,12.1,8.1,0.52
500,2,16.0,5.81,0.46
2081,5,19.9,9.61,0.71
1349,4,9.7,7.26,0.82
2577,2,6.7,9.96,0.42
2073,5,12.5,8.7,0.35
2586,2,7.7,7.85,0.4
1041,3,3.4,7.06,0.73
2526,4,13.2,8.39,0.45
3274,6,17.8,9.57,0.56
2334,2,11.7,7.43,0.79
2353,1,8.4,7.65,0.64
1918,3,13.8,8.96,0.62
1432,3,20.3,9.09,0.67
2332,2,12.1,5.9,0.77
745,1,6.9,5.77,0.73
1507,2,13.2,8.47,0.59
560,0,14.1,7.46,0.82
1307,0,11.1,6.95,0.81
2249,2,15.5,7.58,0.95
2153,5,11.8,7.68,0.68
1835,1,10.4,8.46,0.55
1919,2,21.4,8.13,0.53
500,3,13.9,7.3,0.57
1539,2,6.1,7.57,0.34
1323,0,5.5,5.92,0.5
1338,3,20.7,8.78,0.68
2219,0,7.9,7.64,0.58
1197,3,15.3,8.29,0.95
1376,2,7.9,6.61,0.69
500,4,8.2,8.54,0.86
1594,1,3.8,8.03,0.48
1038,1,11.2,7.77,0.62
1855,3,22.1,7.28,0.7
1134,4,14.5,6.74,0.73
1873,4,15.5,7.29,0.57
1698,4,11.9,10.28,0.55
2970,0,4.1,8.38,0.7
512,1,3.9,4.78,0.64
914,2,8.8,7.78,0.54
1838,1,5.9,4.94,0.61
1149,1,9.8,4.6,0.53
500,0,16.7,6.78,0.43
2744,3,18.3,8.51,0.66
2304,4,12.0,9.52,0.79
2164,2,6.7,8.73,0.5
1374,2,12.9,7.18,0.5
2099,3,1.2,6.72,0.52
1306,2,12.0,8.33,0.69
1943,6,7.4,6.37,0.65
1155,3,12.5,8.44,0.57
700,1,13.1,6.58,0.82
2662,2,16.8,8.4,0.63
1827,2,9.3,6.89,0.8
1457,1,10.2,7.21,0.82
1916,1,9.3,8.94,0.65
2313,0,10.5,5.97,0.7
2756,1,2.6,6.93,0.58
2019,1,8.8,5.97,0.6
1176,1,9.8,7.27,0.74
1838,2,11.9,7.42,0.76
3071,1,5.1,6.66,0.87
2743,3,17.6,8.52,0.64
2436,5,13.9,8.5,0.66
2356,2,12.4,9.34,0.69
2289,2,4.6,6.72,0.66
2611,3,8.0,9.02,0.9
1480,4,11.5,7.51,0.57
851,3,19.8,10.13,0.74
1848,3,15.1,9.01,0.81
1227,3,19.5,8.41,0.41
1061,1,4.5,6.43,0.99
1295,1,19.2,6.38,0.67
3539,2,13.8,10.4,0.27
1895,1,14.3,7.27,0.76
2053,2,3.1,6.59,0.75
944,3,4.6,8.51,0.73
509,2,7.2,8.01,0.49
1226,2,12.7,5.82,0.91
2806,4,16.7,7.69,0.85
2033,6,15.7,8.24,0.47
2219,3,6.9,9.47,0.67
2316,1,15.1,7.2,0.57
1386,3,14.0,7.87,0.85
2771,2,4.7,6.79,0.8
1357,2,1.9,8.68,0.63
2784,2,7.8,6.63,0.8
2109,2,6.0,8.78,0.51
547,1,9.5,5.24,0.91
1276,7,18.0,11.2,0.52
550,5,12.0,9.16,0.47
2614,2,12.8,6.24,0.57
1782,3,11.6,7.94,0.59
500,4,6.7,6.74,0.74
2063,4,10.8,9.26,0.69
1423,2,10.8,7.41,0.6
761,4,7.7,8.72,0.57
1875,2,22.7,8.29,0.47
1594,4,20.3,11.22,0.87
1520,1,12.7,6.65,0.64
740,3,19.0,8.2,0.88
886,1,11.8,5.62,0.63
2699,3,13.4,7.95,0.58
1468,4,13.1,8.54,0.71
1815,0,13.6,7.51,0.75
500,2,14.0,7.52,0.76
877,2,4.4,6.73,0.84
2226,3,8.3,7.54,0.6
2064,4,22.3,8.17,0.6
3027,2,9.9,7.66,0.74
2740,1,10.6,7.52,0.6
1638,1,6.1,6.0,0.88
2131,1,15.3,4.69,0.78
1578,2,12.9,6.75,0.66
3238,3,11.4,9.32,0.61
2604,4,15.5,5.44,0.58
1918,4,11.6,9.39,0.83
1940,2,8.4,6.22,0.53
2811,3,5.6,7.94,0.59
2205,2,13.1,6.53,0.67
2891,2,16.5,9.04,0.83
500,1,11.3,5.69,0.97
2122,3,8.5,8.23,0.85
1439,1,9.5,5.2,0.99
2882,2,13.6,7.22,0.6
1822,3,2.4,6.19,0.7
2874,0,5.7,6.68,0.66
3048,2,1.5,9.35,0.66
1852,1,16.4,8.07,0.67
3530,2,10.4,7.81,0.72
1778,2,13.9,6.96,0.76
1649,2,11.8,6.42,0.45
2406,3,8.5,7.66,0.58
1552,3,18.9,8.0,0.57
1859,2,4.9,7.59,0.74
2786,3,3.4,8.91,0.73
1813,2,14.8,8.21,0.58
613,3,16.4,7.68,0.62
2057,5,15.2,9.5,0.5
1312,2,15.1,7.98,0.74
2405,1,4.5,7.62,0.55
2287,1,5.6,7.67,0.9
2829,0,6.3,6.73,0.91
2435,5,6.8,7.41,0.47
2563,2,17.5,8.7,0.54
1331,2,10.3,7.52,0.72
2362,2,5.2,8.76,0.63
3177,4,4.9,8.41,0.5
1317,4,9.8,10.14,0.52
3059,3,13.0,10.05,0.49
1415,1,4.5,7.81,0.61
1203,3,12.8,6.53,0.45
2007,1,7.8,8.15,0.61
2301,2,13.6,6.97,0.4
2438,6,8.2,9.51,0.63
1126,1,1.1,7.07,0.88
2104,2,15.1,6.83,0.59
1320,1,5.7,6.47,0.6
757,3,23.5,9.46,0.92
1149,3,5.8,10.07,0.92
1274,3,17.7,7.74,0.58
2165,3,19.0,9.63,0.86
2606,0,5.0,8.0,0.74
768,4,15.8,5.62,0.72
2046,4,11.9,9.29,0.62
2240,7,13.3,8.47,0.73
1364,1,11.3,8.54,0.83
1064,3,8.6,8.14,0.71
2359,1,20.0,10.53,0.46
1389,2,15.2,8.66,0.67
1578,3,10.9,7.9,0.72
500,0,14.3,5.8,0.76
2462,3,8.9,6.54,0.73
2374,4,14.2,10.34,0.48
1803,2,10.5,8.66,0.73
730,1,11.6,7.17,0.76
2646,2,12.4,9.76,0.69
1333,1,4.6,6.69,0.51
1482,6,20.6,9.13,0.54
3418,1,5.3,7.93,0.97
1307,3,14.9,8.49,0.92
2319,3,16.8,10.5,0.54
2193,2,18.4,7.19,0.68
2073,4,19.9,8.6,0.79
1997,3,5.4,6.64,0.7
2063,1,16.5,6.91,0.68
1990,1,11.4,7.46,0.78
1763,6,10.2,10.75,0.49
2857,5,7.8,9.11,0.55
881,5,3.7,7.09,0.84
2515,2,0.0,7.62,0.66
2375,0,2.4,6.58,0.96
2288,3,1.3,7.94,0.82
2581,3,11.4,10.48,0.74
1735,3,8.0,7.51,0.35
500,3,15.3,7.44,0.61
1749,5,21.4,9.15,0.54
1106,3,10.2,6.51,0.81
1287,3,3.2,8.81,0.7
930,2,6.4,8.86,0.63
1465,1,7.8,9.01,0.84
1382,1,18.6,5.02,0.56
500,2,1.1,6.16,0.34
2290,3,16.0,7.49,0.56
3354,7,23.6,11.13,0.52
2224,6,21.0,10.39,0.88
1657,5,7.6,9.37,0.51
1761,2,9.2,4.56,0.79
1505,1,4.6,5.5,0.64
1863,1,3.0,6.86,0.55
1774,4,16.6,8.39,0.79
1211,0,7.8,4.72,0.68
2978,1,8.1,5.86,0.75
758,2,3.5,6.42,0.75
2302,2,4.9,7.93,1.0
1729,3,7.1,8.08,0.71
3130,4,11.1,9.89,0.8
2038,0,18.5,9.11,0.63
1548,4,5.2,7.04,0.58
1626,2,18.3,7.75,0.73
1827,3,14.3,8.38,0.47
1000,5,9.8,8.27,0.46
1263,3,16.4,7.58,0.68
550,3,0.9,6.45,0.68
1153,1,0.6,5.14,0.69
1865,3,5.5,8.81,0.84
2010,3,11.8,7.91,0.56
500,0,9.6,5.32,0.79
1703,0,7.0,7.65,1.0
2194,4,14.0,7.09,0.64
1685,0,3.0,7.09,0.62
1356,2,25.1,7.21,0.5
1511,0,7.0,7.5,0.63
1421,1,0.0,6.2,0.82
1354,2,14.1,8.96,0.61
1921,1,5.9,5.95,0.62
3415,3,7.0,8.36,0.78
1279,3,12.9,8.21,0.62
1577,2,13.9,7.12,0.82
1763,2,10.3,8.06,0.78
1318,1,12.4,5.78,0.68
2568,2,7.4,8.34,0.83
500,0,15.1,6.21,0.66
1428,0,10.4,6.16,0.88
2372,4,6.6,7.55,0.64
1594,3,15.1,8.83,0.74
1225,5,13.9,10.74,0.65
2108,3,7.1,7.94,0.72
2434,2,3.6,5.35,0.71
1947,2,1.5,7.47,0.79
1239,5,21.3,9.8,0.52
2119,0,10.2,7.18,0.72
1518,4,11.9,9.7,0.56
2321,2,19.2,7.23,0.54
500,3,16.3,6.96,0.62
1877,4,15.2,8.25,0.66
584,0,9.6,5.38,0.88
3509,4,18.4,8.28,0.44
1472,3,12.0,6.34,0.4
2322,4,2.7,7.57,0.76
1775,3,9.6,8.25,0.61
1237,1,7.1,6.13,0.29
1154,4,9.5,7.52,0.46
2909,3,14.5,8.05,0.52
2469,6,2.5,8.99,0.43
3160,3,1.3,6.83,0.68
1838,2,11.2,10.1,0.58
2001,3,12.2,8.23,0.85
1612,4,13.2,7.0,0.83
1599,3,9.3,5.71,0.72
1070,4,14.4,6.35,0.37
1858,3,9.6,7.67,0.72
1247,2,14.1,9.58,0.36
2109,2,0.0,7.9,0.55
1919,4,12.7,8.66,0.76
2001,2,11.2,7.23,0.77
2972,3,3.3,8.03,0.83
1773,1,0.0,8.21,0.76
3236,2,4.2,7.88,0.86
2714,2,6.0,7.85,0.86
2607,5,16.9,9.17,0.81
1585,5,15.7,8.67,0.69
1960,2,14.9,7.82,0.49
877,1,20.8,7.96,0.65
2149,0,10.4,5.77,0.77
1992,2,18.2,9.4,0.84
1816,2,7.3,7.88,0.65
2519,2,1.4,8.93,0.46
954,1,1.3,5.64,0.69
2944,3,2.8,11.49,0.7
2431,4,16.5,11.31,0.59
1750,2,22.2,8.12,0.72
1695,2,7.0,6.86,0.76
2136,4,1.1,7.04,0.67
1871,3,10.1,8.5,0.67
1900,4,7.0,7.39,0.53
1812,2,14.6,7.62,0.64
3047,2,7.1,8.08,0.79
1541,1,10.3,6.84,0.84
1779,0,10.2,6.14,0.7
2824,2,10.6,6.02,0.56
1902,6,13.3,8.72,0.55
2595,3,11.5,10.53,0.48
1162,2,6.1,6.75,0.94
1656,5,14.8,10.13,0.61
2839,5,16.3,8.83,0.49
1326,1,2.6,7.66,0.71
1979,3,10.2,8.52,0.51
1107,4,9.6,7.78,0.58
1510,4,7.6,6.19,0.66
1878,2,10.5,6.3,0.74
1832,3,14.2,10.9,0.63
2696,2,0.0,9.05,0.52
2879,6,16.4,8.84,0.38
1200,3,16.7,8.66,0.49
1877,2,3.9,7.34,0.89
2271,3,17.8,8.77,0.69
2302,3,6.2,6.87,0.55
2003,5,8.1,8.58,0.62
2266,1,9.3,6.05,0.9
2271,2,7.8,4.78,0.76
1150,4,9.2,8.24,0.74
1934,1,19.5,7.83,0.85
2821,5,19.1,7.4,0.38
1654,5,10.8,6.54,0.53
1890,2,12.0,7.3,0.83
1630,4,13.3,9.3,0.58
500,1,12.8,7.31,0.72
1814,0,7.0,7.4,0.49
2011,0,15.3,4.99,0.61
1441,5,22.2,8.52,0.6
991,2,10.1,7.1,0.98
1183,2,12.8,8.66,0.66
2334,2,14.3,6.27,0.72
3180,4,12.6,10.54,0.64
2767,1,7.9,7.02,0.85
858,0,10.7,4.89,0.63
2398,4,13.8,8.67,0.62
1335,6,22.9,10.34,0.45
1392,5,15.8,11.08,0.49
1476,3,20.8,6.87,0.89
2294,0,2.1,6.3,0.56
2471,2,8.0,8.78,0.85
1731,0,5.1,5.85,0.52
1743,1,8.0,6.66,0.49
2124,3,9.9,9.89,0.48
2623,5,20.1,11.19,0.53
900,1,9.1,5.19,0.95
1814,1,8.3,6.73,0.76
1052,1,8.8,6.72,0.61
1764,2,10.3,8.96,0.68
1641,3,9.7,10.25,0.4
1767,2,2.4,8.16,0.71
1240,5,15.7,8.22,0.5
758,2,11.0,6.78,0.54
500,2,11.7,4.24,0.62
1708,2,5.2,7.21,0.82
1498,3,13.3,10.0,0.67
1326,6,1.1,9.17,0.56
2725,5,24.9,10.76,0.25
1198,4,16.9,10.69,0.68
2791,1,5.6,10.41,0.84
500,4,11.5,9.5,0.71
1864,1,0.9,4.53,0.88
1520,1,0.6,7.51,0.71
500,1,3.2,6.53,0.59
788,2,14.6,6.39,0.85
2342,1,10.4,8.9,0.99
3213,4,20.0,10.49,0.53
2431,2,17.1,7.52,0.73
2026,2,18.3,7.46,0.54
1785,1,6.0,8.49,0.82
2977,7,15.6,11.7,0.38
3303,3,6.6,6.59,0.52
1389,3,15.2,9.12,0.61
500,0,1.2,4.69,0.55
500,0,10.7,6.95,0.6
2725,4,7.9,7.14,0.39
1767,3,13.6,8.3,0.55
1928,3,2.1,8.44,0.58
546,3,9.8,7.24,0.75
1272,0,1.9,7.88,0.54
1593,6,10.3,7.76,0.69
1945,2,10.2,7.68,0.63
1520,0,0.0,8.07,0.67
1073,2,4.1,6.73,0.58
1250,0,4.2,6.9,0.85
2645,4,16.3,8.56,0.51
1971,4,9.4,8.7,0.76
2228,2,9.1,5.09,0.44
1170,2,6.1,7.76,0.74
500,0,4.5,4.41,1.0
1433,3,14.5,8.75,0.6
1193,2,14.2,6.74,0.87
2044,3,15.0,7.7,0.59
2286,3,15.6,8.99,0.98
2198,2,4.9,10.15,0.77
1359,3,9.7,6.91,0.78
2043,5,16.1,9.28,0.75
3046,2,14.2,8.52,0.63
3080,0,14.1,5.76,0.8
1397,3,9.1,11.14,0.51
1977,3,16.8,11.12,0.55
799,2,9.2,7.37,0.6
2377,5,17.5,8.23,0.59
2887,3,2.3,8.72,0.68
1827,1,17.4,6.25,0.83
1332,0,12.3,4.34,0.94
2052,0,5.7,6.54,0.8
2092,3,14.8,8.64,1.0
1856,3,15.4,8.28,0.67
1925,3,19.7,7.56,0.67
1678,4,11.2,9.0,0.81
2497,3,7.1,7.79,0.69
2315,5,16.7,10.53,0.66
1111,0,6.2,6.97,0.8
1092,3,19.7,10.85,0.62
1621,4,11.3,8.21,0.44
2315,2,11.8,8.0,0.84
1903,0,5.2,7.37,0.93
1349,4,13.8,9.17,0.82
1983,2,10.7,8.4,0.69
1568,2,4.4,7.45,0.68
2416,1,10.1,8.08,0.52
2033,5,6.7,7.49,0.38
1579,3,16.3,9.21,0.63
1962,2,17.1,9.87,0.91
2720,4,9.4,9.99,0.48
1401,1,13.5,8.88,0.55
2081,2,9.9,6.57,0.67
1750,1,12.2,7.62,0.66
2098,4,14.1,8.79,0.63
1341,1,6.9,5.85,0.64
1877,2,4.2,7.31,0.81
2575,2,17.4,8.88,0.58
1144,2,17.4,9.25,0.84
869,2,10.2,8.34,0.54
895,3,8.9,6.62,0.57
980,2,12.1,8.27,0.67
2216,5,12.6,6.07,0.4
815,2,4.2,7.42,0.58
1591,0,11.4,7.9,0.97
2232,4,12.9,8.4,0.54
2091,3,10.0,8.79,0.63
1530,3,8.5,6.76,0.6
1933,0,8.5,6.62,0.92
1875,3,11.6,8.01,0.64
1643,6,17.9,9.24,0.59
1652,5,15.8,11.76,0.51
3364,5,17.8,11.5,0.8
2366,1,0.0,9.42,0.78
3536,3,12.4,9.85,0.75
1452,1,13.4,6.86,0.74
1740,3,14.2,8.7,0.58
867,1,15.7,7.82,0.62
1233,3,7.9,8.04,0.83
3131,2,12.5,8.29,0.89
1434,2,5.8,7.12,0.64
3143,4,22.8,10.51,0.7
929,3,9.3,5.06,0.55
1062,2,8.9,6.24,0.69
1561,2,13.7,7.71,0.48
1755,3,7.8,9.96,0.58
2446,3,5.0,10.3,0.61
2115,0,16.0,7.78,0.9
1508,1,15.3,6.19,0.81
1706,2,12.8,9.22,0.55
1576,6,13.3,9.47,0.59
1159,3,16.0,8.91,0.61
1178,0,0.3,9.0,0.56
520,1,3.3,5.86,0.54
2932,3,9.8,8.29,0.58
1559,4,14.8,9.02,0.79
1259,3,8.6,8.96,0.67
2317,1,7.1,7.38,0.74
2839,1,7.0,8.42,0.81
2582,3,14.8,7.9,0.71
2151,2,9.7,8.4,0.43
2560,5,12.1,10.68,0.6
598,5,6.5,8.41,0.59
1434,1,6.7,7.63,0.65
1162,2,8.7,5.45,0.72
2657,5,4.8,8.75,0.39
1531,1,7.6,5.25,0.85
2391,4,11.9,9.29,0.49
2175,1,4.9,8.4,0.55
1196,4,13.6,8.3,0.53
1389,4,18.5,9.43,0.68
2705,2,21.2,9.69,0.52
1257,2,9.2,6.79,0.48
1887,0,4.2,5.68,0.72
1252,3,7.3,7.28,0.42
1580,3,13.8,5.59,0.78
1767,0,0.0,5.84,0.77
1251,0,14.6,7.19,0.84
1127,1,4.5,8.05,0.47
2000,5,18.1,8.41,0.59
1208,2,3.6,7.67,0.38
1232,2,15.7,6.94,0.69
1142,0,10.3,4.57,0.63
1745,1,8.7,7.69,1.0
2460,2,10.6,7.64,0.57
2854,1,7.8,9.3,0.73
1291,3,13.2,9.87,0.38
3305,1,0.5,7.44,0.56
1096,1,10.7,7.15,0.47
2558,2,11.2,6.48,0.66
1294,1,3.6,6.34,1.0
1190,1,8.5,7.85,0.51
1278,4,17.5,8.2,0.28
1763,4,10.1,8.58,0.78
2205,3,16.1,9.28,0.77
2268,4,14.0,10.49,0.59
1139,5,16.3,7.2,0.51
1107,2,6.5,8.44,0.72
1158,5,20.4,10.2,0.83
1722,2,9.3,7.79,0.54
1652,2,8.1,7.16,0.78
1134,3,15.8,6.13,0.69
1988,2,10.9,8.05,0.79
1446,3,17.1,8.5,0.76
1496,4,13.7,10.17,0.8
2191,4,15.2,8.37,0.87
1408,2,10.1,8.81,0.6
2268,3,7.4,7.43,0.96
1297,4,11.9,8.73,0.54
3082,2,4.9,8.32,0.73
2041,3,16.6,9.3,0.83
1365,1,5.3,8.7,0.81
1387,3,18.0,6.97,0.52
1440,4,12.0,9.58,0.45
2760,0,5.9,8.42,0.66
911,1,14.2,8.8,0.82
1332,2,19.3,8.01,0.64
1406,1,11.2,5.65,0.66
1789,1,11.8,6.82,0.8
1610,5,15.6,9.41,0.54
756,3,9.7,9.38,0.56
1520,5,17.0,11.19,0.79
1730,4,10.9,9.7,0.56
1360,3,13.6,9.18,0.47
2280,1,2.0,7.2,0.75
2443,2,16.2,8.21,0.83
1745,2,7.2,6.26,0.53
1961,4,7.9,10.94,0.61
500,3,13.4,7.73,0.58
1505,2,10.9,6.83,0.78
2503,4,10.9,8.8,0.58
1503,0,5.1,5.03,0.52
1283,1,4.4,7.13,0.66
3394,3,14.6,8.67,0.76
3073,2,11.1,7.7,0.69
2127,4,17.0,8.5,0.56
2597,3,14.3,6.92,0.47
500,0,8.6,6.53,0.71
1248,5,10.8,8.73,0.57
1471,4,20.9,9.16,0.51
1634,4,9.0,9.31,0.8
1457,4,14.3,10.26,0.65
500,0,14.6,4.37,0.43
2070,1,14.0,7.73,0.45
2180,0,10.7,6.02,1.0
2921,1,5.4,7.12,0.7
1248,2,19.6,9.61,0.67
1190,2,9.1,8.57,0.88
500,2,4.5,7.82,0.81
1594,2,12.4,5.67,0.61
1371,1,6.5,9.16,0.97
3300,1,3.1,6.14,0.85
1620,3,18.0,9.15,0.66
1902,2,15.8,6.63,0.61
845,3,3.5,7.41,0.65
2001,3,16.5,8.2,0.85
500,3,11.6,6.25,0.69
2285,2,4.3,7.98,0.87
2307,3,10.1,11.66,0.53
2751,5,17.1,7.82,0.53
1086,3,5.0,5.57,0.47
1912,5,12.9,11.83,0.9
2194,4,5.1,8.69,0.78
2109,4,12.2,9.93,0.44
1194,2,8.5,7.89,0.65
500,2,15.5,4.58,0.57
2042,4,14.6,8.89,0.64
1693,6,12.7,7.81,0.58
1403,3,9.0,8.66,0.91
2334,4,21.0,9.28,0.71
1768,4,13.1,9.58,0.69
876,1,6.0,7.41,0.91
500,3,11.3,9.1,0.89
1009,1,16.4,6.89,0.75
3475,4,14.7,9.33,0.37
2305,3,17.0,8.99,0.78
1932,5,9.7,8.42,0.31
1672,3,12.5,7.55,0.58
1626,2,7.6,8.22,0.87
2617,2,17.7,8.76,0.76
1456,1,14.3,6.4,0.43
2203,1,13.2,8.43,0.81
1556,5,13.2,8.53,0.61
3158,5,21.7,10.83,0.57
2319,3,10.2,6.89,0.77
2671,2,15.1,9.14,0.68
1390,2,19.3,4.81,0.55
2540,3,16.7,8.45,0.69
1581,5,15.8,10.56,0.41
1877,2,2.9,5.6,0.45
2944,2,16.3,8.92,0.72
1070,4,5.5,6.6,0.68
1942,1,6.6,6.7,0.93
2106,3,12.5,10.09,0.62
2164,4,12.4,8.16,0.57
1484,3,17.3,6.29,0.49
3260,5,5.2,9.4,0.37
893,0,7.7,6.99,0.44
2821,2,8.7,7.56,0.75
2650,7,15.1,9.97,0.66
688,1,8.9,4.77,0.76
1191,0,5.5,6.13,0.69
2844,4,22.6,10.19,0.58
500,1,4.2,5.62,0.6
675,1,15.0,8.16,0.9
1458,3,13.4,8.59,0.56
1934,4,16.7,8.82,0.25
2914,5,11.2,9.89,0.54
1670,3,11.8,7.81,0.74
1374,1,12.4,8.03,0.74
2017,5,15.5,8.14,0.48
2128,2,11.4,8.96,0.62
2108,2,19.6,6.85,0.46
1675,2,0.0,9.33,0.79
500,2,11.6,8.74,0.39
1157,3,20.4,7.63,0.96
2794,1,11.5,5.78,0.71
1930,1,4.9,5.33,0.53
1574,3,13.4,8.34,0.3
2582,2,21.1,8.98,0.51
1008,3,4.4,8.2,0.56
1642,7,13.3,8.78,0.4
1896,4,13.5,8.0,0.43
1491,2,16.2,8.59,0.76
1870,2,12.6,7.32,0.6
1668,3,19.7,7.64,0.49
820,4,13.1,7.91,1.0
1927,0,9.4,8.02,0.57
870,0,7.7,6.85,0.72
1915,2,8.2,8.85,0.55
2761,3,14.6,9.31,1.0
1603,2,12.5,8.73,0.88
979,1,12.1,6.66,0.85
1711,2,16.4,7.87,0.54
1217,1,8.5,5.63,0.93
2216,3,11.1,9.03,0.24
2996,2,0.8,7.05,0.62
2614,1,1.7,6.97,0.68
1692,3,18.6,8.23,0.59
2300,1,4.4,6.01,0.85
1524,1,9.7,7.92,0.59
1823,3,13.1,9.74,0.56
1546,2,15.8,6.74,0.66
2336,2,7.6,9.45,0.86
2803,1,12.5,8.8,1.0
2359,2,6.3,9.56,0.65
2445,1,6.2,5.72,0.58
2446,4,10.5,7.02,0.74
2185,3,9.8,8.98,0.92
1002,2,6.8,7.61,0.49
2990,5,13.2,9.42,0.68
3063,4,14.2,9.6,0.95
1636,4,17.7,10.21,0.63
1540,1,3.4,6.66,0.8
2228,1,3.1,6.79,0.77
2185,5,9.2,8.69,0.58
1658,3,12.1,6.59,1.0
924,2,13.1,6.41,0.77
2013,3,9.3,8.54,0.78
2186,4,19.6,9.39,0.37
2308,4,14.9,9.31,0.6
2044,1,11.0,7.92,0.84
1610,1,13.9,6.98,0.65
2495,4,17.7,9.35,0.81
1846,3,14.2,9.79,0.58
1474,3,4.9,8.78,0.68
1673,3,23.8,7.15,0.89
577,1,5.4,7.12,0.71
1672,2,18.1,8.38,0.86
2281,1,0.0,9.29,0.82
2037,2,8.1,8.82,0.57
2864,3,10.6,9.96,0.51
1615,3,17.0,9.44,0.89
2141,2,13.5,5.7,0.8
2354,2,13.7,7.13,0.59
3439,5,24.0,8.95,0.56
1901,0,17.4,7.55,0.6
1069,4,17.8,8.81,0.36
2393,5,11.6,10.25,0.66
3106,3,11.3,8.71,0.64
1574,4,7.3,8.95,0.49
2388,3,15.7,7.51,0.35
2660,2,6.5,8.16,0.76
2511,2,8.7,9.34,0.84
1887,3,10.2,9.42,0.61
1311,1,10.5,7.89,0.82
1743,1,8.1,8.07,0.76
2121,2,8.6,8.67,0.73
2435,2,10.1,7.19,0.74
2033,3,15.4,8.31,0.73
1534,2,16.2,8.54,0.74
2188,3,12.2,6.56,0.73
2402,4,12.8,8.84,0.67
2065,3,11.4,7.0,0.88
1214,1,0.0,6.85,0.65
1673,4,14.6,7.71,0.48
2463,4,2.5,7.81,0.57
831,2,12.1,7.72,0.53
500,1,17.8,8.81,0.62
2855,3,7.1,8.82,0.44
2157,6,9.4,6.85,0.6
2224,0,8.6,7.84,0.76
1046,1,2.6,4.87,0.8
2316,0,3.3,5.94,0.64
1992,3,19.2,9.09,0.92
690,2,10.3,7.18,0.79
2796,3,3.7,8.11,0.48
1911,1,14.9,7.78,0.52
1522,4,9.5,8.31,0.55
500,1,4.9,6.63,0.74
2215,1,14.3,10.49,0.74
1983,2,20.5,7.64,0.58
1664,2,12.0,5.61,0.6
2694,2,14.7,8.6,0.59
831,3,11.4,8.49,0.69
1382,2,13.9,7.13,0.7
1204,2,17.7,9.22,0.59
1604,2,3.1,8.64,0.64
1847,1,2.7,4.85,0.48
2101,3,0.0,9.03,0.56
1557,2,17.0,5.32,0.78
1185,1,4.7,6.76,0.68
2980,2,14.6,9.26,0.45
1900,1,19.4,7.53,0.82
1270,3,8.1,6.54,0.84
2832,4,14.0,10.67,0.39
787,1,11.1,7.17,0.79
1565,2,14.7,8.13,0.78
1312,4,6.6,7.82,0.63
988,4,22.4,11.13,0.7
1603,2,12.6,6.64,0.46
1195,2,24.4,7.93,0.72
1808,5,13.0,8.45,0.5
1819,1,12.3,6.16,0.57
1365,0,9.9,5.39,0.99
1540,1,6.4,7.48,0.86
1638,4,8.3,7.33,0.38
2366,4,13.2,11.15,1.0
1696,2,1.5,9.45,0.77
2377,2,8.8,7.05,0.51
2210,3,17.4,7.94,0.63
2200,3,8.0,6.17,0.82
2771,2,5.3,7.49,0.84
1016,1,5.7,7.97,0.59
1468,4,10.4,8.81,0.61
3034,2,7.1,9.16,0.89
1619,4,0.2,7.98,0.73
500,5,20.0,8.08,0.69
1657,3,20.2,7.53,0.68
1894,2,4.2,7.96,0.25
500,5,11.7,7.83,0.65
2733,5,17.1,10.18,0.45
1300,0,15.1,5.42,0.79
1641,2,7.6,7.93,0.55
898,2,15.8,8.21,0.88
1050,1,15.2,6.3,0.68
1145,2,0.8,6.81,0.65
1696,1,10.2,7.54,0.67
1434,5,15.9,9.16,0.67
1145,0,5.1,6.66,0.57
2637,4,8.4,8.09,0.49
2824,4,11.4,9.41,0.88
2629,2,12.5,9.16,0.67
2144,4,4.1,7.78,0.94
2002,2,2.4,7.52,0.7
948,1,10.8,7.97,0.61
1627,2,11.2,7.69,0.49
1321,4,11.7,8.07,0.82
522,0,10.7,7.42,0.78
2539,3,14.3,6.17,0.56
1312,3,10.7,7.22,0.79
2637,2,9.4,7.66,0.86
2417,0,4.7,7.84,0.66
2189,4,11.2,6.7,0.99
2229,2,10.9,6.4,0.7
1369,3,13.0,8.13,0.64
3100,1,0.0,7.42,1.0
1830,4,11.4,7.92,0.76
2011,3,13.7,7.84,0.73
1345,4,11.5,6.92,0.92
1148,3,19.2,9.9,0.61
2134,2,9.1,9.08,0.69
1952,2,10.4,5.71,0.71
1247,2,13.7,9.03,0.8
793,0,6.3,5.63,0.45
2637,2,8.9,9.05,0.46
1370,3,3.7,6.84,0.53
1562,5,7.3,10.61,0.74
2815,5,12.8,10.32,0.7
1014,2,11.9,5.63,0.7
1291,4,9.0,9.16,0.8
1261,3,17.9,7.87,0.72
2932,2,14.5,7.13,0.8
3195,1,10.6,7.81,0.66
2326,5,17.6,8.48,0.35
2348,3,17.4,7.99,0.97
1393,3,9.0,8.78,0.55
3163,2,10.6,7.79,0.5
1987,1,3.3,5.46,0.7
2397,1,20.5,7.01,0.63
1726,2,7.8,6.85,0.74
1612,1,0.0,4.63,0.61
2964,2,8.3,6.59,0.63
2177,1,6.9,6.37,0.56
2815,6,18.8,9.4,0.53
1978,2,13.7,8.34,0.52
1206,2,14.6,7.34,0.65
1391,0,7.4,8.36,0.68
1872,6,17.4,10.12,0.57
1361,4,1.7,7.1,0.49
1024,1,7.6,5.65,0.54
2640,0,16.1,7.73,0.64
1418,1,17.4,6.92,0.44
1896,5,10.1,7.03,0.51
2007,1,8.8,6.6,0.38
1388,2,9.1,7.7,0.6
1018,2,11.1,9.88,0.75
1983,4,10.4,9.76,0.64
1972,1,3.4,4.62,0.6
1762,6,7.2,9.08,0.69
892,6,19.8,7.78,0.34
2409,5,5.7,8.52,0.51
2320,4,15.5,10.52,0.52
1327,2,14.8,7.16,0.7
2295,6,12.5,8.47,0.49
2062,7,19.0,8.29,0.5
903,2,2.4,8.46,0.6
1202,5,17.6,9.08,0.83
2596,4,16.1,10.02,0.59
2016,3,12.3,9.26,0.36
1404,6,17.4,8.21,0.77
1199,4,13.1,7.8,0.61
1439,4,6.7,9.92,0.9
1488,2,12.0,9.27,0.82
1207,1,10.6,7.25,0.5
580,5,16.5,10.29,0.35
2598,3,11.3,9.86,0.82
2479,2,9.5,10.13,0.7
908,3,14.8,8.54,0.37
1895,0,0.0,4.8,0.58
1168,3,15.6,7.56,0.46
1616,1,6.9,8.96,0.6
1558,5,14.1,8.79,0.47
1500,5,9.0,7.6,0.82
3202,6,20.4,9.75,0.35
1491,3,16.1,7.09,0.47
1234,3,12.4,8.2,0.55
1266,2,5.1,5.55,0.74
2530,1,4.0,8.15,0.74
643,5,13.2,8.1,0.5
1266,2,3.3,5.75,0.67
2812,3,15.7,9.9,0.77
1970,3,12.2,7.46,0.49
1934,2,8.5,8.58,0.78
3292,3,8.5,9.56,0.75
1972,2,11.8,9.21,0.45
1304,1,8.5,7.76,0.86
1602,2,11.4,9.18,0.78
1005,3,5.6,8.06,0.77
2679,6,9.7,10.16,0.3
2202,0,17.6,6.5,0.96
2587,1,14.2,6.7,0.75
2649,3,9.4,8.6,0.76
1510,2,6.0,6.72,0.86
1138,3,7.5,9.01,0.69
1763,5,11.0,6.99,0.78
1189,3,9.0,8.82,0.63
1915,2,12.6,6.31,0.54
2592,3,21.6,6.91,0.62
1682,0,18.6,7.81,0.81
1904,3,21.7,7.1,0.65
1734,1,4.8,5.27,0.96
2361,4,17.5,7.77,0.72
1332,0,9.6,4.32,0.46
500,3,11.3,8.88,0.74
2129,2,11.4,11.09,0.98
2491,3,15.1,9.06,0.79
2112,1,11.4,8.34,0.97
1351,2,11.8,9.61,1.0
1005,1,11.3,6.45,0.4
2146,2,10.7,8.05,0.94
1899,2,6.6,9.86,0.78
1711,2,7.7,7.37,0.65
3075,5,1.2,9.16,0.75
1137,0,12.6,7.87,1.0
3042,2,5.8,6.84,0.8
1822,2,10.1,7.75,0.71
515,4,13.1,7.93,0.99
1674,1,11.5,9.19,0.93
2471,1,11.4,8.94,0.82
1544,1,13.5,7.45,0.76
767,6,13.5,7.41,0.56
1684,3,5.4,8.63,0.32
1199,3,11.6,7.32,0.48
2144,3,8.7,10.07,0.83
2341,1,12.3,8.93,0.83
1060,2,12.2,7.34,0.78
1305,3,6.2,7.99,0.6
2329,1,11.4,6.06,0.9
1198,3,6.7,9.89,0.65
1042,1,7.2,6.79,0.57
974,2,9.7,6.66,0.83
2046,4,3.4,8.3,0.67
2016,4,19.0,8.89,0.69
1321,4,9.4,6.46,0.66
1803,1,4.3,6.73,0.68
2868,4,11.8,9.31,0.78
1118,1,4.5,9.41,1.0
2118,5,16.9,7.36,0.5
1722,2,3.2,10.0,0.63
1302,2,14.7,8.13,0.68
2256,3,4.8,8.09,0.58
2387,4,14.1,8.38,0.78
500,2,16.8,7.27,0.79
1343,2,8.9,5.94,0.8
3422,1,3.5,6.99,0.78
2208,3,10.8,8.3,0.73
2273,1,3.6,8.49,0.55
2621,4,1.4,8.99,0.53
1811,0,12.8,8.29,0.86
2357,2,12.8,7.7,0.58
2302,5,8.9,10.82,0.4
2177,4,16.3,8.13,0.71
1574,3,11.5,6.23,0.71
1920,3,8.0,6.43,0.66
1388,2,12.4,10.58,0.67
1808,2,8.6,8.92,0.66
982,5,5.2,7.6,0.52
1246,2,20.3,6.96,0.86
1602,3,20.3,8.47,0.67
1139,3,16.8,10.0,0.38
1446,2,9.7,8.0,0.69
1685,4,19.6,7.32,0.29
2081,4,10.1,7.28,0.74
2464,0,1.4,5.04,0.65
1475,3,7.0,4.64,0.6
2734,2,17.0,6.44,0.83
2457,1,3.5,5.51,0.88
2152,3,5.5,10.11,0.56
1907,3,9.3,7.21,0.76
2023,5,8.3,8.9,0.58
2630,3,12.8,7.65,0.79
2656,6,22.6,8.66,0.89
2734,2,20.6,8.26,0.74
1828,1,10.1,5.43,0.51
2188,1,10.1,8.92,0.8
2740,0,7.6,5.91,0.66
1363,1,9.0,7.61,0.76
1577,1,6.4,6.77,0.63
1811,3,5.6,6.05,0.8
2429,5,23.9,10.27,0.62
2440,7,11.9,10.12,0.61
1638,5,21.2,9.95,0.65
743,4,15.8,10.31,0.75
1972,5,15.6,11.51,0.46
1157,1,16.9,5.11,0.88
757,2,9.9,6.93,0.48
915,2,11.4,8.54,0.59
2028,2,4.4,8.84,0.89
2752,3,4.4,8.29,0.53
1827,2,3.5,6.16,0.75
1947,1,15.2,9.45,0.53
2628,4,8.1,9.64,0.58
718,3,8.8,5.73,0.54
2164,4,19.4,11.23,0.74
1791,3,6.8,7.32,0.48
2196,3,17.3,9.2,0.42
1461,1,4.6,5.67,0.83
1227,6,23.5,8.61,0.47
1898,2,7.3,5.86,0.71
2954,2,4.1,9.3,0.56
2402,4,5.3,9.01,0.43
1444,4,13.8,6.81,0.45
861,1,23.0,5.58,0.49
622,0,8.7,8.36,0.62
2721,6,19.1,9.57,0.64
1131,3,5.8,5.99,0.83
1572,1,16.0,9.0,0.54
2724,0,11.8,6.95,0.77
670,3,6.2,6.87,0.57
2844,3,10.8,8.8,0.48
1622,2,11.4,7.81,0.75
995,4,3.5,8.65,0.68
1626,2,10.2,5.49,0.81
1294,0,3.8,8.12,0.72
2108,2,11.8,6.36,0.55
1346,4,12.9,7.77,0.74
500,3,18.1,9.16,0.59
1645,2,6.7,8.2,0.87
850,5,13.8,11.21,0.61
1943,3,13.7,6.67,0.73
969,1,11.6,6.22,0.79
1458,1,6.6,8.12,0.58
1927,1,12.4,8.59,0.74
1651,7,22.7,8.86,0.64
1975,0,9.1,8.47,0.7
2276,3,15.2,9.78,0.96
989,5,12.0,7.98,0.54
1754,4,7.9,8.77,0.98
500,2,20.2,8.74,0.85
1973,2,16.8,10.03,0.84
1589,3,9.3,6.79,1.0
1111,4,12.8,8.86,0.79
2021,1,5.0,7.32,0.83
2620,2,16.1,9.56,0.59
1466,0,8.8,7.36,0.72
1138,4,17.3,8.35,0.54
1915,2,16.3,8.23,0.61
865,1,8.4,5.86,0.95
1337,1,2.2,6.61,0.63
2655,3,10.7,9.74,0.74
1843,1,11.6,8.62,0.91
500,1,4.1,6.26,0.83
542,1,7.5,6.59,0.84
1913,2,3.6,8.07,0.49
2403,3,13.1,8.07,0.75
667,2,13.4,7.42,0.8
2114,5,15.6,7.28,0.7
2731,2,10.9,8.54,0.64
3121,4,15.4,10.64,0.5
2031,4,15.8,9.47,0.45
2154,4,9.8,10.47,0.46
500,2,11.4,6.16,0.81
3269,4,10.6,8.22,0.25
1397,0,0.9,6.49,0.76
1146,4,17.6,9.75,0.54
1621,3,10.0,7.86,0.77
2858,3,13.2,7.69,0.85
3345,2,16.4,9.66,0.71
1887,0,7.7,7.43,0.69
2498,1,10.6,8.56,0.62
1830,2,9.9,6.88,0.6
1073,2,0.0,5.57,0.72
2833,3,12.9,8.67,0.61
1364,2,6.2,7.53,0.63
2874,3,10.8,7.8,0.9
2708,2,4.2,6.26,0.64
2229,1,4.9,8.43,0.62
3080,5,8.0,10.88,0.53
3362,4,9.0,9.64,0.91
1677,6,14.1,8.81,0.49
1233,6,16.1,7.95,0.46
500,3,13.6,7.92,0.34
3371,5,15.3,8.69,0.7
1492,3,16.7,9.47,0.85
2594,4,6.0,7.56,0.64
1281,2,11.4,7.23,0.69
2876,3,1.7,7.83,0.62
1309,5,10.8,8.26,0.51
965,1,1.0,6.75,0.82
1654,2,15.7,9.8,0.59
1427,3,20.0,10.31,0.49
2217,2,10.2,8.89,0.76
1764,4,9.6,10.31,0.65
2239,3,10.0,9.65,0.44
1596,1,5.1,7.23,0.77
1334,2,12.5,8.04,0.92
1391,1,0.8,6.92,0.81
3231,3,16.3,10.2,0.75
1957,1,1.1,5.64,0.68
500,3,0.0,6.81,0.93
1435,4,6.8,9.22,0.74
1867,1,6.3,6.24,0.84
3091,6,17.6,11.49,0.59
2520,2,15.8,8.31,0.82
1154,3,18.0,8.79,0.62
3492,3,9.3,7.88,0.82
1778,3,16.1,10.55,0.71
2672,3,17.2,8.73,0.59
991,3,17.0,10.49,0.92
500,1,0.0,5.41,0.68
814,1,4.2,6.4,0.59
500,1,7.8,5.8,1.0
3278,4,22.0,8.18,0.64
1950,0,10.2,7.29,0.75
1152,2,8.1,6.87,0.77
2116,4,10.0,6.92,0.7
1932,3,9.0,10.47,0.57
2646,1,13.0,9.42,0.97
1597,5,17.7,7.39,0.58
1184,3,6.0,8.95,0.95
2379,2,1.8,6.8,0.9
2361,5,11.5,10.17,0.93
1870,7,12.9,9.71,0.59
3324,3,12.8,8.62,0.61
1170,6,11.0,9.12,0.51
2092,2,14.0,8.6,0.72
1327,4,16.3,7.83,0.62
2146,1,0.2,5.84,0.62
1216,5,10.7,9.01,0.47
1519,3,6.0,8.76,0.59
3123,3,15.5,8.45,0.61
1516,5,12.2,9.47,0.78
1240,3,11.0,8.19,0.69
2619,2,8.5,6.11,0.57
1064,5,15.6,7.82,0.75
1314,2,6.6,7.01,0.68
2203,3,9.1,8.03,0.81
2456,3,7.5,9.21,0.59
2654,1,4.7,6.71,0.86
1276,3,9.9,9.44,0.88
2217,7,17.7,8.81,0.68
1473,4,5.2,7.71,0.61
1376,1,12.5,7.07,0.51
2642,4,3.6,11.4,1.0
1415,3,10.9,6.85,0.44
1994,1,14.6,7.72,0.64
1908,2,17.3,8.15,0.98
1050,2,13.3,8.85,0.83
2476,4,4.7,8.03,0.73
2192,2,9.4,8.65,0.55
500,2,19.9,8.45,0.7
1994,0,14.7,8.23,0.72
1258,1,8.7,7.06,0.79
2567,5,20.3,9.9,0.39
788,2,9.5,5.78,0.75
1550,2,13.4,8.11,0.71
2053,3,5.2,7.57,0.74
1838,5,4.0,7.5,0.94
2334,2,6.2,7.43,0.49
737,4,13.8,6.43,0.58
2956,2,5.2,7.31,0.74
2167,2,7.9,6.94,0.99
2751,2,1.1,9.48,0.66
2411,3,5.9,7.79,0.87
1791,5,5.9,9.66,0.59
901,7,11.8,11.15,0.76
1405,2,0.0,5.91,0.55
2912,2,8.0,8.82,0.33
2769,6,15.4,9.06,0.54
1366,1,10.6,6.63,0.65
500,2,16.1,7.12,0.59
1651,4,7.7,8.37,0.51
1598,3,6.5,8.96,0.68
1625,3,7.3,7.15,0.62
2169,2,12.8,8.43,0.89
2413,1,10.5,7.57,0.85
2493,2,8.1,5.7,0.75
2111,3,19.5,9.85,0.75
539,4,12.2,7.85,0.46
1561,2,8.0,7.05,0.68
3412,1,7.2,7.06,0.71
2061,6,14.4,9.35,0.52
2057,3,8.2,9.93,0.63
2051,2,0.0,7.78,0.88
2090,3,13.7,8.03,0.68
500,3,15.1,8.15,0.74
1632,2,16.9,5.97,0.63
1773,4,12.6,8.48,0.91
2697,3,1.0,9.28,0.88
1833,2,12.9,8.44,0.75
647,2,2.5,7.72,0.87
2101,4,17.7,9.42,0.58
1237,1,14.4,5.88,0.73
948,0,0.0,4.7,0.66
1216,2,14.1,6.2,0.89
2179,4,11.9,9.18,0.82
2681,3,5.4,8.43,0.94
2138,3,13.1,10.51,0.69
2242,1,5.1,7.37,0.78
2131,1,0.0,9.38,0.73
1870,5,20.2,10.28,0.52
2287,5,15.9,9.77,0.57
500,1,12.8,7.63,0.63
1877,5,22.2,8.53,0.3
1068,1,10.6,6.65,0.93
2614,4,17.3,7.69,0.54
1696,2,14.8,8.45,0.63
1821,4,10.5,8.23,0.63
746,5,12.3,7.2,0.58
2511,6,15.3,7.08,0.52
2239,4,18.0,7.41,0.7
2189,5,12.4,9.79,0.5
1230,3,5.2,7.2,1.0
1258,4,15.4,9.1,0.54
1956,6,22.7,8.15,0.49
1313,1,10.7,5.85,0.91
2104,1,3.5,5.01,0.89
500,3,21.6,9.8,0.74
1458,7,19.3,10.55,0.58
3057,3,10.1,8.04,0.73
2107,6,17.9,8.19,0.64
1916,6,13.5,9.46,0.49
3189,4,2.6,6.54,0.62
500,5,17.8,9.28,0.89
1229,0,12.8,6.41,0.84
1519,2,17.2,9.61,0.61
2400,4,12.4,9.47,0.73
2412,4,15.8,8.58,0.45
1193,4,13.6,5.34,0.47
1517,3,10.4,7.64,0.85
2648,3,10.7,9.27,0.66
1077,0,5.7,6.29,0.6
1713,3,11.8,8.48,0.7
1456,1,13.5,6.24,0.88
2539,3,20.4,7.82,0.77
1434,3,10.5,6.01,0.75
1770,0,5.9,7.48,0.7
2154,4,2.8,9.72,0.37
2181,1,8.0,9.8,0.95
2420,3,5.5,7.23,0.79
1507,2,11.3,8.38,0.69
1555,3,4.3,7.93,0.4
1817,2,9.4,7.67,1.0
1974,3,14.1,8.37,0.81
1696,2,16.1,7.29,0.92
1813,4,14.3,8.84,0.66
737,2,16.2,8.13,0.64
2267,3,12.9,4.94,0.66
1926,4,10.2,7.96,0.52
2501,2,3.6,9.76,0.45
1800,3,5.6,8.71,0.45
583,2,10.2,6.16,0.61
1549,3,11.7,8.28,0.77
1660,0,0.0,7.1,0.77
2320,1,1.5,7.12,0.86
500,1,10.6,9.09,0.69
1828,5,10.7,7.08,0.43
2159,7,15.4,9.71,0.47
1336,5,13.0,8.76,0.63
1852,2,3.9,6.97,0.73
1361,0,5.4,5.76,0.74
1289,2,11.9,6.53,0.59
1514,3,13.7,10.92,0.7
1302,2,11.6,7.6,0.8
2278,4,20.8,10.43,0.25
1285,2,18.4,7.8,0.58
1167,3,11.6,9.1,0.52
3037,2,6.4,7.6,0.78
2472,4,18.4,11.4,0.68
500,2,5.8,5.23,0.79
1264,3,7.5,7.3,0.54
1969,1,7.1,6.65,0.72
2026,5,19.4,10.89,0.59
756,3,8.6,6.32,0.5
2610,0,15.8,7.13,0.67
2377,2,19.1,8.37,0.6
2137,3,2.9,7.63,0.49
2749,0,3.2,5.06,0.52
2116,2,15.3,7.7,0.75
2114,2,9.4,8.79,0.81
2890,1,14.6,7.48,0.82
2570,1,2.7,7.81,0.65
1210,2,6.5,8.21,1.0
2243,2,15.6,9.43,0.6
1335,2,7.1,8.22,0.72
2152,3,6.3,9.22,0.77
2133,2,8.3,8.38,0.7
831,5,21.2,8.13,0.85
1714,2,12.8,8.15,0.94
1985,3,9.5,7.67,0.77
1494,3,6.6,7.84,0.62
2020,1,6.1,9.6,0.65
2364,5,11.9,11.5,0.52
1778,2,15.5,6.41,0.99
1957,1,4.7,6.64,0.7
2768,5,8.8,9.38,0.83
2131,3,13.3,8.67,0.77
1940,1,18.2,7.69,0.58
1129,4,15.6,10.2,0.78
2269,4,15.8,7.98,0.64
2031,4,14.3,9.23,0.6
2698,1,14.3,8.4,0.69
1832,7,9.9,11.09,0.52
528,2,1.5,7.41,0.57
609,2,15.1,7.78,0.57
2314,2,9.1,9.81,0.74
1400,2,8.1,8.55,0.75
2105,3,10.8,9.41,0.65
1683,4,19.2,8.11,0.56
1732,4,16.1,9.66,0.68
1194,1,7.6,8.01,0.93
1788,3,13.5,7.77,0.92
1390,2,10.1,8.07,0.81
1539,1,4.1,6.69,0.72
1573,4,5.5,6.85,0.87
1641,3,19.2,8.78,0.88
2445,3,14.0,8.83,0.44
1709,4,10.1,7.84,0.61
2516,3,18.7,7.37,0.79
2876,2,12.8,9.11,0.56
2398,3,14.6,7.18,0.69
2174,2,14.0,8.55,0.5
2028,3,12.1,8.22,0.56
2405,3,11.0,8.25,0.6
1862,2,15.5,8.6,0.45
2489,3,12.0,9.52,0.74
2229,2,19.6,8.75,0.73
1548,3,15.8,8.49,0.44
2427,3,15.1,7.76,0.82
1864,5,15.4,9.23,0.61
1725,2,5.9,7.39,0.48
1466,4,6.2,7.51,0.58
1916,1,9.5,7.85,0.9
2497,2,6.4,9.13,0.77
2422,4,19.7,7.85,0.57
2047,2,1.3,8.8,0.63
2219,2,4.7,8.26,0.7
2690,3,13.3,8.79,0.81
1695,0,11.5,7.73,0.82
1019,1,1.1,4.37,0.79
2710,2,2.6,9.26,0.64
1429,3,5.7,6.19,0.9
1316,3,16.7,8.72,0.86
542,4,13.5,8.44,0.61
2199,3,18.2,9.66,0.77
664,4,12.6,8.48,0.88
1274,0,7.2,8.32,0.87
2305,7,24.3,11.32,0.7
1343,2,7.0,7.27,0.79
1706,0,7.7,7.35,0.89
1189,1,8.4,7.12,0.73
1416,4,8.9,8.48,0.65
1986,3,17.4,8.76,0.9
1448,3,9.6,7.21,0.73
1629,2,10.1,7.33,0.54
774,0,10.0,6.33,0.54
2593,3,17.5,7.82,0.41
2157,3,18.6,9.87,0.54
2355,0,2.9,5.01,0.89
2703,6,19.2,11.77,0.5
1222,1,10.2,6.8,0.79
1549,1,10.9,5.79,0.97
500,4,7.3,8.92,0.25
1695,5,16.6,9.1,0.55
2527,1,5.4,9.68,0.67
933,2,1.7,8.12,0.66
2497,6,14.0,9.66,0.41
3100,1,11.9,8.11,0.64
1757,3,4.8,10.03,0.7
1092,1,0.0,7.48,0.72
1702,3,11.2,6.28,0.56
500,2,7.1,9.18,0.71
1773,1,2.6,8.69,0.85
2374,1,6.1,7.89,0.73
1774,2,11.0,7.07,0.69
1601,0,2.4,6.42,0.75
2169,2,20.4,6.75,0.76
2222,4,15.2,8.35,0.91
638,2,16.1,6.16,0.79
1862,2,12.1,9.87,0.5
3505,3,3.7,8.64,0.63
865,2,13.1,4.35,0.65
1740,0,7.5,7.06,0.72
3159,2,11.1,8.79,0.73
2572,4,9.5,9.24,0.46
1440,1,7.1,8.8,0.64
1944,3,18.9,7.89,0.44
1798,5,12.8,9.71,0.44
1276,0,3.2,6.28,0.57
1748,2,6.5,7.85,0.66
1604,1,14.8,7.05,0.68
1878,1,15.7,8.24,0.78
1276,2,12.6,7.48,0.61
906,2,12.3,7.81,0.6
1771,2,16.2,8.27,0.82
3000,4,12.8,9.09,0.43
1857,2,7.5,7.92,0.57
1567,4,1.4,8.05,0.84
2327,5,12.4,9.68,0.56
1689,3,11.1,7.59,0.48
3107,2,16.5,8.44,0.47
1797,3,9.6,6.26,0.78
2290,1,7.4,6.41,0.59
1271,2,1.4,5.01,0.51
2152,7,19.1,9.46,0.48
1992,4,16.0,10.48,0.67
1760,2,9.5,6.81,0.74
1448,4,12.7,10.77,0.68
1353,2,21.5,7.08,0.73
2240,3,12.8,8.37,0.54
1710,2,4.6,7.68,0.86
2001,1,1.5,5.68,1.0
1773,2,14.2,7.87,0.67
1868,3,20.4,6.45,0.7
1659,2,17.9,8.13,0.74
1812,2,15.3,6.33,0.85
3688,2,10.3,9.2,0.67
2018,2,4.4,6.73,0.5
2251,2,17.0,8.54,0.59
2106,3,6.0,8.29,0.58
1616,5,11.7,7.99,0.52
2705,2,4.3,5.22,0.76
1596,2,1.1,7.36,0.75
2538,4,5.9,8.01,0.64
1566,1,2.6,6.67,0.47
1128,2,10.5,8.46,0.71
2055,5,10.6,9.91,0.67
1026,3,21.4,6.75,0.78
2174,4,7.6,9.03,0.38
964,5,7.0,7.78,0.9
1576,1,17.6,7.43,0.56
797,1,17.3,7.15,0.86
642,2,15.2,9.58,0.91
1806,2,17.3,7.31,0.38
2600,3,4.8,9.4,0.5
2525,4,13.4,9.12,0.71
2395,3,3.2,10.58,0.69
1577,1,7.8,7.79,0.66
2745,2,11.0,9.06,0.57
2439,2,12.0,7.68,0.77
1948,2,9.5,6.79,0.42
1968,3,9.5,6.01,1.0
1587,2,7.5,7.64,0.82
1163,1,2.0,7.26,0.65
2718,2,19.8,9.14,0.67
1181,4,19.2,8.91,0.47
1692,1,14.5,8.21,0.68
1699,3,13.9,9.54,0.79
1777,2,12.6,9.02,0.7
1845,3,18.4,6.89,0.58
2462,3,6.0,6.18,0.82
1276,3,15.6,9.05,0.52
1207,5,14.4,8.58,0.52
2665,2,7.6,8.22,0.71
1476,2,7.4,6.99,0.76
915,3,12.2,7.88,0.49
1460,0,8.3,4.93,0.88
1568,4,15.9,9.3,0.47
2888,2,9.2,7.1,0.56
2447,4,12.8,7.24,0.41
2603,3,15.3,8.28,0.57
2373,2,7.4,7.25,0.53
2462,3,14.1,8.88,0.65
1318,1,14.3,8.41,0.68
1660,3,15.5,7.77,0.64
1107,4,15.2,9.21,0.68
1652,4,4.6,8.49,0.61
2278,0,6.7,6.08,0.58
1894,2,11.3,8.73,0.53
2718,4,15.5,7.94,0.48
1001,4,4.9,9.7,0.4
2150,6,14.6,9.76,0.43
926,1,13.5,9.66,0.72
1865,3,19.4,9.73,0.66
2318,2,6.3,7.16,0.71
1649,2,5.5,9.22,0.82
2185,2,9.3,8.22,0.62
635,4,19.4,8.35,0.77
2189,5,20.7,11.64,0.54
3020,2,7.2,8.55,0.93
1102,1,10.7,8.69,0.59
2655,4,15.3,8.92,0.6
1830,3,13.9,9.01,0.67
865,1,2.4,8.27,0.77
1007,5,5.2,10.51,0.63
1811,1,14.5,7.87,1.0
1516,0,1.8,7.88,0.59
880,4,12.0,8.27,0.63
614,1,4.5,8.02,0.85
1207,1,4.6,6.21,0.76
1935,3,9.0,10.11,0.59
1795,3,8.0,8.09,0.54
1449,1,14.9,6.86,0.59
1941,2,13.3,10.38,0.67
2528,1,9.2,8.3,0.73
2075,5,12.3,9.38,0.37
1715,0,8.6,6.17,0.52
2449,5,16.2,10.42,0.56
1128,4,5.2,8.13,0.65
1642,2,11.1,6.17,0.73
1659,4,14.0,8.66,0.93
934,0,6.6,5.09,0.86
1506,5,7.0,7.73,0.52
500,2,5.6,6.76,0.54
3138,6,18.9,8.54,0.68
1143,5,14.3,7.12,0.52
2910,1,10.2,8.44,0.58
1826,2,7.0,9.31,0.76
2195,3,17.0,8.97,0.78
1457,3,10.0,8.61,0.49
1945,5,8.6,9.18,0.76
2255,2,11.8,9.24,0.66
2265,5,7.5,8.88,0.42
1542,4,16.2,9.5,0.79
1463,2,1.4,7.19,0.7
684,2,15.3,6.71,0.57
2166,3,1.6,7.27,0.44
2557,4,16.9,9.36,0.48
2931,5,14.8,9.13,0.58
2013,2,14.0,6.53,0.96
1263,0,2.7,6.26,0.73
612,3,2.8,6.49,0.81
2529,4,16.0,9.47,0.7
542,5,6.4,7.86,0.8
1561,2,11.9,6.84,1.0
1642,1,15.6,7.96,0.87
1751,2,9.7,7.38,0.74
1825,6,14.9,11.55,0.76
1896,2,7.4,8.2,0.85
500,0,13.4,5.9,0.8
1810,2,9.5,6.42,0.69
500,4,15.2,7.22,0.72
2312,1,0.0,8.88,0.83
1411,2,7.8,6.65,0.47
500,1,7.8,8.52,0.86
1230,2,7.2,6.88,0.71
1400,1,7.5,7.04,1.0
2633,3,11.3,7.82,0.64
1937,1,9.3,7.72,0.54
2041,1,4.0,4.64,0.68
2626,4,17.2,9.23,0.78
1732,4,10.0,7.04,0.54
2327,2,22.5,7.23,0.43
2278,3,21.2,8.87,0.28
899,5,14.7,9.04,0.73
2831,3,10.5,8.56,0.53
805,1,10.8,6.43,0.77
2442,5,12.4,10.02,0.6
738,1,8.5,7.56,0.88
2220,4,17.6,10.53,0.69
3103,3,6.6,9.5,0.88
1650,0,6.1,6.44,0.66
1620,2,12.1,7.15,0.65
2227,2,6.8,8.12,0.54
1569,4,13.2,7.94,0.52
3072,3,8.9,10.13,0.6
1934,4,16.5,9.03,0.87
1575,4,11.0,8.76,0.55
1421,1,12.7,6.74,0.8
1146,2,6.0,7.48,1.0
1360,3,7.6,7.94,0.49
1554,3,19.3,8.32,0.43
1458,3,3.7,8.67,0.74
1339,2,7.5,7.25,0.7
3269,3,10.6,7.53,0.69
1078,5,4.2,8.27,0.66
1902,1,7.8,7.26,0.62
2214,4,2.5,9.61,0.77
2241,2,11.2,8.91,0.75
1758,3,12.0,7.91,0.93
1631,2,0.0,6.85,0.46
2116,5,12.5,9.37,0.75
1986,2,8.8,8.46,0.8
1618,3,9.4,6.6,0.5
706,3,6.9,8.03,0.51
1472,3,14.1,6.14,0.91
997,1,3.2,5.17,0.68
1332,2,13.4,7.15,0.46
1823,2,15.7,8.8,0.84
2051,4,10.0,9.02,0.52
3046,3,7.8,9.11,0.47
1423,0,8.3,6.9,0.68
2342,1,14.5,9.82,0.78
2014,1,0.6,8.91,0.67
2707,5,12.1,8.14,0.47
2203,3,10.9,9.75,0.78
1094,1,11.7,8.4,0.8
593,4,12.6,8.5,0.73
2017,2,12.1,7.06,0.48
1430,2,11.2,7.39,0.78
1113,6,14.6,9.25,0.53
912,3,14.3,6.29,0.94
1912,0,7.9,6.2,0.96
2855,0,9.0,7.87,0.63
1513,4,12.7,7.19,0.28
2213,2,8.2,7.32,0.65
1728,3,16.1,5.67,0.81
897,3,18.0,8.49,0.74
2314,2,9.3,6.35,0.7
1033,4,7.1,8.54,0.45
1815,1,13.8,7.78,0.66
1560,0,3.5,4.16,0.95
2425,3,18.5,8.04,0.84
1059,4,18.8,9.96,0.56
2073,2,10.7,7.55,0.71
1212,4,8.5,7.37,0.3
1442,0,8.6,5.04,1.0
500,1,8.4,7.88,0.77
3264,5,12.0,10.78,0.65
2185,4,20.5,9.75,0.79
1262,3,13.9,7.94,0.35
1012,4,16.4,9.23,0.69
1453,4,6.4,7.3,0.93
2301,6,22.2,8.59,0.39
500,0,3.4,6.07,0.91
1700,3,10.6,10.66,0.69
3039,1,9.4,7.72,0.86
1006,2,13.9,8.9,0.71
1856,4,18.7,7.23,0.87
3342,3,13.7,9.91,0.53
2242,3,14.9,8.03,0.74
1888,4,1.4,6.4,0.53
2154,4,18.1,10.66,0.84
1519,2,11.6,8.03,0.67
2709,3,10.9,7.85,0.61
1520,1,10.7,8.24,0.7
500,4,13.6,7.37,0.81
1526,2,13.1,7.53,0.78
1123,1,4.1,6.42,1.0
1603,3,10.7,8.8,0.52
1618,1,4.2,8.13,0.7
2638,1,12.5,7.59,0.79
2286,2,13.1,8.56,0.65
1984,2,8.1,7.59,0.66
1797,2,2.3,7.78,0.76
1058,4,3.0,7.52,0.66
500,1,11.6,7.76,0.89
1879,2,13.6,8.63,0.89
2356,0,5.9,6.62,1.0
1425,0,0.0,6.55,0.67
2125,3,0.0,6.67,0.76
1741,0,14.7,5.13,0.83
2980,2,8.6,10.12,0.65
2662,0,10.3,7.34,0.56
2471,4,15.4,8.15,0.77
2330,0,3.5,6.76,1.0
896,2,8.6,9.73,0.73
2264,2,17.4,8.97,0.86
2063,4,10.0,8.31,0.72
2224,4,13.0,10.35,0.56
2144,2,12.4,6.67,0.8
2116,2,15.6,8.26,0.66
3690,5,18.1,11.63,0.67
1746,5,8.3,8.61,0.49
2455,0,11.4,8.28,0.76
1470,3,7.6,9.43,0.82
2353,6,12.1,8.84,0.73
2457,7,11.2,11.58,0.68
2055,2,11.1,8.26,0.31
2968,4,11.6,7.73,0.4
1181,5,24.0,10.9,0.64
1458,1,16.6,7.59,0.75
2416,1,3.4,5.82,0.53
1925,3,9.9,10.41,0.57
2700,4,14.9,10.75,0.77
1336,2,9.8,8.09,0.63
1001,1,12.3,7.63,0.56
2015,3,2.5,8.55,0.65
1745,4,19.5,9.01,0.47
2180,3,21.8,8.2,0.6
1780,1,0.3,9.33,0.78
1561,2,13.5,7.88,0.68
1747,2,11.1,5.48,0.55
1820,4,15.3,9.15,0.38
1586,3,0.6,6.82,0.61
1657,3,1.6,7.42,0.93
1517,1,9.1,5.71,0.65
2399,1,5.9,8.85,0.67
1935,0,5.0,6.16,0.77
3379,5,15.7,9.53,0.63
1912,1,15.3,6.95,0.74
1414,1,3.5,7.94,0.78
3669,6,15.4,11.44,0.63
2089,0,4.0,5.67,0.74
2493,1,10.0,6.55,0.61
2214,5,12.6,8.73,0.79
2236,3,14.6,10.88,0.51
2174,2,3.0,6.9,0.47
1028,3,14.9,7.28,0.67
2057,3,7.5,7.05,0.82
872,2,5.4,6.98,0.83
1677,3,9.3,7.54,0.75
1292,5,20.5,9.39,0.88
2050,2,11.2,7.32,0.48
2136,2,15.1,7.52,0.56
2001,3,0.0,5.71,0.64
1375,4,6.3,8.53,0.54
1617,2,9.6,8.89,0.76
2444,4,16.5,7.43,0.64
2547,5,15.9,10.11,0.79
997,4,14.3,7.9,0.78
728,4,13.5,7.86,0.95
1291,3,20.8,6.66,0.78
2531,4,18.8,10.08,0.51
2650,2,10.8,8.72,0.93
1152,4,14.5,6.73,0.45
2015,0,9.3,5.17,1.0
3084,0,0.0,5.67,1.0
2090,4,8.0,7.66,0.83
2795,3,10.9,8.89,0.77
2499,1,14.0,7.0,0.69
1162,3,13.2,7.66,0.93
1667,3,14.6,9.29,0.64
1824,2,5.8,5.22,0.55
1872,2,8.2,8.35,0.76
2441,3,2.6,8.19,0.7
2086,3,14.9,8.63,0.35
500,1,6.4,7.43,0.67
881,1,4.4,6.16,0.58
500,0,9.6,4.9,0.81
1922,3,17.4,9.11,0.43
1968,4,16.2,9.51,0.59
1998,2,10.9,8.9,0.64
1128,2,5.1,7.84,0.46
2271,0,7.9,6.36,0.92
2301,3,13.2,8.92,0.67
921,0,5.5,6.54,0.95
773,3,15.1,9.25,0.64
1799,2,5.5,6.49,0.87
3054,4,6.6,7.42,0.82
2989,1,5.1,7.71,0.73
2194,3,8.3,7.87,0.69
1289,5,16.0,10.71,0.67
2420,2,17.1,10.64,0.53
1483,0,12.6,7.99,0.63
1262,1,5.8,7.24,0.69
500,2,6.5,6.69,0.71
1871,2,6.9,7.49,0.92
1359,2,7.8,7.97,0.6
1867,2,14.9,8.75,0.63
500,1,15.5,6.77,0.82
1918,1,15.5,7.02,0.84
500,3,14.6,8.34,0.74
2561,3,13.6,8.43,0.41
2165,4,17.9,8.56,0.53
1604,2,10.4,9.91,0.69
2193,1,8.8,8.89,0.64
1115,3,12.5,9.11,0.74
1850,1,6.0,8.44,0.67
2356,4,16.0,9.95,0.52
500,3,7.0,5.69,0.69
1486,3,10.4,5.16,0.56
1784,0,16.2,8.32,0.6
1662,3,18.0,7.15,0.48
2819,3,13.3,7.85,0.64
1013,3,4.8,7.33,0.67
1365,5,12.3,9.93,0.61
500,3,16.1,7.57,0.53
2857,0,10.8,8.0,0.54
1627,0,7.1,7.58,0.83
1493,2,16.7,8.11,0.9
1763,2,10.3,7.01,0.64
2245,4,12.8,9.78,0.61
2043,3,16.2,7.23,0.41
3653,2,11.3,9.88,0.53
2117,4,13.9,9.43,0.84
1474,4,8.2,7.58,0.63
1407,3,8.6,6.31,0.63
1525,1,9.1,6.85,0.86
748,2,23.3,5.68,1.0
1827,2,6.1,8.0,0.9
2348,7,11.9,9.66,0.42
1370,3,11.9,6.66,0.75
1234,2,19.9,6.4,0.73
2861,4,19.3,11.39,0.67
801,3,8.5,7.23,0.65
500,3,8.8,5.79,0.66
992,1,10.7,8.26,0.76
721,3,9.3,7.16,0.81
2070,4,21.7,9.34,0.56
1547,5,16.5,7.55,0.46
1646,4,7.2,9.02,0.62
2607,3,10.0,8.11,0.5
1316,1,11.5,5.64,0.62
2342,3,14.4,7.45,0.54
2857,2,11.0,7.05,0.35
1481,0,6.6,6.87,0.85
2315,2,14.7,10.26,0.82
1630,1,16.4,8.81,0.73
2446,5,18.0,11.49,0.72
699,2,10.6,5.75,0.57
648,2,5.0,6.39,0.4
1526,3,10.9,7.93,0.89
1177,2,3.1,6.57,0.66
1438,0,9.7,6.25,0.78
1646,4,15.8,7.77,0.52
2304,3,15.8,6.89,0.42
1514,1,15.0,8.04,0.5
1223,4,13.6,9.32,0.68
1553,4,18.3,9.49,0.76
1261,4,10.5,6.64,0.5
1146,2,10.3,7.83,0.89
670,2,18.3,6.03,0.44
1848,1,10.9,7.34,0.39
1401,1,13.2,6.34,0.77
2476,3,18.2,9.01,0.63
786,4,11.3,7.95,0.72
1420,4,14.9,9.03,0.68
3069,2,18.7,7.83,0.32
1142,2,21.1,6.76,0.87
1634,2,9.3,7.21,0.76
948,0,3.2,6.99,0.76
856,5,19.2,8.56,0.85
2883,3,6.0,8.73,0.54
1919,1,13.1,7.68,0.86
1893,4,10.9,8.21,0.59
2051,3,12.2,10.63,0.56
2610,3,16.0,8.11,0.76
2604,3,21.8,9.72,0.8
1009,4,11.1,7.45,0.36
2019,3,11.3,9.29,0.65
2267,4,11.0,9.39,0.5
543,2,8.7,8.02,0.64
1015,1,9.1,9.85,0.78
2421,3,12.3,10.46,0.29
2413,5,8.3,7.58,0.69
715,1,10.6,10.21,0.38
2356,2,11.3,8.31,0.78
1866,1,8.4,5.72,0.56
2346,0,4.0,8.62,0.67
1355,2,15.4,8.98,0.78
2251,1,13.5,9.02,0.63
2390,6,14.1,9.16,0.72
1554,0,4.8,4.9,0.72
1812,4,13.8,10.78,0.76
1346,7,11.8,9.8,0.43
2956,4,11.9,8.82,0.57
1715,1,9.3,8.99,0.61
1154,2,3.1,8.78,0.73
1298,3,7.9,8.08,0.78
1888,4,5.9,10.53,0.63
2327,5,11.0,6.97,0.28
864,2,8.8,6.17,0.85
3093,2,9.7,8.96,0.6
2016,1,13.9,9.37,0.57
2126,1,13.8,10.76,0.9
1731,3,15.2,7.38,0.65
1813,2,0.9,6.76,0.65
1696,2,11.6,8.83,0.74
2512,4,9.9,8.46,0.64
1794,1,4.6,7.89,0.69
2336,3,14.9,9.9,0.59
1496,4,14.2,9.5,0.53
1936,2,11.6,5.81,0.48
1237,3,7.1,9.61,0.64
2651,3,17.7,7.2,0.77
1216,1,16.8,6.24,0.67
1572,2,4.4,8.52,0.66
1579,4,10.1,8.12,0.78
1552,4,10.0,7.97,0.63
2305,1,8.0,5.79,0.76
1578,2,11.6,6.94,0.94
2775,1,4.5,8.17,0.92
1227,2,17.7,9.09,1.0
1918,3,17.7,6.92,0.82
1256,1,5.5,5.3,0.71
2094,3,7.1,7.1,0.71
1788,3,18.4,7.72,0.66
2631,3,6.9,9.33,0.63
1341,1,10.9,4.95,0.8
2210,6,19.5,9.03,0.4
1261,5,10.0,8.05,0.6
1878,2,10.0,6.5,0.59
963,1,5.6,7.11,0.79
1336,1,16.8,7.12,0.56
1742,4,7.9,6.99,0.61
3070,2,4.3,7.54,0.37
1870,3,11.8,8.17,0.48
2958,2,8.1,8.46,0.67
1954,1,12.5,7.62,0.68
1529,1,11.9,7.7,0.59
2877,5,1.8,9.18,0.65
2105,2,17.3,7.08,0.52
1350,2,15.7,6.92,0.57
2129,4,18.1,8.32,0.67
1595,2,13.8,7.04,0.57
500,3,13.2,8.29,1.0
2455,1,1.8,8.75,0.67
2566,1,11.7,4.49,0.8
3086,2,13.2,8.88,0.44
2095,0,14.7,8.28,0.87
1625,2,13.4,6.0,0.54
2384,1,18.8,10.16,0.69
2394,1,3.9,6.98,0.85
1768,1,3.8,5.94,0.55
1684,1,5.8,7.88,0.71
1299,1,13.4,7.63,0.56
2176,1,8.1,5.59,0.67
716,0,20.1,5.35,0.77
2343,0,8.3,6.54,0.82
2211,5,15.2,10.34,0.7
2209,1,11.9,7.39,0.65
1896,2,10.8,7.44,0.43
2873,4,15.9,8.31,0.34
2410,4,6.1,10.45,0.67
1375,2,18.5,8.96,0.57
1387,2,6.6,7.34,0.62
1184,3,4.9,8.13,0.36
2185,2,7.1,8.86,0.68
1099,2,19.1,7.1,0.62
2558,6,12.2,9.0,0.45
2726,5,9.3,8.26,0.66
1184,2,3.6,6.78,0.48
1670,3,6.8,7.38,0.73
1811,4,11.3,7.69,0.34
2418,4,9.9,10.48,0.92
2926,2,14.2,9.2,0.69
620,2,9.1,7.14,1.0
1577,3,7.1,7.76,0.42
1613,5,20.3,9.49,0.55
819,3,9.5,8.19,0.84
1460,2,13.5,7.65,0.8
2099,4,16.2,6.55,0.71
1604,4,11.1,8.22,0.6
718,3,10.8,6.89,0.55
1986,3,16.0,10.11,0.66
1878,3,7.1,9.53,0.71
1031,3,9.7,6.92,0.83
1982,1,16.5,7.83,0.68
1685,2,11.8,11.3,0.62
500,2,16.6,8.8,0.5
1050,0,2.0,8.53,0.5
2356,5,22.4,10.56,0.42
3160,3,15.2,8.64,0.81
2057,2,14.6,9.52,0.87
2572,3,7.2,6.67,0.46
1690,2,15.9,9.32,0.61
1739,3,4.7,8.11,0.72
2563,4,14.3,10.94,0.69
2963,5,13.7,10.95,0.75
2710,3,15.8,9.51,0.78
1053,2,11.8,7.47,0.64
1753,3,17.4,8.06,0.46
1994,3,16.2,7.8,0.83
1618,2,18.1,8.21,0.93
2071,2,11.3,9.67,0.73
2374,2,6.7,7.96,0.74
2501,4,15.3,9.46,0.39
2980,1,4.2,6.12,0.84
1569,2,13.8,5.42,0.83
845,0,15.2,8.98,1.0
2050,4,7.1,8.46,0.67
3118,3,18.8,9.46,0.51
1466,3,8.4,7.08,0.44
2280,2,2.3,9.68,0.65
2287,5,9.9,8.13,0.43
1934,2,20.1,6.55,0.55
1804,5,10.5,9.92,0.4
1153,3,0.2,5.68,0.62
500,3,5.7,8.46,0.64
1526,3,16.0,8.01,0.71
2568,1,6.8,5.03,0.9
1727,2,13.4,8.16,0.68
1436,3,14.3,6.28,0.58
1176,3,9.5,6.96,0.65
2259,2,16.5,8.19,0.65
2750,3,9.3,10.49,0.88
2544,2,10.4,10.98,0.76
2224,2,4.5,6.88,0.88
767,3,13.0,9.11,0.88
1553,1,13.8,5.49,0.64
3163,3,9.9,8.23,0.88
2585,1,7.7,7.95,0.33
723,3,0.3,4.13,0.28
1761,3,16.5,10.06,0.61
2054,1,6.4,6.33,0.5
1266,2,6.5,6.74,0.69
500,4,9.7,8.66,0.35
1869,0,0.0,7.71,0.61
1248,5,12.7,8.43,0.57
1251,3,5.7,7.81,0.7
1551,2,8.4,8.53,0.89
1706,1,11.2,7.59,0.62
1793,4,10.3,6.25,0.73
1181,2,7.7,7.31,0.65
1645,5,23.7,10.91,0.73
569,2,4.0,7.71,0.56
2017,2,8.8,7.42,0.76
500,1,11.8,7.46,0.56
1597,2,14.8,8.12,0.7
2443,5,7.7,6.67,0.48
1058,1,11.3,6.6,0.78
2301,5,12.0,9.85,0.66
2609,5,21.2,10.92,0.58
500,0,9.9,5.93,0.87
1694,2,11.6,8.07,0.84
500,1,17.5,5.43,0.6
1717,3,11.6,9.08,0.7
1794,5,10.0,10.51,0.83
500,2,3.8,7.54,0.54
3147,0,4.6,8.01,0.75
2000,6,21.0,10.87,0.64
1205,0,3.7,8.12,0.51
2825,5,14.4,11.6,0.9
543,5,11.3,7.58,0.48
939,2,11.8,7.97,0.61
500,3,10.0,7.0,0.63
3060,4,8.9,10.43,0.48
2032,1,5.2,7.28,0.79
2261,2,14.5,8.78,0.89
2010,0,7.3,6.33,0.84
2201,4,16.7,10.14,0.7
1854,0,4.2,7.0,0.87
1989,4,15.8,9.46,0.55
1875,3,7.3,8.29,0.56
1373,5,5.2,9.2,0.84
1767,4,11.7,9.22,0.74
1991,3,16.1,9.53,0.44
1877,2,13.8,8.83,0.95
765,2,6.7,6.87,0.91
858,1,11.1,6.41,0.82
2557,3,12.6,8.94,0.85
1585,2,8.3,6.38,0.92
2209,2,10.0,9.58,0.68
1035,2,15.6,10.01,0.84
768,1,7.4,6.45,1.0
1209,4,8.9,9.41,0.54
1644,1,10.5,6.59,0.69
1334,2,4.6,5.53,0.52
2705,3,10.6,7.12,0.62
1925,3,13.7,7.62,0.87
3094,3,12.3,7.51,0.51
2083,1,7.8,8.95,0.87
500,0,9.0,6.83,0.98
2539,6,18.8,10.65,0.28
743,1,15.0,8.31,0.62
1961,3,1.9,8.25,0.89
1257,3,5.7,7.14,0.74
3299,2,6.8,6.82,0.55
2807,3,18.2,6.18,0.59
1280,0,8.3,4.55,0.8
1710,2,8.1,8.24,0.84
1971,3,8.9,8.82,0.96
2404,2,8.6,6.21,0.67
1820,3,10.4,8.41,0.77
1082,6,14.4,9.22,0.54
1297,4,11.4,8.74,0.67
1796,1,10.9,5.23,0.85
2664,3,13.4,8.1,0.54
2099,1,2.0,5.79,0.82
1258,2,15.0,7.27,0.48
2253,1,12.1,10.97,0.8
1529,2,8.5,6.96,1.0
2423,5,12.7,10.66,0.61
3568,3,11.3,8.86,0.46
1548,3,18.3,8.58,0.49
2361,4,14.1,8.08,0.74
1278,0,17.2,8.36,0.44
1721,4,10.3,7.57,0.55
1820,3,9.2,9.23,0.68
1664,2,10.5,7.51,1.0
3524,3,7.4,8.27,1.0
1585,3,10.4,8.55,0.67
2210,3,8.2,8.25,0.52
500,1,15.9,7.72,0.91
2102,3,13.0,10.18,0.62
2599,2,3.8,5.43,0.73
1430,1,4.8,7.32,0.82
500,0,8.6,7.61,0.94
1772,0,4.5,5.32,0.78
1812,4,15.0,6.26,0.74
2306,2,11.9,5.12,0.6
3207,5,6.8,9.46,0.46
1533,4,12.4,10.75,0.59
1200,2,13.1,7.69,0.58
983,4,17.0,9.34,0.76
1938,2,8.5,6.79,1.0
2135,4,14.1,6.59,0.61
1418,2,8.9,6.36,0.68
2345,2,10.3,6.66,0.95
2125,3,11.5,9.35,1.0
1830,1,12.9,7.3,0.54
1168,3,12.9,7.99,0.47
1462,3,6.8,9.11,0.76
500,1,6.6,4.31,0.73
1965,3,14.3,8.48,0.84
1818,4,9.2,8.11,0.74
1931,1,11.0,7.61,0.72
2070,1,14.3,7.83,0.82
1722,2,13.9,8.76,0.54
1834,3,12.4,7.43,0.68
816,1,4.5,6.52,0.62
1835,3,10.3,9.1,0.77
1284,5,8.7,9.65,0.47
2402,3,7.6,10.03,0.65
1338,1,2.9,7.7,0.59
1951,2,20.6,8.26,0.62
1881,4,13.6,9.1,0.83
2322,3,10.5,11.33,0.64
2430,4,12.6,9.24,0.59
2285,2,6.7,8.34,0.38
500,2,9.2,6.53,0.55
2635,1,8.2,6.72,0.6
2869,4,11.5,10.09,0.78
1462,1,10.1,8.25,0.69
1965,3,13.7,9.69,0.44
1176,5,10.1,9.49,0.54
500,2,13.5,9.61,0.94
1282,3,11.3,5.6,0.67
1421,4,20.4,8.54,0.45
1551,4,11.0,9.4,0.61
1128,1,13.9,6.39,0.69
1286,2,12.1,9.07,0.73
1792,4,16.2,4.87,0.66
1260,3,19.1,9.52,0.55
2180,1,1.8,6.1,0.81
2277,5,9.3,7.94,0.82
2587,1,18.1,7.66,0.58
1970,2,12.0,9.13,0.7
1365,4,14.2,9.5,0.53
2005,4,7.3,8.66,0.44
2028,4,12.9,7.74,0.56
1440,5,12.6,8.63,0.77
2348,3,4.6,8.74,0.52
821,2,12.3,7.91,0.73
1628,2,19.7,8.74,0.86
2189,3,15.4,7.65,0.67
1598,2,5.6,6.88,0.65
1655,3,11.6,7.06,0.85
1703,2,7.2,8.09,0.55
1215,1,16.2,5.48,0.8
2621,1,13.2,9.81,0.72
1087,1,16.2,6.29,0.71
2022,4,14.5,7.95,0.62
2089,5,13.3,9.72,0.71
1135,2,4.3,8.13,0.76
1851,7,18.7,11.54,0.56
1163,1,5.3,7.58,0.75
2773,6,11.0,9.52,0.74
1002,2,13.0,8.55,0.66
1342,4,17.5,7.64,0.45
943,3,11.3,5.83,0.92
849,6,10.5,9.34,0.6
2913,2,11.3,8.12,0.74
2179,5,24.0,8.91,0.68
1898,1,7.7,7.09,0.88
1340,3,10.2,8.31,0.46
2435,5,13.6,9.72,0.72
1223,3,8.9,7.14,0.65
2355,3,13.8,8.34,0.6
1189,4,17.4,10.07,0.89
1348,7,14.1,9.66,0.64
2330,2,3.4,7.91,0.64
2404,2,19.0,7.65,0.64
2218,5,20.8,9.89,0.68
1065,4,19.0,7.59,0.68
1487,2,15.7,7.93,0.53
1909,2,7.4,8.75,0.53
1205,5,10.1,6.11,0.65
2759,1,15.8,9.68,0.75
500,2,6.5,8.55,0.88
1254,3,1.8,7.86,0.93
1443,2,12.8,7.14,0.68
500,0,10.0,6.69,0.55
822,3,22.1,7.18,0.9
2237,2,5.9,8.51,0.33
1821,2,8.5,4.63,0.36
2901,3,9.6,7.2,0.66
2881,3,7.4,7.99,0.54
2103,4,16.7,9.59,0.64
2019,6,14.4,10.51,0.53
1846,3,3.5,8.17,0.63
500,2,1.0,6.68,0.78
823,3,2.0,6.19,0.67
1870,4,22.6,8.27,0.72
2231,7,22.4,11.58,0.65
2002,2,8.6,7.8,0.8
1175,3,19.0,7.79,0.52
2456,4,20.2,10.27,0.87
2837,2,4.0,9.65,0.56
2456,2,1.8,8.25,0.67
2492,7,14.2,9.06,0.48
1408,2,10.7,8.68,0.92
2553,4,2.6,6.92,0.37
1902,3,4.3,6.85,0.45
2158,2,13.7,8.39,0.74
2055,3,15.2,8.9,0.62
1714,2,16.1,9.6,0.8
1197,5,5.8,7.89,0.8
1742,6,9.0,8.78,0.71
2490,4,16.3,9.03,0.52
1490,3,9.2,8.76,0.34
2425,4,13.2,8.19,0.73
2315,4,14.5,8.37,0.86
1590,5,16.2,9.57,0.7
2772,4,15.9,7.16,0.68
1551,4,5.0,9.18,0.5
2856,5,9.1,10.19,0.67
2103,2,14.4,7.67,0.79
1788,3,9.2,9.42,0.67
1178,2,22.5,6.41,0.83
1738,2,14.3,7.94,0.86
1657,0,9.6,5.74,0.68
919,1,5.1,5.72,0.66
1647,2,9.5,9.08,0.67
1237,1,9.6,6.95,0.95
2210,6,15.7,10.38,0.79
2714,6,21.4,9.68,0.73
941,1,10.1,6.58,0.7
2998,3,12.9,7.6,0.73
1710,4,18.6,10.6,0.55
1117,1,8.9,7.72,0.53
2330,3,10.6,9.21,0.62
1487,2,10.6,7.15,0.83
1742,3,6.8,10.06,0.7
1517,0,1.8,4.48,0.79
1228,1,7.4,7.27,0.66
2306,2,11.8,7.78,0.8
1599,2,17.1,7.95,0.91
794,0,4.8,5.95,0.94
2185,3,18.0,6.79,0.78
956,4,4.6,6.84,0.41
992,2,10.2,9.3,0.33
2634,0,11.1,6.32,0.77
962,0,3.6,6.47,0.78
500,3,16.1,6.95,0.34
2236,5,8.2,8.75,0.47
1587,3,7.0,7.63,0.91
1647,3,7.7,6.15,0.72
1579,6,20.9,11.04,0.53
1962,3,15.9,10.77,0.64
1273,1,9.8,8.04,0.76
2833,5,17.7,8.54,0.55
766,3,14.5,9.89,0.7
2111,3,12.7,10.82,0.63
2249,2,7.4,7.4,0.73
1268,1,4.6,7.5,0.7
1083,1,7.4,8.6,0.39
2512,4,14.1,10.48,0.67
1106,1,9.7,7.15,0.87
1375,5,10.2,9.5,0.6
2421,3,22.2,8.31,0.58
1824,6,19.6,9.26,0.73
541,5,12.5,8.99,0.62
1428,2,7.8,9.82,0.67
1518,2,23.4,7.89,0.52
1979,5,10.2,8.65,0.55
2237,5,12.8,8.73,0.79
3172,1,6.6,6.82,0.69
637,1,9.4,7.66,0.63
2378,2,8.9,6.47,0.74
2320,2,13.4,6.36,0.87
1703,4,9.9,7.31,0.59
2351,6,14.9,9.94,0.57
2453,1,9.3,7.5,0.84
832,2,18.5,5.77,0.78
3024,2,15.6,7.79,0.73
708,1,14.3,6.61,0.53
1005,5,22.5,8.88,0.63
1616,2,10.8,7.43,0.87
3147,7,18.1,11.82,0.39
1584,2,9.3,7.03,0.66
1777,4,15.8,9.26,0.63
2802,2,19.2,6.8,0.71
1589,4,1.6,8.16,0.75
975,4,18.0,9.82,0.51
1507,2,18.8,5.88,0.45
2759,1,15.7,8.15,0.65
1849,2,3.7,6.43,0.71
3151,4,5.2,9.02,0.64
2316,3,13.6,7.1,0.78
1348,4,5.5,6.31,0.74
1835,1,0.0,6.09,0.53
1202,1,12.7,6.24,0.79
1332,0,16.0,5.1,0.6
2513,1,15.7,7.19,0.84
2402,4,10.6,10.1,0.73
1363,2,9.5,6.07,0.51
2898,3,7.9,9.72,0.62
2569,3,6.2,7.49,0.83
3117,2,11.9,10.79,0.66
3083,2,13.3,8.72,0.67
764,7,9.8,10.58,0.78
1023,1,1.9,5.92,0.8
1097,5,15.0,7.34,0.68
1139,2,17.1,6.94,0.61
2026,2,8.6,7.22,0.54
1403,2,17.8,7.26,0.79
3250,2,11.6,8.77,0.53
3133,5,11.9,9.68,0.68
1795,5,12.8,9.36,0.69
3168,6,13.1,10.44,0.46
2841,4,11.8,7.57,0.49
1484,6,21.0,8.73,0.59
500,1,1.7,5.17,0.51
1647,2,5.5,8.39,1.0
1348,6,12.4,7.94,0.79
1944,1,8.3,8.6,0.92
1862,2,7.1,8.81,0.69
1844,3,12.0,8.72,0.51
2166,4,14.0,8.89,0.37
951,2,13.2,7.73,0.46
2087,2,16.1,10.63,0.84
1492,3,15.2,7.91,0.87
1939,4,21.3,7.04,0.43
2470,4,19.0,9.11,0.73
942,2,22.8,7.94,1.0
1603,1,16.8,9.32,0.75
1717,3,4.4,9.21,0.58
1440,1,11.8,7.02,0.7
2429,3,17.4,7.86,0.67
1295,1,6.0,8.8,0.68
1411,4,8.4,7.88,0.57
1303,1,6.6,6.07,0.42
2564,3,12.9,10.27,0.68
1455,4,20.3,8.06,0.77
2122,3,19.7,8.42,0.79
3182,6,13.4,10.36,0.31
1747,2,6.9,5.39,0.79
2578,1,12.3,7.21,0.75
2969,0,4.1,7.54,0.64
2519,5,6.3,9.79,0.6
1788,2,9.4,9.15,0.59
2249,2,2.0,7.55,0.81
898,0,13.3,7.12,0.74
1253,5,13.7,11.12,0.69
1376,2,7.4,8.25,0.78
3368,2,14.2,7.95,0.54
1231,2,10.5,6.71,0.54
1220,3,3.5,8.68,0.56
2191,1,2.1,6.42,0.94
1899,2,11.1,7.62,0.73
2560,3,13.4,7.99,0.72
2269,4,20.8,8.58,0.67
833,0,8.6,6.58,0.93
1234,2,5.7,8.37,0.7
2755,3,7.2,8.65,0.6
1657,2,7.3,8.42,0.64
2631,4,15.4,7.07,0.77
1695,2,12.8,10.04,1.0
1122,1,5.6,9.03,0.68
1587,2,18.3,7.64,0.67
1122,1,15.7,6.28,0.68
1404,0,11.8,7.67,0.68
1940,3,9.0,8.22,0.85
2158,2,1.1,5.33,0.82
686,1,4.6,5.74,0.74
1787,0,8.6,6.5,0.89
1389,1,5.6,8.31,0.87
1346,0,7.9,8.66,0.72
1892,2,9.4,8.64,0.62
1414,2,11.0,7.12,0.33
2767,1,5.0,7.35,0.97
2631,4,19.8,10.6,0.51
2627,4,20.2,11.32,0.7
1453,2,14.6,8.09,0.96
1126,2,14.6,8.3,0.55
1857,4,20.3,8.99,0.68
1694,4,4.6,9.57,0.72
1373,2,0.0,7.18,0.8
976,2,14.1,7.37,0.72
1770,3,20.5,9.62,0.53
1517,1,7.7,5.65,0.88
2281,3,12.5,9.16,0.52
2265,2,8.1,8.05,0.86
2570,5,14.8,9.11,0.68
918,2,12.6,7.47,0.6
2080,1,16.0,7.86,0.64
1290,3,18.3,6.92,0.47
945,1,9.8,4.99,0.75
1499,1,5.7,7.19,0.44
2548,1,7.9,7.84,0.52
1539,4,12.1,7.39,0.81
2895,4,19.8,7.33,0.62
2184,4,12.4,9.56,0.79
1524,5,18.7,8.56,0.48
2612,2,18.8,8.13,0.78
2111,4,13.9,8.84,0.6
1147,1,11.9,4.1,0.57
3101,4,11.1,9.66,0.54
1981,1,12.2,7.2,0.64
1813,1,13.0,6.74,0.85
1201,2,12.5,8.28,0.73
2625,3,5.0,9.1,0.98
2162,3,15.9,8.69,0.75
2240,7,24.6,10.46,0.4
1444,5,13.9,11.45,0.37
2383,2,3.0,6.93,0.97
2438,7,21.3,10.77,0.45
1331,3,23.7,8.98,0.66
808,0,10.4,6.29,0.56
2206,5,2.8,8.65,0.58
698,4,21.4,7.2,0.78
1906,3,8.0,7.69,1.0
1486,3,12.3,8.29,0.49
2653,3,16.9,9.34,0.6
1525,1,15.3,6.2,0.69
2575,2,13.3,8.9,1.0
1440,5,17.0,9.79,0.41
2499,4,15.4,7.7,0.73
3242,4,8.2,9.97,0.33
1052,2,6.7,6.39,0.45
2004,1,12.6,7.71,0.75
1846,4,11.1,9.52,0.68
1843,2,8.8,4.22,0.82
2351,1,7.7,7.45,0.84
1828,6,12.6,8.32,0.54
604,3,15.2,7.93,0.56
2592,2,12.4,8.72,0.65
500,4,6.8,7.27,0.6
1508,1,6.5,5.7,0.58
1550,1,7.6,6.93,0.58
1314,2,5.5,6.21,0.82
2415,4,11.8,8.0,0.64
1204,3,3.3,7.35,0.7
944,3,9.9,6.36,0.67
1992,3,15.0,7.72,0.7
1671,2,11.8,6.55,0.6
929,2,6.7,7.81,0.92
2245,2,10.1,8.97,0.84
2125,7,18.4,11.99,0.45
1548,1,4.8,9.07,0.68
1596,3,10.2,6.75,0.73
2129,2,18.0,7.52,0.64
2633,3,15.2,6.52,0.58
1602,2,11.6,8.1,0.78
2258,2,11.8,9.73,0.69
2195,0,7.9,6.05,0.74
2415,4,17.9,10.23,0.62
1827,3,5.2,7.47,0.43
1161,2,11.5,9.09,0.98
1476,3,7.5,7.32,0.55
2039,3,6.4,8.25,0.54
3072,2,10.1,7.75,0.4
1461,0,3.6,7.6,0.67
2363,5,22.1,10.51,0.74
1570,5,14.6,8.36,0.53
1877,3,5.7,7.41,0.48
2860,4,9.2,8.93,0.7
2335,0,13.2,10.45,0.71
931,1,12.4,7.55,0.6
1399,3,15.0,8.52,0.52
2679,5,21.1,8.17,0.61
1899,6,17.2,7.84,0.42
995,2,14.8,7.34,0.68
1226,4,18.8,9.79,0.54
2292,4,18.7,11.67,0.77
2496,4,16.6,7.98,0.78
1812,1,6.0,5.81,0.66
3532,3,7.4,8.49,0.53
2376,2,8.6,6.74,0.62
1629,1,7.6,8.47,0.78
1229,1,9.7,7.41,0.63
1117,0,6.5,5.95,0.67
2034,1,2.9,6.82,0.87
1457,1,10.2,8.41,0.87
2971,0,4.8,8.07,0.88
2826,2,8.7,8.98,0.48
2243,1,14.1,9.16,0.43
974,0,9.8,6.12,0.69
1329,4,9.8,7.71,0.63
2678,0,10.7,6.86,0.63
1405,2,10.5,5.24,0.95
2585,4,10.3,8.6,0.64
2132,2,3.3,8.22,0.72
1836,0,9.9,5.26,0.73
1308,2,10.7,8.01,0.75
1734,1,0.0,8.13,0.93
1932,1,12.5,8.34,0.48
2522,4,12.6,7.5,0.8
1179,1,13.1,7.6,0.79
1616,6,14.2,10.3,0.65
1831,5,17.4,9.04,0.8
2263,1,7.9,6.2,0.75
1164,5,18.9,9.41,0.29
878,3,10.1,6.52,0.92
2271,3,9.1,9.61,0.55
737,3,15.7,9.16,0.52
1690,1,11.4,8.18,0.84
716,3,11.6,7.35,0.72
1463,4,15.9,10.07,0.47
2065,2,17.0,7.39,0.68
1427,3,17.3,7.26,0.86
1814,6,24.1,9.15,0.28
2318,4,18.8,10.67,0.82
1658,0,7.1,7.12,0.82
1144,4,17.3,5.44,0.51
1590,2,4.5,9.47,1.0
2790,4,16.7,9.62,0.44
2979,4,7.1,7.68,0.49
500,1,17.7,6.65,0.6
2563,2,2.6,8.19,0.42
1975,2,2.6,7.2,0.79
2446,1,7.6,6.48,0.6
1414,1,9.9,7.09,0.59
562,3,8.1,6.74,0.61
2209,3,10.7,7.16,0.69
1141,0,6.2,5.08,0.74
828,3,7.1,7.1,0.58
2220,1,20.7,7.68,0.64
1897,4,10.7,9.96,0.61
2347,3,11.6,8.4,0.85
2268,2,4.5,6.72,0.59
1505,4,20.2,7.28,0.49
1750,1,6.1,4.87,0.66
1441,3,20.0,6.49,0.7
1652,2,8.1,5.92,0.82
1122,1,11.7,7.07,0.72
2073,2,13.5,8.23,0.37
2552,4,14.2,8.87,0.6
1228,2,1.0,5.52,0.81
2696,2,2.6,7.13,0.77
1879,3,16.1,7.84,0.54
1968,3,13.5,5.88,0.5
610,3,9.7,8.34,0.67
534,2,19.4,5.97,0.64
1900,3,17.5,11.01,0.58
2352,3,10.9,8.95,1.0
1330,3,5.6,6.56,0.74
2969,3,11.2,10.02,0.44
2314,3,17.0,8.8,0.83
1164,4,10.4,7.27,0.69
1821,3,11.6,9.76,0.81
3533,2,8.1,8.87,0.63
930,0,2.8,4.82,0.83
2169,3,3.5,9.84,0.73
1574,2,15.1,7.21,0.64
2294,3,7.2,8.24,0.6
2687,0,7.2,7.94,0.78
1529,2,12.8,7.47,0.87
2583,4,22.1,10.23,0.6
3354,5,12.0,9.49,0.94
1846,2,22.3,6.74,0.78
2349,2,1.5,7.68,0.95
1386,3,21.6,9.14,0.62
1813,4,17.1,9.48,0.55
1676,4,7.2,9.81,0.61
2357,3,10.4,6.97,0.78
2643,6,20.3,9.12,0.49
1723,1,7.7,8.6,0.54
2873,4,15.8,10.69,0.76
2871,5,5.4,6.65,0.4
2392,3,12.8,9.09,0.51
1438,1,6.8,9.31,0.74
1371,1,3.3,6.42,0.67
1231,3,9.6,6.62,0.78
2464,1,6.6,6.71,0.66
951,2,9.0,4.69,0.96
2273,7,19.6,11.21,0.55
1043,6,11.4,8.55,0.6
2376,2,6.5,6.75,0.96
1812,2,7.4,8.28,0.87
2733,2,7.5,8.96,0.85
2599,0,14.4,6.11,0.93
2804,4,15.4,7.85,0.66
2822,1,9.0,9.29,0.61
1900,1,1.9,6.87,0.58
988,2,14.3,7.52,0.48
1063,2,10.2,9.19,0.7
500,3,4.5,6.53,0.64
1041,2,7.9,8.39,0.56
1848,4,15.0,10.41,0.4
1673,2,11.9,6.63,0.57
2144,3,13.1,9.02,0.47
1587,3,9.1,6.11,0.48
1014,3,13.9,6.2,0.79
1762,0,12.0,8.79,0.6
1171,1,7.2,7.08,0.64
1610,3,8.5,8.12,0.66
2739,2,11.1,7.66,0.68
1610,3,11.0,7.9,0.57
3039,2,12.0,9.79,0.67
2802,3,22.3,8.46,0.64
1394,1,17.1,6.49,0.67
1022,0,8.5,7.96,0.83
1763,0,0.7,5.35,0.65
2607,1,6.9,6.82,0.73
1456,2,15.1,8.97,0.78
2435,6,16.9,10.69,0.41
2645,4,1.8,9.25,0.61
1258,1,7.0,6.16,0.64
1326,4,17.1,7.72,0.92
2298,3,9.9,8.28,0.65
1906,6,12.3,9.38,0.54
1319,2,10.6,6.13,0.86
1553,4,6.5,8.53,0.49
704,1,1.6,6.48,0.69
2335,5,5.5,6.73,0.7
1464,1,16.1,9.22,0.67
500,3,18.6,8.02,0.51
1783,3,14.7,5.12,0.59
1280,1,11.0,7.58,0.57
2982,2,1.7,9.17,0.64
1390,3,13.5,5.36,0.69
1031,3,4.3,9.37,0.49
2155,6,5.8,10.25,0.54
1337,3,0.9,8.22,0.77
1254,5,8.1,8.18,0.77
2156,4,8.2,8.12,0.78
1071,2,12.9,6.39,0.37
779,3,8.5,9.07,0.81
3008,4,11.6,10.24,0.82
2205,2,12.9,6.66,0.69
1615,4,0.4,7.81,0.54
1797,4,8.0,10.36,0.3
2154,7,15.9,9.95,0.6
2481,1,3.8,7.48,0.67
1270,1,13.9,5.14,0.41
2056,3,6.6,9.52,0.76
1445,2,12.9,6.03,0.6
1667,1,11.2,6.37,0.78
1912,2,9.6,8.75,0.68
1795,0,14.2,7.11,0.8
2314,2,10.1,6.91,0.47
2140,2,12.2,7.01,0.64
744,2,14.2,7.21,0.31
849,2,10.8,5.6,0.74
1541,3,11.5,8.18,0.96
3080,2,9.7,8.18,0.93
1203,4,15.6,10.34,0.59
1654,3,14.4,6.41,0.6
1424,2,7.6,8.0,0.52
1412,1,14.7,7.97,0.62
1924,3,18.6,8.56,0.82
2780,2,7.6,7.56,0.79
2119,1,12.3,9.18,0.68
1237,2,20.2,7.65,0.74
1855,3,11.6,7.11,0.57
1395,3,2.4,5.55,0.68
2788,1,12.0,9.18,0.56
1471,2,3.5,8.06,0.7
2964,4,11.8,8.99,0.75
1190,2,9.4,6.36,0.52
2801,3,7.2,9.75,0.59
1940,2,18.6,10.72,0.52
2703,2,8.4,8.25,0.7
3131,2,14.9,11.86,0.41
1007,2,4.3,6.72,0.63
2693,2,7.4,6.94,0.77
813,1,4.0,7.42,0.4
1066,3,1.9,7.01,0.77
1237,2,7.5,8.31,1.0
2152,4,18.7,10.45,0.59
1823,3,13.8,8.45,0.65
1683,4,14.1,6.42,0.39
1902,5,19.2,8.5,0.53
2213,3,20.3,9.57,0.72
2267,2,4.2,6.96,0.76
2565,3,1.4,9.09,0.63
3074,1,6.2,8.1,0.67
1785,0,18.8,5.7,0.63
1435,4,12.7,8.01,0.58
2229,1,10.7,8.04,0.67
999,2,8.9,7.47,0.6
2499,4,13.6,8.77,0.52
1713,3,11.9,7.29,0.59
954,1,9.0,7.45,0.73
757,3,12.3,8.97,0.63
1834,3,6.4,10.74,0.75
2599,2,8.4,7.2,0.94
2589,2,9.4,7.96,1.0
1877,5,12.2,5.35,0.8
3206,4,24.1,9.47,0.43
1726,4,14.1,7.54,0.67
1703,4,13.9,9.59,0.72
500,2,6.8,4.53,0.83
1486,2,6.4,7.66,0.68
2396,3,10.5,8.26,0.46
2894,4,7.9,9.42,0.38
1218,3,5.3,7.95,0.59
2123,1,3.3,6.83,0.86
2532,2,19.1,8.19,0.74
1807,2,3.2,9.32,0.49
500,4,16.5,9.19,0.78
1973,3,13.8,8.4,0.84
2333,4,17.5,9.67,0.38
1136,2,20.5,9.48,0.68
1622,3,15.3,8.75,0.77
991,1,9.3,4.96,0.51
500,5,9.5,9.95,0.71
2518,7,17.3,11.75,0.53
1797,4,17.8,9.81,0.77
2918,2,14.9,8.28,0.69
2400,4,4.4,9.06,0.9
1552,0,13.9,8.71,0.71
1741,2,10.0,7.34,0.69
2196,1,17.1,7.63,0.57
2476,2,14.9,9.03,0.74
2025,0,18.3,7.55,0.84
2573,3,10.5,10.56,0.83
1592,1,14.0,7.48,0.81
1101,1,9.4,9.4,0.78
1754,3,13.5,7.67,0.36
1943,2,2.6,6.4,0.8
958,1,13.7,7.47,0.54
864,3,0.4,5.83,0.58
2113,5,11.8,9.41,0.38
1515,2,10.7,7.61,0.66
1683,2,14.9,8.69,0.81
1548,3,14.3,6.3,0.89
2864,4,14.7,11.45,0.54
2683,1,3.9,8.31,0.65
933,2,11.3,6.54,0.58
1427,0,11.6,7.59,0.84
2395,2,7.2,7.58,0.52
2221,3,6.8,8.43,0.44
1770,2,11.4,9.17,0.89
1322,6,10.2,10.14,0.58
1438,3,13.9,6.95,0.48
1993,4,23.1,11.79,0.79
2992,3,15.2,8.31,0.77
1319,1,6.8,6.84,0.68
1081,3,0.0,8.16,0.33
1723,2,14.1,6.06,0.57
2522,2,13.3,8.06,0.67
787,3,3.7,7.11,0.76
2817,2,7.4,6.87,0.79
1679,1,6.7,8.76,0.81
679,1,0.6,5.87,0.64
2294,5,19.8,11.21,0.5
1680,2,11.8,9.79,0.65
1919,2,16.9,5.48,0.7
1169,3,3.7,7.65,0.88
1576,3,13.5,6.94,0.6
1459,3,16.1,9.39,0.71
1729,2,10.4,7.07,0.85
1331,3,6.7,9.59,0.46
726,5,14.7,8.48,0.63
845,1,9.7,6.78,0.55
1927,3,11.9,8.27,0.84
559,1,13.5,6.06,0.77
500,0,7.4,6.59,0.94
1868,3,11.9,6.59,0.84
1922,3,19.8,8.68,0.7
2683,7,8.4,11.81,0.46
2079,2,13.8,8.21,0.8
1695,0,8.2,7.37,0.35
1135,6,9.3,7.7,0.42
2849,5,13.9,10.42,0.58
2450,3,23.1,11.26,0.7
927,0,9.2,8.33,1.0
1826,4,20.0,8.96,0.78
1900,2,13.9,9.8,1.0
1558,6,12.2,8.2,0.53
2340,1,10.0,9.39,0.58
2382,3,13.8,11.89,0.59
1666,2,10.5,7.73,0.68
1603,1,16.9,8.48,0.46
2849,4,11.3,7.96,0.63
2452,5,16.5,8.88,0.62
1850,3,11.0,7.78,0.36
659,4,18.8,9.23,0.63
2040,2,8.2,9.51,0.46
2288,3,9.1,9.76,0.62
500,4,14.8,9.15,0.71
1976,1,11.6,8.54,0.46
1508,5,18.0,8.74,0.53
1645,3,9.0,7.52,0.82
1164,2,7.0,8.94,0.76
1696,2,18.9,7.33,0.71
2774,3,16.0,8.42,0.72
1487,1,2.0,8.02,0.54
2475,2,4.9,6.3,0.57
1235,4,8.4,9.66,0.61
2331,6,20.9,7.75,0.5
1801,5,14.5,8.95,0.69
2046,3,7.2,6.77,0.75
1805,3,13.8,9.34,0.61
2249,6,21.8,8.0,0.73
500,2,15.3,5.63,0.54
806,4,16.4,9.61,0.69
2091,3,2.9,8.63,0.89
500,0,5.7,4.34,0.94
1428,1,12.2,8.22,0.48
1761,3,5.9,8.96,0.82
1220,2,16.6,7.05,0.5
1315,2,8.1,7.83,0.33
1990,2,9.3,7.36,0.76
2506,4,20.5,9.49,0.77
1129,2,6.3,6.06,0.49
1397,2,9.3,8.59,0.91
1288,3,3.6,8.07,0.62
500,3,16.4,8.47,0.53
2454,1,1.4,6.04,0.83
2511,1,0.0,7.1,0.85
1190,3,15.3,6.79,0.55
923,2,6.4,6.17,0.74
1815,1,8.0,7.81,0.74
2380,4,19.1,9.63,0.44
1908,1,6.5,7.8,0.56
2002,3,8.8,5.23,0.74
2599,4,3.1,8.74,0.56
1282,2,18.2,7.17,0.76
1646,4,11.4,11.05,0.79
2944,0,2.6,6.46,0.78
1662,3,9.4,8.37,0.81
912,0,0.0,5.81,0.8
1331,1,0.2,5.89,0.92
1143,0,6.2,4.33,0.87
2050,4,12.1,7.98,0.79
1172,1,13.4,8.85,0.7
1989,2,14.1,8.34,0.61
1284,4,12.3,7.61,0.68
500,2,13.7,6.24,0.61
2014,1,7.7,6.57,0.94
1903,4,7.3,6.83,0.69
2162,2,14.7,7.2,0.79
1328,1,0.0,6.7,0.71
1254,1,6.8,6.36,0.81
2081,2,4.9,7.78,0.28
2863,2,15.8,9.94,0.87
1807,4,13.9,9.18,0.24
2097,2,0.6,7.83,0.57
1574,1,12.0,7.34,0.73
719,3,11.9,9.56,0.74
2477,1,4.7,6.19,0.98
2435,0,4.8,7.42,0.74
2297,4,15.9,8.31,0.73
1672,1,13.6,7.79,0.59
2217,4,11.0,8.16,0.82
2425,6,17.9,10.53,0.55
2934,5,9.7,9.52,0.5
2491,1,17.7,9.64,0.75
1844,3,22.0,7.94,0.67
884,3,4.5,6.14,0.81
1908,5,21.1,9.92,0.92
1979,4,19.5,8.67,0.54
2747,2,0.0,6.13,0.94
1733,1,15.2,8.72,0.87
3270,2,11.1,7.58,0.79
568,4,14.6,10.6,0.66
2093,2,8.9,9.06,0.84
1241,4,10.5,8.2,0.52
500,6,11.3,7.53,0.69
1658,3,11.6,6.29,0.57
779,0,6.2,7.62,1.0
1687,1,15.5,8.3,0.64
1824,1,14.9,8.6,0.52
2582,2,9.4,5.94,0.8
744,0,4.7,7.17,0.88
2435,3,14.6,6.69,0.7
1868,1,16.5,7.51,0.64
2520,3,2.6,7.2,0.53
1497,1,5.4,6.37,1.0
867,5,9.7,6.46,0.57
947,2,23.0,7.92,0.51
895,3,13.8,8.19,0.49
2134,7,18.5,9.8,0.61
2833,4,12.2,9.87,0.69
1404,3,9.3,5.37,0.48
2240,3,6.8,8.51,0.56
733,3,14.6,8.97,0.74
1926,2,17.0,8.25,0.84
2267,1,7.5,7.9,0.84
786,2,7.4,5.36,0.66
1657,4,0.0,6.26,0.65
2301,5,11.7,7.54,0.64
500,2,6.6,8.77,0.66
2734,3,8.5,7.46,0.74
2047,6,14.7,9.06,0.6
2301,2,8.2,7.3,0.88
1511,4,13.6,9.15,0.61
594,3,14.6,7.34,0.49
2173,3,3.4,8.09,0.56
1742,0,8.0,6.87,0.78
1822,5,9.8,9.18,0.42
2561,0,2.1,7.67,0.76
2333,3,12.7,8.23,0.73
3144,3,9.0,10.12,0.66
1907,1,11.0,7.04,0.53
1668,4,18.0,9.9,0.76
2090,3,9.1,6.25,0.59
2511,2,12.7,10.46,0.74
773,3,10.9,10.05,0.57
1805,6,12.7,7.93,0.52
2926,5,16.7,8.49,0.65
1631,3,12.7,10.34,0.54
2451,0,1.3,7.39,0.98
2145,2,9.1,8.03,0.77
2469,1,14.0,11.02,0.63
1233,2,14.1,7.35,0.57
1236,2,16.3,9.16,0.84
1814,2,4.0,8.63,1.0
727,1,9.7,6.82,0.66
1611,1,11.7,7.59,0.28
1977,3,5.5,5.92,0.63
3049,2,10.9,8.53,0.84
2081,7,21.7,10.6,0.44
2237,6,11.4,9.69,0.64
2615,3,11.2,7.4,0.5
1124,2,0.0,6.54,0.86
1684,5,7.6,8.68,0.56
3497,4,18.9,9.71,0.7
1744,3,7.4,10.04,0.79
2581,2,14.0,8.85,0.78
2474,2,17.2,6.91,0.86
765,4,10.4,5.76,0.65
2017,0,3.7,7.17,0.65
1902,4,20.7,9.8,0.62
2030,5,13.7,11.71,0.26
1272,1,11.7,8.38,0.9
1018,4,10.6,8.51,0.68
1466,2,12.8,7.64,0.91
1731,3,17.7,8.96,0.65
2629,1,3.9,8.75,0.89
3072,4,16.1,8.99,0.62
2777,4,17.6,9.38,0.67
2402,6,9.8,7.07,0.55
1096,5,13.8,6.27,0.61
1513,3,8.1,8.52,0.57
1946,7,6.2,8.87,0.88
1357,2,9.5,7.8,0.76
2204,4,16.1,10.95,0.97
2304,2,9.9,9.01,0.74
2175,5,12.5,8.38,0.58
2517,3,13.7,5.72,0.7
1166,1,9.5,7.53,0.8
2452,3,14.2,8.17,0.91
1313,4,12.5,8.19,0.52
1141,0,3.7,4.61,1.0
2172,3,14.1,10.95,0.46
2651,3,11.0,7.99,0.42
2141,6,20.2,7.72,0.69
1814,4,16.3,7.35,0.6
2017,3,6.7,8.01,0.59
1895,4,20.9,8.82,0.51
1011,1,8.7,5.55,0.83
930,4,7.1,7.55,0.51
1744,4,9.8,7.65,0.63
1855,0,7.1,7.21,0.71
1807,4,17.5,9.06,0.45
2273,2,0.0,9.03,0.81
1649,0,0.4,5.21,0.38
2194,2,5.7,5.03,0.66
1698,4,20.7,7.75,0.93
3076,2,15.3,11.7,0.65
1856,3,7.5,9.65,0.84
3438,2,6.9,10.36,0.44
2046,4,17.3,8.54,0.63
1650,5,15.2,9.57,0.47
1170,3,10.4,6.17,0.4
789,4,9.8,6.59,0.76
1105,3,9.2,7.16,0.63
1184,4,11.5,9.65,0.65
2076,6,23.8,11.7,0.34
1431,5,22.7,9.44,0.49
1930,2,14.9,8.47,0.79
2697,7,16.0,10.59,0.35
3255,5,22.4,9.79,0.85
976,1,9.6,7.83,0.45
1694,5,7.4,7.74,0.61
1422,3,19.4,11.42,0.88
2455,1,13.7,7.58,0.68
500,1,3.4,4.41,0.56
789,2,15.2,7.23,0.54
1724,0,21.0,9.04,0.91
2885,3,15.8,7.58,0.73
1958,1,6.9,7.87,0.66
853,1,13.5,8.63,0.89
961,3,13.8,8.58,0.61
2971,1,4.5,8.65,0.68
1365,3,20.1,9.13,0.64
1139,1,8.0,6.58,0.78
2834,3,6.0,6.98,0.41
2507,2,10.5,8.94,0.97
2691,7,17.5,10.89,0.57
1134,1,12.7,7.38,0.77
732,1,8.9,8.38,0.67
1893,6,12.8,8.31,0.83
2034,1,11.2,6.96,0.84
2055,7,15.0,10.42,0.64
2834,6,2.3,11.04,0.42
586,2,1.7,8.22,0.78
2401,1,7.9,8.27,0.52
1032,3,11.1,8.55,0.76
2399,1,11.4,8.26,0.73
1467,4,4.2,7.52,0.62
1230,1,7.2,7.17,0.51
1373,3,10.8,5.58,0.57
788,1,10.7,4.83,0.65
1828,3,18.9,11.51,0.86
1259,3,12.7,8.14,0.75
2350,1,2.5,9.03,0.53
2248,3,16.9,6.59,0.81
2981,1,15.6,8.18,0.72
2056,4,7.8,9.6,0.61
2164,3,13.7,6.65,0.55
2780,4,24.6,7.96,0.63
1360,3,18.2,6.84,0.62
758,2,7.6,8.84,0.87
1940,1,19.0,6.93,0.61
804,1,8.7,7.08,0.71
3517,4,15.7,9.19,0.52
3314,2,12.3,7.65,0.48
1843,6,22.2,8.94,0.4
2185,1,9.9,6.92,0.84
1478,4,8.1,8.12,0.54
2418,3,5.0,8.44,0.76
949,1,0.0,4.16,0.95
500,3,11.5,8.45,0.85
1246,5,16.2,7.52,0.51
781,1,3.6,5.03,0.45
2834,1,8.6,7.85,0.69
3070,1,11.8,8.43,0.57
817,3,7.5,7.92,0.58
2704,2,10.2,8.09,0.99
2465,0,8.2,4.66,0.47
701,2,0.0,6.48,0.7
1526,2,1.7,6.42,0.65
1393,4,19.2,5.91,0.7
2323,4,11.2,7.53,0.34
939,2,9.8,8.23,0.61
1730,3,11.1,7.57,0.59
1319,0,0.8,7.35,0.89
2131,2,12.3,7.48,0.72
1648,2,12.6,7.52,0.63
1425,2,1.9,8.6,0.47
1650,3,13.9,8.65,1.0
3225,3,10.6,8.88,0.59
1508,2,10.2,7.63,0.55
1071,2,12.8,6.62,0.63
2208,2,12.1,9.16,0.69
1699,1,11.0,8.09,0.74
809,3,9.7,9.36,0.52
3362,6,17.0,10.63,0.39
1553,5,14.8,9.27,0.42
1535,2,14.3,8.1,0.47
1911,1,5.0,5.38,0.69
3011,0,10.1,7.85,0.69
624,1,9.6,4.05,0.66
1993,1,8.1,6.74,0.82
3261,3,21.3,10.15,0.62
1890,3,14.6,7.9,0.26
935,1,6.4,4.69,0.63
1367,4,11.8,8.43,0.68
1944,4,9.2,9.46,0.64
2731,2,10.4,6.98,0.66
1562,3,13.7,8.34,0.62
2378,3,20.3,8.14,0.8
795,2,11.6,8.47,0.71
789,3,11.0,10.8,0.61
1462,2,10.1,6.67,0.79
2806,4,16.0,7.16,0.41
1848,3,8.4,8.17,0.62
2002,7,11.9,9.25,0.54
1994,3,10.0,9.5,0.66
2576,5,15.8,8.3,0.58
1372,1,20.5,7.75,0.64
2281,3,4.0,8.47,0.57
1218,0,6.5,6.73,0.41
3188,0,9.9,7.91,0.63
1239,4,20.8,10.2,0.52
1182,1,10.2,8.55,0.9
2184,1,1.3,7.18,0.83
1855,3,5.7,8.93,0.67
2028,2,10.9,10.14,0.48
1959,5,11.3,7.53,0.59
1036,2,15.6,10.69,0.61
2929,6,13.1,10.08,0.45
2425,4,9.9,9.16,0.28
2751,1,9.5,8.58,0.71
1430,2,12.6,9.89,0.57
2091,4,12.9,10.31,0.7
1938,3,9.6,10.22,0.85
2589,2,3.5,9.72,1.0
2612,1,1.0,6.18,0.65
1935,4,11.6,9.62,0.56
737,1,3.5,5.76,0.87
3045,3,13.2,8.66,0.49
2189,4,9.5,6.69,0.78
1374,1,8.5,6.88,0.7
2084,3,15.2,9.0,0.56
742,3,11.8,6.35,0.67
2538,2,12.5,8.77,0.61
770,0,9.5,6.98,0.91
1645,3,8.7,8.35,0.84
1971,2,7.1,7.64,0.59
2527,2,18.0,6.57,0.65
1874,2,13.7,7.42,0.61
2244,4,10.5,8.81,0.64
1780,3,9.7,8.17,0.81
1777,6,21.6,9.81,0.45
1859,0,9.0,7.22,0.65
1667,2,10.1,6.7,0.72
619,0,0.0,6.05,0.75
1262,4,9.2,8.06,0.69
1971,3,16.4,8.77,0.81
1625,3,13.0,9.63,0.71
1690,2,14.7,7.22,0.42
1573,1,10.6,8.81,0.78
1195,3,12.5,10.1,0.57
1454,3,12.3,7.77,0.73
1585,2,12.9,7.9,0.83
1803,3,18.4,9.25,0.72
1673,3,9.0,8.48,0.61
1079,3,17.2,6.01,0.64
821,2,12.5,7.33,0.54
3618,6,7.3,8.95,0.69
1009,3,18.1,7.6,0.7
1436,4,22.3,10.33,0.69
2161,1,18.2,8.45,0.79
2052,3,12.5,9.19,0.52
2164,4,7.9,8.52,0.61
1490,4,7.1,7.93,0.94
1966,1,12.8,8.95,0.56
1842,3,11.6,8.02,0.56
1581,4,10.4,9.52,0.57
1971,3,10.6,9.69,0.58
2538,4,11.0,10.02,0.63
1784,2,7.2,8.42,0.42
1789,0,7.9,5.96,0.78
2547,1,8.1,6.16,0.91
2472,1,12.7,8.31,0.76
2908,5,25.2,11.54,0.77
570,0,0.0,5.82,0.83
2433,2,2.9,7.02,0.58
2221,2,10.7,8.17,0.37
1180,3,10.2,8.68,0.65
1976,2,8.8,10.5,0.73
2535,1,16.3,9.12,0.73
1219,3,7.2,7.11,1.0
2109,4,18.1,9.18,0.75
2409,5,22.1,11.49,0.39
1050,0,10.5,6.17,0.7
1700,2,7.7,7.01,0.77
2010,4,16.1,9.17,0.82
1242,0,13.2,5.9,0.66
1184,3,16.8,8.03,0.53
1705,3,14.0,6.42,0.42
2361,2,0.0,6.55,0.8
2250,3,14.6,8.73,0.73
1197,1,15.0,7.44,0.65
2256,2,15.4,8.04,0.57
1214,2,11.5,8.3,0.65
672,3,12.0,7.98,0.46
1542,5,14.5,8.95,0.47
2586,3,13.3,9.03,0.38
2259,6,19.0,8.32,0.42
1798,4,8.4,5.84,0.66
1508,3,16.8,9.04,0.92
1527,4,9.7,8.58,0.54
1876,5,8.9,8.31,0.7
1052,2,6.6,5.35,0.56
1556,0,6.6,6.45,0.72
1649,4,13.4,9.04,0.68
1213,2,10.2,5.53,0.67
2087,2,14.4,9.09,0.74
1806,6,20.7,9.2,0.51
1162,2,14.8,7.99,0.91
2903,3,21.5,9.67,0.77
1213,2,3.5,5.82,0.64
1976,3,16.3,7.33,0.67
1458,1,7.9,8.06,0.76
1825,4,12.9,8.87,0.63
2120,3,16.0,9.37,0.51
840,3,10.0,7.37,0.51
1795,1,6.9,7.64,0.61
2633,3,7.6,9.6,0.73
3033,2,17.6,8.91,0.75
1708,7,20.3,9.92,0.54
1829,1,0.0,6.5,0.42
3347,5,24.1,11.68,1.0
2594,0,14.3,7.48,0.64
1367,1,0.2,6.56,0.59
1366,1,12.8,7.49,1.0
2469,6,4.6,9.71,0.74
1092,2,10.4,5.97,0.74
2561,3,10.4,8.33,0.3
2034,2,13.5,8.65,0.39
2162,3,18.7,9.74,0.63
1620,3,12.3,7.85,0.41
1359,1,11.4,8.92,0.76
2823,1,10.6,8.56,0.75
1627,1,3.2,7.89,0.67
1512,4,10.1,8.84,0.46
1743,2,19.6,9.4,0.54
1935,3,8.3,8.73,0.62
1078,3,15.9,6.76,0.79
1404,5,8.2,8.48,0.66
1367,6,11.2,9.13,0.47
2391,5,14.5,10.72,0.69
1179,5,15.1,8.65,0.49
570,1,4.4,6.87,0.68
500,3,1.0,5.91,0.52
770,2,17.2,8.08,0.71
2753,3,7.4,9.29,0.77
1811,4,13.9,8.51,0.76
2150,4,10.9,9.85,0.66
1839,2,7.7,6.17,0.75
1747,2,13.7,6.57,0.66
2531,3,14.2,8.45,0.62
1902,3,19.5,7.13,0.82
2779,5,9.8,9.47,0.65
2234,2,8.6,5.67,0.62
1367,1,6.8,7.36,0.64
1452,1,17.5,8.19,0.69
1290,2,5.0,5.24,0.63
2652,1,19.8,7.86,0.77
1516,4,11.1,8.55,0.57
1241,2,11.1,6.71,0.76
2023,4,11.2,9.14,0.82
1731,2,17.1,5.92,0.47
2006,3,4.4,7.22,0.6
3122,6,18.5,11.51,0.38
2439,2,6.2,7.05,0.79
1818,2,4.2,8.52,0.84
814,4,14.7,9.09,0.83
1450,5,16.2,9.25,0.64
2297,3,12.5,8.23,0.7
980,2,19.0,9.3,0.79
3298,3,18.5,7.87,0.82
1810,1,5.4,6.89,0.49
1834,5,19.7,9.38,0.72
1333,1,5.8,5.95,0.52
2147,3,13.5,9.16,0.64
989,4,7.6,7.68,0.67
3315,4,13.4,11.19,0.78
2722,4,8.3,8.98,0.69
2489,1,17.7,6.38,0.81
826,3,5.5,8.36,0.67
2646,5,3.8,5.95,0.41
2215,5,9.4,7.56,0.68
1098,1,15.6,8.79,0.61
1344,2,13.8,7.27,0.8
1483,2,5.4,8.17,0.71
1377,1,10.0,7.76,0.73
500,2,4.7,6.47,0.68
2259,1,10.1,8.28,0.61
895,4,2.0,9.33,0.94
1127,2,7.9,7.12,0.92
500,0,18.1,5.43,0.82
1415,3,8.1,7.22,0.43
2857,6,13.6,11.63,0.63
1985,1,13.0,6.59,0.74
961,2,11.8,8.4,0.77
2512,6,5.7,7.71,0.77
2661,2,4.9,9.3,0.63
1872,4,13.8,8.7,0.56
3224,2,3.0,9.59,0.84
2375,3,19.4,7.07,0.83
2277,2,11.0,7.0,0.72
1237,2,9.5,7.38,0.9
2239,1,14.5,6.56,0.43
1951,4,14.9,8.34,0.7
2163,2,13.5,10.23,0.73
1320,6,6.3,7.44,0.77
1889,2,12.7,8.29,0.53
1228,4,13.9,10.75,0.8
500,1,7.3,6.99,0.63
2498,3,5.3,8.04,0.64
748,1,12.8,6.83,0.6
1875,1,1.6,7.55,0.52
2033,2,15.7,10.52,0.8
2028,1,8.8,6.7,0.65
1601,0,7.5,7.16,0.62
1989,2,7.9,9.61,0.56
2129,5,9.7,10.11,0.58
2314,5,9.6,11.42,0.66
3013,5,6.0,7.5,0.83
1963,5,15.0,8.71,0.31
1844,2,4.8,6.23,0.66
1165,4,13.1,8.62,0.68
2105,3,5.6,8.73,0.6
2267,1,9.1,6.76,0.91
1665,1,10.0,5.85,0.68
2181,2,8.4,6.0,0.68
1595,3,23.4,7.45,0.5
2269,4,6.5,10.28,0.7
2438,4,11.6,7.67,0.61
2429,3,6.1,10.31,0.82
1882,3,11.6,9.42,0.54
1371,1,10.4,6.1,0.78
2216,4,12.6,6.35,0.72
3514,4,20.6,8.83,0.69
1561,1,16.3,6.98,0.99
1410,0,8.9,7.48,0.74
1118,1,9.8,8.16,0.61
1326,3,11.9,7.66,0.47
500,2,4.6,7.96,0.77
2747,2,14.7,10.35,0.81
500,3,19.2,6.89,0.97
1615,4,14.8,10.0,0.79
975,0,0.4,7.04,0.6
1180,1,7.6,6.38,0.46
2763,6,10.9,9.71,0.61
1940,0,6.4,5.59,0.78
1124,1,9.5,5.1,0.72
1387,3,17.8,7.24,0.64
1264,3,2.7,7.52,0.64
1769,3,5.5,7.84,0.55
1921,3,5.7,6.95,0.74
3126,3,6.1,7.16,0.56
500,2,10.1,7.23,0.83
1775,2,13.6,7.26,0.74
1579,1,8.8,4.05,0.56
2462,3,7.3,8.01,0.54
2048,3,14.4,9.25,0.4
2213,0,16.1,7.87,0.99
2041,4,10.8,8.66,0.44
1147,2,15.8,7.83,0.57
2647,3,13.3,9.0,0.69
2358,2,14.2,7.99,1.0
2440,2,18.4,8.88,0.71
2684,6,16.8,9.63,0.5
2092,1,8.3,7.71,0.79
2836,4,11.3,7.64,0.5
2064,1,16.2,8.63,0.43
1646,5,6.3,7.5,1.0
1795,3,11.1,9.08,0.63
1783,5,17.2,10.3,0.56
1436,2,14.0,9.09,0.81
2942,1,0.0,9.44,0.49
2007,3,11.7,8.69,0.72
1866,6,12.3,8.23,0.4
2071,2,16.7,10.2,0.72
1007,2,11.3,7.7,0.71
1208,2,6.9,4.51,0.47
833,2,8.8,6.34,0.55
1637,1,15.3,8.76,0.72
1971,3,21.4,8.23,0.72
1474,2,14.1,9.93,0.71
1422,4,12.4,7.37,0.38
1899,3,8.0,8.27,0.81
1448,4,13.7,7.82,0.73
2017,3,11.0,8.48,0.48
2579,5,10.4,9.43,0.61
2273,1,5.7,7.76,0.59
2416,4,23.4,10.41,0.26
2560,4,19.7,10.47,0.65
1997,3,17.4,8.61,0.9
1688,4,12.8,6.96,0.55
1259,1,10.2,5.69,0.84
1526,5,21.6,8.53,0.7
1433,2,9.4,8.12,0.81
2312,4,6.9,7.54,0.54
2042,2,5.5,6.7,0.78
2287,4,15.1,8.95,0.63
987,4,22.5,9.38,0.67
2802,3,22.5,9.29,0.38
1501,1,14.9,7.05,0.62
1029,3,13.8,6.89,0.68
1492,2,18.5,6.57,0.72
3538,5,15.1,10.96,0.36
1528,1,13.4,5.58,1.0
1665,2,6.9,7.72,0.68
1695,2,7.5,8.24,0.68
1252,3,6.3,6.67,0.59
1900,3,14.4,7.03,0.59
2552,2,14.4,9.66,0.49
2020,2,8.2,5.96,0.81
1022,4,15.4,7.1,0.58
1413,4,17.5,8.94,0.47
1837,1,6.5,5.67,0.95
2731,1,9.1,8.11,0.66
1695,2,12.2,4.27,0.84
1738,2,7.7,7.97,0.62
3044,1,5.7,8.08,0.53
2413,1,14.0,9.59,0.69
3170,0,10.2,7.81,0.87
2142,2,1.9,7.64,0.76
500,1,11.6,6.71,0.75
2382,1,9.8,8.73,1.0
685,1,6.4,7.08,0.68
2116,3,19.0,7.4,0.55
600,1,10.4,5.54,0.51
1473,5,11.4,7.3,0.43
1545,1,7.2,7.23,0.66
1260,0,4.4,6.3,0.78
1555,4,10.9,9.49,0.7
2522,3,9.5,8.98,0.62
1300,4,8.1,7.47,0.82
2181,3,10.5,5.79,0.56
1124,2,9.9,7.14,0.79
2026,3,18.9,9.77,0.61
1102,4,9.8,7.06,0.68
881,4,13.3,9.5,0.98
2144,5,22.0,8.76,0.73
2586,3,11.0,9.06,0.35
1744,2,5.4,8.31,0.82
1479,1,9.4,8.06,0.83
1908,1,12.6,7.48,0.85
1838,4,6.6,6.46,0.8
1970,1,6.9,7.14,0.71
500,0,7.8,4.56,0.75
1051,4,13.4,9.58,0.37
1208,2,6.6,6.67,0.77
1905,4,5.6,8.35,0.55
1930,3,8.7,8.01,0.55
2245,3,12.4,6.1,0.51
1980,4,17.9,8.64,0.39
889,0,0.0,5.85,0.72
2812,2,9.7,10.27,0.93
2690,3,19.8,10.81,0.64
919,2,24.1,7.29,0.59
2032,1,0.0,6.46,0.72
1383,6,17.8,7.76,0.58
1897,3,9.2,7.49,0.77
2537,6,12.1,10.6,0.53
3291,2,14.3,7.57,0.52
2325,0,6.0,6.12,0.69
2006,2,18.9,7.91,0.75
1562,5,14.2,7.45,0.43
1927,4,15.5,9.36,0.5
2751,6,14.2,9.7,0.82
1768,4,22.8,10.06,0.64
1179,4,5.8,8.64,0.76
666,2,10.8,5.82,0.41
2159,4,8.7,9.52,0.69
1973,3,5.4,6.23,0.54
1347,2,7.3,8.24,0.64
2518,2,9.0,7.63,0.54
1504,5,11.8,8.06,0.51
1705,1,10.2,7.62,0.77
1788,3,0.5,8.02,0.86
1554,3,17.4,6.41,0.72
1965,1,19.1,8.04,0.8
2606,3,10.6,9.1,0.59
1000,4,16.6,8.46,0.52
2141,3,12.5,8.92,0.9
1920,3,1.4,8.75,0.72
1907,3,7.0,6.81,0.76
2410,5,7.1,7.86,0.73
1834,3,9.9,8.11,0.76
2136,5,24.3,8.6,0.58
2301,2,6.0,7.09,0.66
1446,6,12.5,10.29,0.44
2009,3,12.9,8.08,0.52
1624,4,10.6,8.35,0.67
1707,3,15.2,10.24,0.43
1574,2,15.2,8.04,0.82
2129,6,18.4,11.23,0.72
1857,4,5.0,9.5,0.66
2076,1,6.7,6.71,0.78
1787,2,8.8,6.79,0.52
677,2,5.6,7.21,0.89
1821,1,10.7,8.37,0.68
1844,1,14.1,6.01,0.87
1969,4,14.3,8.79,0.76
1384,1,4.3,7.01,0.49
963,2,13.3,7.14,0.72
2237,1,12.8,6.45,0.82
1608,3,13.9,8.22,0.66
1919,3,15.6,6.13,0.61
1602,0,8.7,6.7,0.6
1795,2,19.7,9.49,0.5
1485,1,7.6,4.84,0.78
1122,6,7.9,9.04,0.56
2131,3,6.4,8.51,0.98
1377,1,17.6,7.45,0.61
1914,1,14.1,7.67,0.83
2087,2,7.8,7.18,0.59
1389,1,12.1,9.01,0.72
957,4,10.0,8.23,0.43
3498,2,3.7,8.78,0.95
1430,3,14.8,7.47,0.38
2236,4,16.5,8.33,0.7
3157,3,13.8,8.15,0.79
2352,4,8.2,9.28,0.75
1589,2,5.5,7.79,0.94
1753,4,13.8,7.96,0.64
1217,3,9.5,8.27,0.76
2417,4,13.5,8.27,0.68
2196,2,22.9,7.31,0.8
1439,0,16.1,6.54,0.86
1070,3,14.8,6.68,0.46
875,3,15.5,6.75,0.72
2490,0,8.8,6.58,0.89
1884,0,11.1,5.84,0.8
1950,5,7.4,8.27,0.59
1223,2,12.2,8.49,0.97
775,3,10.4,8.7,0.82
2473,1,10.7,7.44,0.69
1829,2,12.7,8.6,0.53
2435,0,2.2,6.59,0.64
1529,5,7.7,7.8,0.58
1634,7,14.5,8.15,0.56
2299,3,11.6,8.8,0.5
2312,3,8.3,9.79,0.5
2358,2,24.8,9.77,0.96
1593,0,13.7,8.17,0.68
2230,4,6.6,7.66,0.83
2576,4,12.6,8.4,0.72
1726,3,11.0,8.97,0.69
1440,4,15.4,8.0,0.83
2739,7,11.4,10.28,0.54
1341,3,10.9,8.58,0.6
2240,3,3.5,8.5,0.93
1759,3,9.2,5.94,0.61
510,7,12.6,11.7,0.63
2590,2,9.4,9.15,0.72
500,3,19.3,6.3,0.6
500,1,13.0,7.43,0.71
2169,4,10.2,7.9,0.87
2168,3,10.4,8.7,0.31
1353,5,10.1,9.65,0.74
1903,0,11.5,5.72,0.67
500,2,4.5,6.57,0.82
2294,4,17.5,10.18,1.0
1768,4,10.0,8.11,0.75
1814,5,12.4,7.3,0.6
2145,0,10.1,6.0,0.82
1779,2,4.1,9.0,0.76
500,4,11.1,8.22,0.64
3337,0,9.4,7.68,0.44
2640,1,2.7,9.45,0.79
900,1,5.4,6.01,0.7
1558,4,12.7,9.31,0.71
1634,2,3.8,6.59,0.86
2555,6,24.3,9.95,0.63
500,3,7.6,7.23,0.62
1450,3,15.5,6.76,0.39
567,1,9.2,5.17,0.59
1600,2,8.2,7.23,0.79
1469,0,12.1,6.28,0.79
1855,0,14.5,8.28,0.89
1376,4,19.3,7.35,0.7
1274,3,19.2,9.29,0.7
2233,0,16.4,7.56,0.7
2118,3,1.9,7.31,0.69
2185,1,16.6,8.13,0.69
1676,2,7.5,7.79,0.7
1399,3,15.3,7.33,0.49
1716,2,9.8,7.76,0.9
2150,6,13.7,9.35,0.53
500,1,13.0,7.2,0.38
2075,3,12.4,9.89,0.51
2016,2,6.6,6.53,0.64
1843,7,22.9,9.71,0.68
1695,1,9.5,7.23,0.81
500,0,7.9,7.48,0.84
1492,3,17.2,7.07,0.28
3052,5,12.8,10.4,0.66
1809,4,8.8,6.34,0.72
1584,2,3.9,8.32,0.42
1811,2,15.1,9.48,0.57
2048,3,7.0,7.86,0.88
2261,2,21.9,8.06,0.71
1639,2,17.5,7.73,0.76
2097,3,15.1,9.39,0.5
2973,4,3.3,6.87,0.88
2504,2,8.1,9.42,0.72
3438,2,9.4,7.7,0.86
1340,0,1.6,8.65,0.64
2973,3,14.0,8.45,0.56
1246,0,5.5,5.33,0.81
2047,3,21.2,8.98,0.86
2312,3,6.9,8.6,0.73
1442,4,22.7,8.65,0.53
1861,2,4.9,5.42,0.55
2437,1,4.9,6.88,0.71
1302,4,18.1,10.48,0.65
2968,3,16.5,11.77,0.66
830,1,7.9,10.08,0.6
3157,0,6.9,7.41,0.6
2500,3,8.3,9.59,0.65
1737,4,10.3,8.36,0.44
1518,1,14.4,7.63,0.8
1445,2,16.6,8.64,0.75
1704,2,16.5,8.73,0.84
1766,1,13.9,7.84,1.0
2678,7,20.7,11.1,0.47
3178,1,12.8,8.49,0.5
1939,2,1.9,8.71,0.6
1208,0,1.7,5.21,0.7
1417,0,4.1,5.82,0.9
1671,4,9.2,7.84,0.56
1078,3,25.0,8.94,0.8
974,2,23.2,8.87,0.61
3267,3,11.0,7.99,0.7
2011,4,5.1,5.88,0.55
1216,5,3.5,10.37,0.28
2371,3,14.7,8.72,0.46
975,4,16.7,9.46,0.43
1032,2,13.9,6.73,0.61
1237,1,11.4,6.88,0.94
2958,1,3.8,7.93,0.75
1622,3,12.8,8.02,0.58
500,0,15.9,5.96,0.81
2647,1,0.0,7.12,0.96
1585,0,1.6,5.35,0.38
505,0,5.6,5.8,0.76
1578,3,16.9,6.81,0.47
2164,4,7.8,8.13,0.83
2082,1,17.3,7.58,0.77
3058,5,16.1,9.73,0.38
1203,3,7.5,6.9,0.66
1832,0,8.3,5.87,0.75
1310,2,12.3,7.34,0.87
720,2,10.9,7.11,0.78
2419,4,17.4,9.26,0.66
2124,6,17.7,9.77,0.58
1998,4,0.6,7.67,0.78
2098,2,13.0,7.28,0.84
1320,3,9.2,9.12,0.56
1096,5,15.4,10.39,0.69
1826,2,12.2,7.9,0.56
2612,2,5.9,8.27,0.84
2925,4,9.2,10.45,0.73
2356,3,12.4,7.63,0.59
1820,1,7.6,5.94,0.77
1988,3,15.7,7.49,0.59
1808,3,19.4,11.31,0.36
1081,2,14.6,7.64,0.89
1817,5,18.6,9.01,0.39
865,3,7.8,9.19,0.45
1713,1,12.2,9.73,0.78
2945,4,22.5,8.81,0.62
2376,3,6.6,6.6,0.61
1153,4,6.3,7.78,0.67
1749,2,12.9,6.96,0.67
1215,2,23.8,8.12,0.52
1756,1,1.7,9.37,0.83
2528,5,9.9,9.41,0.7
2257,1,3.6,6.18,0.74
3538,4,11.9,7.68,0.59
2634,4,24.6,8.97,0.69
1942,0,10.9,6.85,0.77
2274,6,13.0,7.9,0.66
1658,6,15.8,8.28,0.4
1010,3,11.7,5.47,0.41
2714,1,17.6,9.02,0.84
2506,2,0.0,7.67,0.78
1631,2,8.9,8.82,0.69
1991,3,8.1,5.94,0.72
2668,3,12.9,8.95,0.5
2392,5,16.7,9.52,0.5
1970,6,13.6,9.04,0.45
1682,3,18.0,8.5,0.54
2521,5,14.5,6.85,0.53
2723,2,10.5,9.3,0.61
1017,1,15.0,5.65,0.76
1251,2,5.8,9.56,0.69
2579,2,9.9,7.11,0.63
1385,3,1.2,9.27,0.62
734,2,10.9,7.44,0.58
2172,1,14.8,9.01,0.81
1416,3,18.0,10.73,0.69
3052,4,15.7,8.78,0.46
2007,3,15.1,9.8,0.69
1912,3,14.3,7.51,0.82
1541,3,18.1,9.88,0.63
2913,1,20.4,8.55,0.84
2050,2,9.7,8.74,0.85
1514,4,7.5,9.11,0.42
1244,0,3.3,6.64,0.83
1748,2,4.7,8.45,0.61
1115,1,13.1,6.05,0.73
534,1,12.9,7.44,0.71
1702,2,7.0,8.1,0.56
2227,5,18.1,10.34,0.5
2039,2,9.3,8.65,0.52
1297,2,17.5,8.95,0.75
2262,3,11.2,8.75,0.82
1179,3,13.3,8.35,0.49
1784,2,2.4,9.66,0.95
2256,3,10.9,8.81,0.56
2124,3,1.3,6.73,0.64
1327,1,8.6,5.81,0.61
2638,1,5.5,8.12,0.85
1860,2,19.6,8.32,0.72
2320,4,17.3,8.95,0.66
2870,4,11.3,8.79,0.51
2582,3,11.7,8.44,0.69
2584,1,16.1,7.39,0.81
1934,4,2.8,7.08,0.6
2355,3,12.8,8.15,0.7
1949,2,5.3,6.15,0.68
953,5,20.6,8.03,0.72
2011,6,12.8,9.38,0.34
1979,3,12.1,8.1,0.57
2208,1,12.6,7.87,0.6
1710,3,18.5,9.89,0.68
1266,6,18.1,8.73,0.29
2259,2,21.0,9.03,0.47
880,4,9.5,10.22,0.91
2821,5,14.9,7.35,0.53
1638,3,11.8,7.72,0.43
1971,3,2.6,8.69,0.7
2190,3,8.8,9.02,0.92
2213,2,11.2,6.47,0.73
813,2,0.0,6.87,0.65
2376,3,5.7,10.18,0.7
2012,1,9.4,8.34,0.82
1355,2,6.8,7.82,0.64
1275,2,10.3,8.41,0.65
1566,1,19.2,7.64,0.77
890,2,8.0,8.03,0.71
3005,2,9.1,6.91,0.29
2840,4,8.2,9.45,0.74
2116,2,19.5,9.11,0.84
1643,2,8.3,7.4,0.69
1662,1,13.4,6.62,0.85
2330,2,8.5,7.84,0.62
3030,3,12.3,8.85,0.64
1400,2,14.7,7.94,0.63
1017,4,8.2,7.74,0.64
2883,3,11.9,10.86,0.5
549,0,7.9,4.83,0.88
1094,1,5.6,6.38,0.86
1627,2,10.8,8.51,0.93
707,1,19.4,6.17,0.79
2578,4,17.3,9.09,0.61
2399,4,9.2,8.53,0.65
1397,3,15.4,9.61,0.75
2695,5,17.6,10.87,0.6
2814,1,4.4,7.48,0.89
1720,2,10.5,6.96,0.85
1484,4,12.4,8.09,0.31
3381,6,13.2,11.06,0.55
2304,1,15.3,6.55,0.68
1979,5,7.1,9.6,0.38
2754,2,1.1,7.18,0.81
2011,5,20.3,9.65,0.61
1446,1,5.2,7.24,0.67
1856,1,16.0,8.65,0.67
2527,2,8.0,11.12,0.75
500,4,9.8,9.3,0.65
1598,1,13.9,6.22,0.95
2768,1,13.5,9.67,0.98
1441,4,11.3,8.32,0.42
2882,2,15.9,5.52,0.69
2790,0,6.5,8.63,0.68
1754,4,17.3,6.92,0.67
1402,4,13.0,8.3,0.53
1598,2,12.2,7.25,0.93
3665,1,10.3,11.07,0.93
3112,1,2.4,8.46,0.8
1887,2,8.8,7.33,0.61
1374,3,8.7,6.97,0.53
1881,3,18.7,8.55,0.84
1970,3,5.9,6.26,0.49
929,1,11.0,6.66,0.76
1856,0,2.9,4.75,0.73
2725,2,3.9,8.14,0.56
540,4,17.4,8.75,0.63
2378,6,16.4,10.84,0.5
2762,5,12.0,9.84,0.58
1407,3,9.8,7.71,0.47
2985,7,16.8,9.28,0.29
1316,1,13.8,7.41,0.89
2108,5,6.9,9.39,0.61
1585,0,11.3,6.95,0.69
1585,1,13.6,6.38,0.84
1367,1,15.7,7.81,0.72
2289,4,11.7,10.58,0.44
2394,1,5.3,5.57,0.47
1754,6,21.0,10.31,0.53
848,3,18.0,7.43,0.7
2082,2,4.3,6.81,0.66
1648,5,9.7,8.78,0.48
3107,3,17.6,10.32,0.6
705,3,13.2,8.8,0.92
500,3,12.4,6.3,0.83
1288,5,9.2,8.38,0.65
2297,4,16.1,6.58,0.67
1060,2,14.6,7.69,0.73
1113,6,14.0,8.09,0.76
2465,5,8.2,9.71,0.35
2123,2,1.2,9.02,0.79
2063,3,16.1,7.38,0.63
2347,2,4.2,6.81,0.78
1502,4,6.0,6.79,0.66
1534,3,7.3,8.66,0.63
2366,5,16.2,10.75,0.6
858,2,19.9,6.23,0.69
500,4,11.3,5.81,0.53
1496,2,6.3,6.37,0.67
2451,2,13.3,6.5,0.47
1978,1,2.3,5.41,0.63
2400,3,6.4,9.88,0.62
500,1,9.8,7.32,0.68
2020,6,23.3,8.53,0.61
2257,0,12.4,8.6,0.62
854,3,23.5,8.61,0.58
2403,3,8.7,8.75,0.74
1721,1,10.6,5.87,0.91
500,2,10.3,7.23,0.67
2758,5,12.7,6.89,0.54
1524,4,18.5,8.86,0.57
667,3,10.9,6.24,0.59
1431,4,15.1,8.86,0.72
1994,2,7.3,7.93,0.6
2526,4,18.9,10.65,0.72
3005,2,12.9,10.23,0.7
2795,5,17.5,11.04,0.68
1124,0,8.1,4.45,0.6
2591,4,9.9,6.53,0.58
2073,2,12.4,6.07,0.56
1341,2,8.1,6.49,1.0
1651,2,9.1,7.13,0.65
1303,5,16.5,8.32,0.43
1825,2,20.5,9.19,0.56
1289,1,10.3,6.69,0.63
1080,0,7.2,8.1,0.82
2135,2,15.7,7.95,0.69
2240,2,7.9,6.04,0.83
1668,1,11.2,6.22,0.81
2757,2,19.4,11.05,0.88
1617,2,12.5,4.62,0.56
1588,3,17.7,7.29,0.5
2262,0,6.9,6.72,0.82
1707,5,11.9,9.59,0.83
1859,0,8.6,6.52,0.86
500,5,13.4,8.34,0.6
1811,1,9.0,7.02,0.71
520,2,6.9,6.41,0.41
945,2,8.0,7.52,0.75
865,2,8.5,8.13,0.47
1070,2,14.1,6.42,1.0
1415,1,12.4,8.59,0.89
1459,3,9.9,6.48,0.94
2264,3,4.7,9.83,0.57
1955,1,11.0,8.27,0.57
500,2,7.7,5.25,0.85
1858,3,10.2,7.54,0.76
2022,1,4.1,8.85,0.83
1570,3,14.1,8.57,0.83
1757,1,18.7,5.61,0.87
1933,2,6.2,8.01,0.74
2335,4,3.8,7.16,0.66
697,2,0.0,7.72,0.58
1628,2,17.0,8.84,0.59
2855,6,6.9,10.18,0.66
2791,4,22.2,9.84,0.63
2395,6,10.0,8.27,0.66
2175,3,12.3,8.62,0.93
2958,1,13.5,8.62,0.83
3142,5,14.7,10.65,0.57
1709,3,10.9,9.36,0.52
1121,5,10.1,8.07,0.55
1610,2,13.2,7.56,0.55
701,3,12.7,6.82,0.4
1470,1,8.7,7.05,0.56
811,6,14.5,11.26,0.61
1887,2,0.0,7.25,0.5
958,1,11.4,9.27,0.59
1723,2,15.3,7.65,0.84
500,2,7.7,5.13,0.78
2232,2,15.1,6.94,0.61
2655,3,7.4,5.94,1.0
1531,6,20.2,8.71,0.62
1705,4,5.3,8.52,0.51
1685,2,8.0,8.39,0.99
1926,4,15.8,9.9,0.76
1773,2,7.5,7.42,1.0
2337,4,0.0,10.21,0.85
2663,3,16.6,8.34,0.78
1230,3,9.9,7.73,0.56
1583,2,9.3,7.79,0.96
2431,5,17.5,7.99,0.3
804,4,13.9,8.46,0.32
500,1,11.0,6.64,1.0
1958,7,12.5,10.16,0.37
2147,1,19.2,7.89,0.55
1294,1,12.1,8.75,0.54
1394,0,15.0,5.3,0.65
1267,3,8.7,8.53,0.79
1193,2,8.9,6.96,0.71
2285,1,6.9,7.42,0.74
973,2,6.8,5.32,0.63
1614,3,7.7,7.9,0.79
1166,5,19.4,8.96,0.54
781,2,8.3,4.58,1.0
2409,7,19.1,10.58,0.43
1436,1,3.5,7.09,1.0
744,4,19.8,9.51,0.92
1280,3,14.8,7.72,0.91
2329,7,16.1,11.14,0.49
3611,6,12.6,10.42,0.59
500,1,4.7,8.89,0.65
1659,3,13.7,8.17,0.63
2088,2,2.5,8.19,0.88
1368,3,17.7,9.04,0.46
2394,6,22.3,8.31,0.59
1193,3,10.8,7.41,0.49
1907,2,10.1,5.99,0.73
1434,4,15.4,7.49,0.65
2653,2,11.8,8.98,0.72
1326,1,12.6,9.19,0.61
1553,6,11.5,10.28,0.68
2461,2,16.1,7.68,0.8
1080,2,15.6,7.32,0.86
1848,4,17.1,8.78,0.61
524,2,5.4,6.07,0.88
1038,0,1.7,7.69,0.68
2067,3,12.3,6.66,0.47
1106,5,17.8,10.9,0.66
1418,2,8.3,7.82,0.7
2145,2,8.0,7.58,0.59
1394,2,20.4,8.36,0.72
2375,1,8.8,7.39,0.53
1950,4,9.9,8.24,0.65
2104,2,0.0,8.0,0.8
2668,3,17.4,8.2,0.63
2023,4,20.5,9.13,0.49
2877,3,4.3,7.48,0.65
2437,3,5.4,9.02,0.81
1433,3,22.3,9.78,0.64
2705,2,16.2,7.84,0.79
1984,6,8.9,8.49,0.69
1523,3,13.3,8.36,0.52
1994,3,13.2,9.16,0.57
2578,2,5.1,8.62,0.89
2118,1,15.2,8.69,0.83
3075,3,17.6,10.43,0.62
2560,1,2.6,7.34,0.85
2166,5,16.6,8.46,0.81
1081,3,8.3,7.58,0.5
1674,1,7.8,7.87,0.65
1850,3,9.9,9.42,0.58
2287,1,7.6,6.04,0.7
2246,5,20.1,10.34,0.79
1918,2,15.0,6.55,0.89
1884,3,16.9,8.93,0.79
2304,4,14.9,10.33,0.86
1198,1,7.8,7.31,0.44
2986,5,20.3,10.36,0.47
500,6,20.6,7.47,0.56
2818,2,1.8,8.06,0.83
1768,0,13.2,4.7,0.73
2501,1,9.1,6.39,0.76
2054,3,12.0,8.29,0.53
2042,4,8.8,10.21,0.7
2187,5,10.1,8.78,0.63
2366,1,15.6,6.98,0.43
1569,0,1.5,5.29,0.5
2524,3,13.8,8.09,0.72
1040,1,5.5,8.81,0.58
1796,2,14.8,7.34,0.78
2385,3,4.4,7.94,0.96
2496,4,7.9,8.67,0.82
2122,3,9.8,6.87,0.78
1524,0,11.9,7.49,1.0
2427,4,8.5,8.9,0.72
1331,2,12.5,7.08,0.66
3025,5,19.5,11.01,0.53
1740,1,10.0,5.66,0.78
722,5,13.2,7.63,0.5
963,0,11.3,6.56,0.97
1830,2,6.4,5.61,0.78
1897,1,5.5,5.95,0.94
3178,0,1.6,7.43,0.89
1073,2,18.3,8.75,0.68
1827,3,14.5,5.19,0.77
1058,2,3.7,5.24,0.69
1455,3,8.4,8.02,0.49
2978,4,13.8,9.49,0.67
1004,3,11.4,6.49,0.81
2210,0,10.1,9.72,0.89
2075,2,7.5,9.3,0.92
1783,2,15.8,7.82,0.56
2163,1,4.0,7.06,0.78
987,4,19.3,8.95,0.35
2959,3,11.8,9.87,0.71
3147,3,4.5,7.76,0.73
1832,1,9.6,8.47,0.52
3496,4,8.6,8.79,0.38
1520,0,10.8,4.03,0.82
2080,1,16.2,8.88,0.6
2802,2,1.7,8.4,0.61
832,0,7.7,5.67,0.66
671,4,8.6,7.84,0.68
3242,4,17.9,8.08,0.75
1429,4,13.8,9.64,0.43
1669,5,15.5,8.56,0.58
1021,4,16.4,7.87,1.0
2463,2,12.4,7.34,0.8
1252,1,21.5,7.6,0.84
1456,7,23.5,11.44,0.47
2009,2,1.5,5.41,0.76
1055,1,15.4,6.65,0.91
1674,1,8.0,11.68,0.82
2781,2,7.3,7.03,0.75
2099,2,4.5,8.37,0.64
1891,2,17.7,8.98,0.63
1950,6,8.9,8.96,0.5
1527,5,14.2,9.61,0.34
3197,2,16.0,7.22,0.82
1231,2,11.7,9.15,0.93
1947,1,5.0,7.21,0.62
1880,3,10.4,7.43,0.58
2506,6,13.1,11.21,0.49
2572,3,8.4,6.7,0.75
1777,5,19.1,8.76,0.35
2003,2,5.3,11.2,0.79
2029,7,17.5,8.74,0.3
500,0,12.7,5.53,0.79
687,2,4.9,7.47,1.0
1376,1,8.6,5.16,0.79
1406,3,10.1,7.32,0.85
960,1,12.7,6.57,0.64
2324,5,7.0,10.14,0.6
1801,2,18.3,8.4,0.78
1649,1,12.7,9.42,0.57
920,0,0.9,6.94,0.71
1768,0,4.9,6.01,0.61
500,1,12.3,7.6,0.72
1685,1,14.7,7.51,0.5
1844,2,6.6,8.36,0.51
1969,3,8.5,8.02,0.58
705,3,14.5,5.37,0.76
1957,5,11.5,9.24,0.74
1070,1,5.5,7.27,0.86
1231,1,12.8,6.67,0.7
2302,3,12.7,7.58,0.6
3209,1,22.1,9.23,0.58
1835,2,4.5,6.49,0.77
1228,3,3.6,7.28,0.49
1932,1,5.5,8.6,0.95
2457,5,21.8,9.46,0.58
2234,5,15.9,9.96,0.4
1299,4,15.6,6.17,0.57
1976,5,9.9,9.21,0.4
2884,3,13.4,9.77,0.92
2840,5,16.1,9.14,0.66
500,2,15.7,5.88,0.55
1797,4,12.9,9.91,0.47
2839,2,6.9,7.02,0.77
2292,4,16.4,9.02,0.76
1542,2,2.2,9.13,0.79
1093,2,9.0,7.78,0.73
3353,1,16.7,6.95,0.95
2310,5,13.3,11.4,0.74
1206,3,20.3,9.22,0.69
1657,4,19.0,7.74,0.68
2017,2,13.1,8.86,0.46
2180,3,12.1,9.85,0.57
1170,1,15.6,7.5,0.52
1370,2,10.0,6.02,0.72
642,1,2.8,6.08,0.44
2527,6,17.8,9.9,0.75
1560,2,11.3,6.83,1.0
2126,3,14.6,6.38,0.64
2795,3,15.8,7.42,0.57
1953,5,17.1,10.01,0.49
1720,7,14.9,9.19,0.26
1935,2,5.6,6.01,0.79
2672,7,9.7,9.71,0.59
2017,2,2.3,7.67,0.7
1418,3,6.5,8.44,0.66
2533,4,11.1,8.45,0.41
2661,2,18.8,7.7,0.77
863,4,18.5,6.92,0.88
2872,2,9.1,9.69,0.62
1998,2,5.4,7.95,0.88
2504,3,13.5,8.69,0.48
1403,1,12.2,4.53,0.82
2467,2,2.1,8.13,0.87
1536,3,14.1,6.45,0.82
767,2,12.2,7.13,0.46
1101,1,3.8,7.35,0.73
2196,3,20.0,7.85,0.59
1138,3,14.4,7.98,0.46
2927,3,9.2,7.28,0.67
2632,2,10.5,9.34,0.79
2733,3,8.2,9.26,0.71
1887,1,4.8,7.38,1.0
1980,4,10.3,8.44,0.94
964,1,18.6,8.44,0.73
2497,1,2.6,8.23,0.71
2065,5,13.2,9.46,0.58
2197,3,7.3,6.79,0.84
2981,2,9.4,7.32,0.44
1375,4,17.3,7.61,0.66
1711,0,9.6,8.15,0.45
2028,1,10.5,9.92,0.76
1145,1,8.1,6.68,0.74
1668,3,11.0,8.21,0.9
2145,5,16.6,10.36,0.65
1572,1,10.9,6.99,0.82
2716,3,16.1,9.09,0.86
742,1,10.7,5.69,0.8
2585,0,5.9,5.95,0.72
2262,4,19.2,8.66,0.43
1401,0,0.0,7.9,0.65
1152,1,9.6,8.41,0.99
500,1,19.9,6.73,0.65
1243,4,14.2,10.36,0.55
2533,3,16.1,10.25,0.83
1760,2,2.1,5.52,0.64
2614,5,21.2,10.9,0.26
1366,6,24.4,9.54,0.31
2294,3,14.3,9.18,0.55
1297,2,11.0,9.32,0.82
1124,2,6.4,6.54,0.78
1725,4,13.2,7.49,0.55
1334,2,11.6,6.26,0.7
720,4,10.5,6.62,0.68
1672,1,10.8,7.15,0.41
1874,0,12.1,6.66,0.47
2687,7,19.3,11.83,0.55
2455,3,10.0,5.63,0.64
2653,3,13.2,10.23,0.77
2304,3,8.9,10.68,0.32
2032,2,17.2,8.15,0.74
939,3,10.2,9.77,0.51
1904,3,14.7,8.34,0.7
2217,2,3.1,9.39,0.51
2820,2,8.0,6.99,0.85
2280,3,5.5,8.26,0.8
2668,2,11.7,8.64,0.62
1077,3,8.6,6.17,0.38
1571,4,17.3,11.31,0.8
2100,4,18.9,9.11,0.66
2612,5,17.5,9.28,0.92
1698,1,4.8,6.04,0.77
1742,1,10.3,7.28,0.93
2280,5,9.2,8.89,0.66
1011,4,7.3,9.34,0.3
2925,3,6.5,10.23,0.53
1184,5,12.8,9.81,0.41
500,5,11.7,9.28,0.32
1807,4,10.4,8.78,0.66
2988,4,12.2,6.54,0.65
2210,0,16.3,7.99,0.59
2325,0,14.7,7.46,0.8
1828,1,14.7,7.92,0.52
1693,3,9.0,8.52,0.81
718,2,6.0,6.93,0.95
500,3,17.5,9.29,0.93
1937,2,4.7,7.74,0.73
2718,1,6.7,7.18,0.63
2040,1,12.7,7.3,0.66
2236,0,6.3,7.05,0.7
2908,6,20.2,11.3,0.83
2030,4,9.1,7.92,0.75
1714,5,11.8,8.97,0.42
1227,2,2.1,6.34,0.91
3215,1,10.8,8.52,0.64
2168,7,3.6,10.99,0.57
1139,3,5.7,6.26,0.83
980,1,12.5,7.14,0.72
1073,5,12.4,8.54,0.52
3097,3,8.4,8.36,0.53
500,1,4.8,5.42,0.61
2795,0,3.8,6.9,0.72
2140,1,12.6,7.3,0.71
1883,4,3.9,6.32,0.74
1677,2,12.4,6.55,0.69
3123,1,15.2,8.98,0.66
2294,1,7.4,5.74,0.8
1167,0,11.8,6.09,0.77
596,1,10.5,4.54,0.89
1924,4,18.6,7.99,0.74
1799,2,21.4,7.14,0.35
736,4,17.8,8.82,0.64
1761,3,0.0,9.17,0.79
1398,3,2.3,7.82,0.64
1806,1,9.2,7.46,0.79
2308,3,4.3,10.1,0.49
2844,5,15.6,9.5,0.67
2436,1,8.5,5.51,0.93
1294,0,15.4,7.0,0.61
2058,3,15.0,8.32,0.7
1844,4,8.6,7.9,0.5
867,2,13.7,8.26,0.72
2078,2,12.6,7.78,0.44
3099,1,9.1,9.22,0.64
1822,2,7.7,7.02,0.81
684,4,16.8,9.06,0.56
1821,3,11.0,6.0,0.65
950,4,16.8,9.05,0.8
2404,2,9.4,8.1,0.74
2167,2,9.0,8.91,0.79
1680,4,21.0,11.7,0.45
1568,1,14.2,8.66,0.69
1651,1,11.4,5.16,0.66
1805,5,20.5,8.9,0.64
1259,3,9.9,6.66,0.67
828,3,21.5,7.81,0.65
2597,3,17.3,10.92,0.71
1530,3,3.1,5.18,0.88
1916,2,8.1,8.46,0.55
1999,5,10.3,8.78,0.6
2025,3,10.9,7.19,0.55
978,2,16.2,7.86,1.0
626,2,6.2,6.84,0.37
1387,0,8.4,7.33,0.58
2076,1,17.0,6.82,0.55
1290,3,7.8,6.4,0.81
3289,4,11.1,10.3,0.68
508,4,1.7,9.37,0.66
1271,1,4.0,6.77,0.71
3127,1,4.4,8.77,0.71
1768,3,0.4,8.02,0.83
1305,2,8.9,8.04,0.54
2618,3,12.0,8.13,0.77
1838,4,10.2,9.81,0.36
1556,5,13.7,8.52,0.74
1934,1,1.6,4.41,0.57
1339,3,21.7,7.97,0.54
1087,1,7.8,4.88,0.94
1720,0,12.0,9.61,0.5
1092,4,17.9,9.78,0.78
1807,1,7.1,7.27,0.68
2048,3,10.9,7.67,0.81
2397,1,13.6,9.42,0.77
2589,2,7.5,7.08,0.63
2149,3,8.7,7.5,0.41
2144,3,19.2,8.82,0.51
2029,4,17.9,10.02,0.5
1464,2,13.2,6.97,0.53
1080,0,9.9,6.43,0.86
2151,3,16.1,8.8,0.81
605,2,10.6,6.5,0.73
1612,2,7.0,8.08,0.76
500,1,1.0,4.72,0.76
864,2,7.8,4.09,0.8
1186,5,17.9,6.81,0.58
1412,2,8.6,6.48,0.75
2310,4,16.5,9.45,0.68
2421,4,6.4,10.39,0.65
1687,3,13.0,8.64,0.55
830,4,10.3,8.85,0.61
1654,1,10.7,6.55,0.78
1731,5,18.7,10.16,0.49
937,3,18.3,7.95,0.67
2056,1,17.6,7.87,0.68
1995,0,12.3,4.82,0.92
2111,4,15.9,9.05,0.55
1995,3,4.2,9.48,0.59
2310,1,4.7,5.02,0.9
1674,2,20.7,8.18,0.82
1941,3,11.9,10.53,0.55
1521,5,12.5,6.57,0.54
1390,4,7.6,10.88,0.67
2736,2,14.0,9.36,0.79
500,4,13.3,8.96,0.63
2413,1,4.4,8.4,0.64
1365,4,10.2,8.13,0.5
1274,2,11.2,6.77,0.69
1983,1,13.9,5.08,0.65
757,1,5.9,6.12,0.92
1228,2,16.9,7.67,0.49
1205,1,11.3,7.12,0.97
1645,2,9.9,8.8,0.7
1237,4,9.1,5.3,0.46
2920,1,14.1,6.62,0.65
3057,3,16.7,8.48,0.5
500,1,12.5,7.91,0.76
2181,3,13.2,8.03,1.0
2401,2,6.7,9.1,0.68
2180,1,6.8,7.84,0.85
1339,4,10.6,8.46,0.95
1629,3,5.0,7.54,0.87
1276,2,12.4,8.44,0.73
1505,0,7.6,6.23,0.78
953,3,12.6,7.12,0.74
1719,0,14.5,6.62,0.59
748,1,0.3,5.11,0.57
1659,4,12.0,10.68,0.51
925,5,12.3,9.73,0.64
1944,5,18.9,10.21,0.57
1324,2,4.2,5.9,0.86
2003,2,10.3,8.69,1.0
2557,4,12.0,7.87,0.58
2912,1,6.0,9.51,1.0
500,2,12.0,8.18,0.8
1216,6,14.7,8.52,0.36
1587,3,7.0,7.17,0.89
2122,3,6.6,7.81,0.73
644,4,6.4,10.39,0.43
1112,1,9.5,6.65,0.69
1891,2,11.1,8.5,0.66
1859,2,4.6,7.68,0.56
2064,4,17.7,8.35,0.72
2110,3,5.5,5.83,0.99
2037,3,8.1,8.88,0.63
1935,4,15.0,9.32,0.76
1839,1,14.9,7.92,0.58
2265,1,15.1,9.96,0.82
500,2,13.6,6.02,0.88
2881,7,6.3,10.72,0.48
500,2,9.7,6.76,0.44
1044,1,3.4,8.7,0.92
1641,3,12.9,8.28,0.31
2270,3,1.1,9.82,0.75
500,0,5.1,4.02,0.99
1780,1,4.8,5.58,0.58
2354,2,11.6,6.75,0.58
2496,4,13.0,8.27,0.71
1311,4,2.6,6.26,0.67
1589,4,9.5,11.73,0.59
1368,4,15.4,6.93,0.76
1525,0,3.0,4.31,0.52
1077,0,15.3,6.28,0.86
1177,4,21.9,6.73,0.73
2104,3,8.4,6.82,0.56
1892,4,13.2,9.15,0.83
2144,2,20.0,8.69,0.71
1949,4,15.1,7.24,0.71
2293,2,13.0,8.28,0.36
2414,3,6.5,9.9,0.3
580,1,11.9,6.97,0.69
1201,6,12.1,8.25,0.52
1638,2,14.4,5.98,0.59
1784,2,8.3,7.55,0.79
1330,1,8.4,5.69,0.77
2438,2,6.7,6.61,0.45
3185,4,4.8,5.85,0.82
1930,6,16.5,10.16,0.54
1859,4,9.9,6.68,0.51
2394,4,11.7,9.81,0.71
500,4,17.7,8.52,0.89
1819,0,2.1,6.1,0.45
2485,2,10.9,8.68,0.54
1349,2,21.3,10.35,0.73
941,2,5.4,5.59,0.71
1669,6,2.0,8.31,0.74
1757,4,22.4,6.38,0.69
1163,0,9.8,5.38,0.55
1464,0,9.7,6.26,0.63
992,2,4.6,7.13,0.84
1734,2,7.8,6.07,0.64
2435,3,11.4,8.41,0.65
1812,3,0.1,5.67,0.72
2139,6,21.3,9.17,0.84
1189,2,11.3,8.49,0.57
2841,4,15.2,10.37,0.47
2193,1,5.4,5.47,0.7
2533,2,1.8,4.75,0.58
2055,3,23.0,7.79,0.54
2377,0,8.7,9.58,0.71
1188,2,15.5,7.75,0.82
1456,1,11.8,7.87,0.69
2742,3,14.7,7.1,0.74
2891,5,19.7,11.53,0.43
997,2,3.5,5.13,0.98
1974,6,8.6,10.25,0.6
1498,1,0.5,6.59,0.69
1312,0,6.4,5.63,0.47
1999,1,13.0,7.34,0.73
2598,0,4.4,5.78,0.79
2116,2,11.4,9.92,0.66
1576,2,15.0,8.58,0.76
2160,2,0.0,6.71,0.73
1548,2,11.8,8.57,0.55
2088,4,24.6,10.37,0.79
2777,2,8.2,8.15,0.67
500,3,9.8,8.57,0.7
2358,3,6.3,8.63,0.87
722,3,13.5,8.58,0.51
2659,1,15.7,10.68,0.72
1354,4,11.1,8.19,0.6
947,2,4.0,8.56,0.42
2286,5,19.2,10.3,0.64
2054,1,5.8,6.94,1.0
1100,1,9.4,7.43,0.83
922,3,20.0,7.18,0.65
1668,2,11.3,8.31,0.47
957,1,14.4,8.56,0.76
1056,3,15.9,7.75,0.41
1880,5,10.9,7.35,0.73
1123,3,0.3,6.1,0.56
2098,2,18.5,7.6,0.68
2843,1,5.9,8.43,0.75
1696,4,17.9,9.67,0.56
1891,3,13.9,8.19,0.77
3212,4,15.9,9.7,0.8
968,2,6.1,6.61,0.56
2633,4,7.1,9.85,0.84
2549,3,5.7,8.2,0.88
2704,4,8.0,7.67,0.47
1996,0,16.3,8.19,0.66
1391,4,24.3,9.19,0.65
2566,4,11.0,8.44,0.54
2592,1,6.3,4.6,0.94
2573,4,21.8,10.53,0.42
1831,1,3.1,9.56,0.78
1298,6,17.6,11.8,0.69
1933,0,21.8,6.98,0.85
2459,2,12.2,7.79,0.7
2517,1,10.0,8.71,0.9
1499,1,9.8,7.25,0.91
2020,3,15.7,8.65,0.62
1251,1,3.1,6.44,0.56
2349,3,6.4,10.33,0.54
995,5,9.8,10.6,0.78
2025,5,8.7,7.47,0.74
1253,2,9.5,9.42,0.54
2283,4,13.6,10.26,0.87
1386,4,19.1,8.18,0.76
2324,3,7.6,7.84,0.78
1608,4,16.3,7.35,0.62
595,3,8.5,5.97,0.87
1112,4,11.7,6.32,0.44
1498,4,14.5,8.41,0.75
2757,4,17.4,8.85,0.64
2430,5,15.5,7.04,0.65
2936,1,8.9,7.38,0.72
2957,5,11.1,9.18,0.71
1425,2,5.2,8.38,0.62
1668,3,21.7,8.98,0.87
1512,1,10.3,5.62,0.58
1329,4,19.0,9.81,0.67
510,4,13.8,6.41,0.7
1789,1,1.5,6.66,0.74
900,2,18.6,6.61,0.55
1776,2,5.0,8.91,0.58
3281,2,12.2,7.35,0.65
1443,3,0.0,4.69,0.5
1936,3,16.0,10.11,0.9
2434,5,15.0,8.54,0.59
1996,2,7.4,7.67,0.8
2004,1,14.2,7.51,0.8
1546,1,8.9,5.71,1.0
1637,3,10.0,8.68,0.4
1127,3,14.3,7.89,0.71
2392,2,6.9,7.47,0.64
580,3,8.1,7.0,0.71
2479,1,10.0,5.45,0.8
817,1,7.1,6.82,0.75
2473,2,14.7,9.08,0.83
1552,3,16.4,7.14,0.88
937,1,17.7,8.37,0.66
2205,1,10.1,4.45,0.42
2450,4,13.1,9.55,0.66
1493,3,4.9,7.61,0.9
2304,2,10.1,9.75,0.76
500,1,0.0,4.83,0.82
875,6,17.4,9.03,0.53
2704,2,4.6,8.56,0.46
1643,4,1.9,9.56,0.48
500,3,10.1,5.77,0.48
1310,4,12.6,10.52,0.62
1153,5,7.7,5.87,0.71
1683,2,14.2,7.82,0.73
1540,4,0.0,8.1,0.4
1925,4,24.3,7.62,0.63
2751,2,4.6,7.95,0.82
2097,4,8.2,8.28,0.42
2120,5,13.4,8.73,0.69
2615,3,9.7,8.84,0.92
1527,2,7.4,7.47,0.61
916,3,14.3,8.69,0.46
2644,2,17.0,7.23,0.74
1895,1,3.7,6.35,0.75
1897,1,5.3,9.04,0.6
1356,1,7.5,4.31,0.76
1368,3,15.7,8.54,0.57
2392,1,9.9,5.86,0.87
2489,2,11.8,7.81,0.69
2348,4,14.5,8.92,0.37
2355,4,10.8,10.16,0.43
2198,1,18.7,6.33,0.71
1892,4,17.1,8.68,0.53
1677,2,1.9,7.56,0.56
2647,2,20.1,8.63,0.67
1538,4,6.9,8.61,0.54
2058,4,15.4,9.9,0.43
1237,1,6.7,5.12,0.57
1338,3,24.4,9.23,0.62
1634,2,11.6,9.86,0.77
1237,2,7.2,5.35,0.51
2358,4,16.6,8.15,0.37
856,2,5.9,6.28,0.88
1869,2,8.7,8.51,0.5
1892,1,19.1,7.45,0.63
532,3,8.4,7.91,0.85
1491,2,18.8,8.73,0.92
1978,1,6.4,6.09,0.74
2100,4,15.1,9.11,0.59
1656,2,10.8,6.16,0.58
2273,1,8.1,7.64,0.84
1723,2,19.8,9.7,0.88
1809,7,9.6,8.81,0.3
1976,1,8.1,6.4,0.48
2448,3,6.3,8.76,0.66
1326,4,6.9,9.46,0.7
1459,2,6.3,6.54,0.93
1331,4,16.5,10.4,0.76
1567,0,0.0,8.12,0.5
2798,4,15.0,9.43,0.44
2200,3,8.4,8.21,0.58
1008,4,19.2,8.73,0.43
1379,4,11.2,10.35,0.42
2060,4,12.3,9.15,0.52
1165,2,11.2,7.66,0.84
1292,5,12.5,9.41,0.61
2741,5,8.2,9.35,0.65
1370,0,9.3,5.23,0.53
2468,1,9.4,7.82,0.83
2678,5,17.0,9.32,0.66
1286,2,8.6,8.33,0.74
1177,5,8.1,9.76,0.55
1606,1,3.8,5.42,0.64
1037,5,14.1,9.5,0.57
1884,5,9.7,7.62,0.52
1656,2,10.4,6.32,0.77
2052,2,16.9,9.4,0.64
2777,3,4.9,7.31,0.53
2372,1,5.5,8.94,0.6
2142,2,15.1,8.28,0.77
500,1,0.0,4.2,0.39
2110,2,12.6,8.2,0.68
3005,3,18.7,9.28,0.44
500,1,12.8,7.33,0.71
2282,4,9.5,8.31,0.58
1688,3,15.9,8.79,0.63
1205,1,9.0,5.44,0.85
2360,4,14.7,6.73,0.41
2996,2,20.7,6.92,0.72
2342,4,18.7,8.44,0.65
1540,6,2.8,7.57,0.61
1139,6,16.7,7.96,0.82
1901,2,7.5,7.17,0.4
2411,3,5.6,7.81,0.72
1529,2,7.2,6.56,0.96
1596,4,16.6,9.03,0.59
2555,4,13.7,7.31,0.86
2605,3,24.2,10.22,0.82
777,4,12.1,6.63,0.78
1304,2,10.6,4.69,0.67
1852,2,1.4,7.1,0.81
1099,2,13.1,7.23,0.58
2920,1,11.9,8.74,0.54
2787,4,18.3,10.77,0.43
1426,0,2.5,5.92,0.7
3048,1,7.3,6.15,0.77
1797,3,9.1,6.68,0.64
3612,4,15.0,8.13,0.47
1901,2,11.6,6.52,0.85
2203,2,9.9,9.4,0.52
2779,2,9.7,9.59,0.54
2694,5,12.4,8.59,0.5
2157,3,11.9,8.73,0.65
1701,2,6.1,8.42,0.67
2159,2,5.8,6.2,0.58
1228,2,11.0,7.12,0.67
1906,2,9.5,8.13,0.6
1023,1,11.1,7.81,0.67
553,0,0.8,4.49,0.91
1835,2,11.0,8.97,0.58
2683,3,8.6,7.07,0.48
2448,3,17.2,8.09,0.57
1742,0,1.6,7.26,0.76
3022,1,9.6,6.32,1.0
1401,2,13.0,5.24,0.48
500,2,5.0,7.5,0.77
500,0,11.6,6.78,0.91
973,5,13.3,8.26,0.77
2371,4,17.9,8.33,0.57
1355,1,13.0,7.81,0.68
2122,3,3.8,10.91,0.59
2952,4,11.1,10.36,0.76
1029,3,17.3,9.19,0.68
2134,4,15.8,9.34,0.79
2177,6,16.4,8.04,0.54
1197,1,7.2,5.94,0.64
2747,2,15.3,8.66,0.46
1598,1,3.4,6.64,1.0
1531,1,11.2,8.36,0.51
3278,4,11.4,10.15,0.41
2165,0,11.2,8.89,0.42
1344,1,6.9,6.49,0.99
2674,2,16.0,10.29,0.55
1448,1,8.1,6.13,0.71
1418,2,1.5,7.75,0.5
1609,1,4.9,9.74,0.84
1364,1,7.8,5.79,0.42
2375,2,11.7,9.21,0.58
1987,4,9.9,9.4,0.37
1456,1,13.6,7.07,0.72
2272,4,7.4,9.59,0.44
1607,3,15.7,8.15,0.59
1570,2,6.8,8.48,0.63
1834,1,5.0,7.36,0.67
2072,7,15.4,10.5,0.47
1545,5,12.9,7.43,0.36
2392,2,19.4,7.2,0.59
1644,2,9.6,6.33,0.6
1341,4,23.4,7.5,0.62
772,5,12.4,8.01,0.54
2488,2,11.0,5.93,0.64
1808,4,7.8,8.66,0.7
1947,1,8.1,6.27,0.68
2532,2,0.0,7.93,0.5
1465,4,6.4,8.38,0.59
837,3,15.3,6.8,0.77
2015,0,4.7,5.83,0.71
1616,1,13.4,10.05,1.0
2831,3,8.1,7.15,0.53
500,3,9.1,8.25,0.66
2584,2,12.1,9.17,0.44
2353,4,6.5,9.54,0.45
2119,1,13.5,10.54,0.98
500,2,17.4,7.6,0.72
2698,3,11.2,8.68,0.79
1081,2,10.3,8.2,0.68
1444,4,0.0,11.2,0.65
1680,3,11.2,9.76,0.91
2085,6,13.6,9.17,0.73
2424,2,15.2,8.42,0.96
2371,3,3.2,8.34,0.66
1977,2,14.4,10.4,0.74
2091,2,9.0,7.83,0.86
1036,5,22.9,8.4,0.29
1274,0,17.0,7.8,0.77
2426,0,12.7,9.24,0.89
2386,3,19.3,8.16,0.59
2306,1,11.0,8.5,0.63
2437,5,12.1,8.6,0.7
987,1,13.0,6.25,0.71
2554,5,15.6,10.74,0.44
1617,2,13.1,8.48,0.89
2978,5,10.3,10.32,0.79
734,2,8.0,8.2,0.74
3034,1,9.3,6.7,0.6
1546,3,12.0,7.23,0.99
1534,3,14.6,6.76,0.88
1936,0,9.9,8.55,0.66
1312,4,9.1,9.2,0.34
1749,2,6.4,6.22,0.69
1283,1,9.5,7.17,0.64
1309,3,11.2,7.96,0.47
2140,5,0.9,9.75,0.66
1168,3,12.2,6.24,0.74
1262,1,11.3,7.76,0.78
839,3,15.3,8.13,0.67
1447,3,12.8,7.0,0.39
2718,6,14.9,11.41,0.75
1207,2,9.1,7.65,0.63
1287,4,23.8,8.96,0.75
1935,5,11.3,9.91,0.41
1540,3,11.0,8.92,0.83
3359,2,8.1,7.37,0.7
1686,3,6.1,8.62,0.49
2460,4,7.3,9.6,0.51
2447,0,9.0,8.1,0.51
1963,1,13.6,6.81,0.47
1687,1,4.8,6.53,0.62
3216,7,12.3,9.6,0.62
1730,4,20.2,11.67,0.64
1490,2,17.3,8.73,0.73
1347,2,9.2,8.6,0.83
591,1,13.2,7.66,0.69
2375,2,10.9,8.56,0.84
500,4,0.0,6.8,0.79
1795,2,21.2,9.66,0.87
1656,3,10.7,7.62,0.65
3367,6,20.0,9.73,0.36
517,0,17.6,6.13,0.59
1169,1,10.1,6.4,0.69
1704,5,18.9,6.64,0.58
1661,3,8.4,8.36,0.55
1415,0,11.0,6.04,0.81
1743,4,15.3,9.08,0.54
918,2,4.8,9.37,0.81
2050,3,14.8,4.44,0.49
500,4,6.4,6.28,0.58
1781,2,11.3,8.27,0.8
1379,3,17.6,9.11,0.79
2511,4,15.9,7.62,0.59
3028,4,15.0,7.59,0.7
1568,3,4.4,7.27,0.72
2773,5,13.9,8.58,0.25
1578,2,1.5,6.24,0.71
1123,1,8.7,5.29,0.55
3022,4,7.2,10.23,0.75
2164,2,19.6,9.23,0.97
1803,3,6.7,6.98,0.78
2281,2,17.2,8.51,1.0
1991,3,18.5,9.43,0.61
1751,1,0.0,6.35,0.66
871,1,15.7,7.22,0.8
1610,3,13.0,8.64,0.87
2236,7,10.2,9.19,0.8
1714,2,9.5,9.11,0.94
2431,2,7.3,9.23,0.81
2068,3,6.6,9.7,0.87
1185,1,13.1,6.43,0.76
876,4,9.9,9.17,0.9
1689,2,13.9,6.73,0.45
1433,5,13.7,8.11,0.77
2035,1,8.5,6.65,0.83
1297,1,1.7,6.54,0.54
1369,3,8.8,7.65,0.63
2537,3,0.6,8.35,0.74
1903,4,23.8,9.24,0.3
1308,3,7.7,7.3,0.42
1812,3,2.9,8.14,0.45
2765,3,12.6,8.71,0.47
2005,3,12.0,10.06,0.86
2215,2,9.5,6.79,0.58
1273,1,14.3,6.62,0.99
2518,6,16.4,10.32,0.66
3422,6,16.1,10.67,0.46
1245,6,17.8,7.54,0.59
972,3,10.1,7.86,0.42
1922,1,1.3,7.03,0.59
2412,5,15.4,7.45,0.65
1736,4,12.8,6.47,0.81
1062,4,16.8,8.12,0.41
1723,3,12.8,8.15,0.51
2218,2,7.8,9.12,0.65
1515,3,13.1,8.92,0.97
2225,2,12.6,10.03,0.78
2615,4,17.2,8.27,0.63
1968,1,18.7,6.79,0.63
1780,2,3.9,8.76,0.66
2380,4,16.9,10.47,0.63
1200,1,2.5,7.26,1.0
1131,3,10.1,7.87,0.41
1613,2,7.3,7.38,0.47
1455,7,13.2,11.33,0.46
1237,4,11.9,8.98,0.84
3081,1,16.2,8.81,0.75
1552,3,7.6,8.9,0.63
1864,7,16.1,9.2,0.58
1668,3,10.6,7.73,0.77
2575,0,0.0,7.1,0.7
2713,2,11.1,8.48,0.7
555,0,2.5,5.95,0.84
2133,1,11.8,8.29,1.0
885,4,13.4,7.42,0.55
3030,2,13.8,6.91,0.61
2108,4,15.1,8.48,0.73
1223,3,8.3,6.67,0.5
1631,4,15.7,9.76,0.81
1597,4,19.3,9.6,0.63
2167,3,14.4,7.54,0.6
2529,4,9.9,10.94,0.65
996,6,8.4,8.35,0.94
3087,0,0.0,8.12,0.63
2923,0,1.8,6.21,0.5
1187,5,23.0,8.14,0.78
1850,3,7.6,8.66,0.62
2997,3,14.7,9.49,0.54
2663,2,5.9,10.24,0.49
1564,3,9.8,9.69,0.9
2370,5,8.1,8.71,0.87
1873,7,18.1,11.85,0.56
1357,4,8.0,9.04,0.85
1920,5,13.4,9.7,0.53
1972,2,16.0,7.29,0.73
1432,2,16.9,7.65,0.84
2109,5,20.3,11.75,0.53
921,1,11.7,7.14,0.88
1334,2,21.0,6.92,0.48
2330,1,10.1,10.1,0.64
571,5,16.1,6.6,0.64
2432,5,8.7,8.33,0.59
500,1,14.4,7.02,0.7
588,3,15.8,6.44,0.6
1450,3,16.2,6.84,0.65
2000,5,2.4,9.74,0.33
2727,3,8.3,7.58,0.72
1840,3,16.6,8.35,0.78
1627,3,7.5,9.06,0.89
2205,3,14.2,8.61,0.87
1190,0,7.3,6.14,0.88
1897,1,13.0,7.42,0.58
960,4,21.8,7.76,0.73
1857,4,7.6,7.52,0.61
1709,1,12.6,7.05,0.69
1237,1,10.3,5.99,0.68
1915,1,6.7,8.18,0.78
1910,1,13.2,10.07,0.59
2622,2,12.3,5.83,0.76
676,5,11.9,7.54,0.51
1746,1,10.0,6.14,0.55
1267,2,5.7,6.21,0.86
2408,3,17.1,9.59,0.67
2327,2,7.3,7.36,0.79
2155,1,4.4,6.27,0.6
1307,3,18.2,9.07,0.56
2419,1,0.9,9.79,0.99
728,4,14.8,8.48,0.54
585,4,16.1,7.25,0.82
906,3,8.4,7.12,0.63
1776,3,10.0,8.65,0.68
2272,3,10.1,8.52,0.94
500,2,10.8,8.27,0.67
2725,2,10.1,8.03,0.71
1891,2,7.8,6.02,0.36
702,3,7.4,9.12,0.8
1870,3,18.1,6.82,0.7
2564,2,14.4,9.3,0.58
2219,4,10.2,9.28,1.0
2569,2,4.0,8.96,0.6
843,1,19.1,6.8,0.6
1510,2,17.2,9.42,0.67
1152,2,8.0,8.38,0.5
3002,5,23.4,9.73,0.61
2247,2,4.9,8.05,0.39
1472,1,17.2,5.68,0.72
1292,4,11.0,9.91,0.6
1700,1,11.4,7.04,0.76
2764,5,11.5,9.18,0.44
1543,3,13.4,9.17,0.49
1887,3,10.3,8.55,0.79
1867,1,13.8,7.41,0.8
1827,5,15.9,8.11,0.46
1343,2,9.7,6.79,0.8
1703,5,16.0,9.67,1.0
1673,3,18.3,9.6,0.59
1794,2,15.0,7.3,0.9
2460,4,20.0,9.36,0.65
3032,3,12.6,7.74,0.62
1211,4,21.9,9.46,0.52
1525,5,11.0,8.81,0.74
1222,2,23.0,9.6,0.76
1930,6,13.6,9.58,0.73
1423,4,12.4,10.02,0.76
1967,3,18.9,8.95,0.83
2572,2,9.9,8.58,0.88
500,3,6.6,8.81,0.61
2144,2,13.7,8.66,0.75
1477,4,15.1,8.66,0.66
2122,2,12.0,8.25,0.6
1172,2,18.1,7.39,0.53
2637,4,5.8,9.6,0.86
2439,2,14.3,9.19,0.8
2197,0,8.7,6.06,1.0
2355,3,6.9,8.02,0.74
1278,2,21.0,6.96,0.66
1366,3,10.6,8.11,0.62
2326,0,3.0,4.28,0.69
1262,1,11.9,4.19,0.7
2811,2,9.2,8.55,0.67
1573,6,3.8,8.25,0.67
2151,2,9.1,10.42,0.5
3269,1,21.5,9.92,0.63
1305,0,6.2,7.55,0.52
1848,0,4.2,6.45,0.82
2537,3,16.1,7.33,0.77
2465,0,10.0,5.83,0.86
1570,3,10.5,8.45,0.53
1438,4,3.4,9.44,0.49
1636,2,1.6,7.98,0.58
2813,6,11.6,9.57,0.4
1604,3,15.4,9.56,0.75
1854,3,13.9,7.43,0.54
1501,1,6.9,5.34,0.77
2293,3,20.2,11.11,0.83
1908,0,0.0,7.87,0.72
1097,4,12.7,8.62,0.61
1121,2,6.4,8.23,0.57
500,3,10.8,7.83,0.76
1218,2,0.3,7.79,0.64
2355,1,3.8,8.22,0.72
2726,2,13.0,6.7,0.85
2279,4,19.1,10.28,0.63
2188,2,9.7,10.48,0.53
1711,3,7.2,6.84,0.65
2342,5,11.9,8.94,0.59
2000,4,8.9,9.16,0.69
3063,3,11.4,7.41,0.87
1731,2,9.0,8.57,0.51
2740,4,11.1,9.29,0.63
2411,2,11.7,8.01,0.62
2314,4,16.1,6.12,0.71
500,0,7.0,5.75,0.81
2450,3,9.8,8.03,0.62
1710,2,9.0,7.73,0.58
1489,4,21.9,7.49,0.86
761,2,7.1,7.72,0.68
1796,2,6.5,7.24,0.58
1823,0,0.0,7.12,0.37
887,2,8.0,7.18,0.72
768,1,7.9,9.11,0.71
2140,3,16.9,7.64,0.77
2410,5,23.5,11.69,0.65
1933,5,13.2,8.5,0.67
2605,1,0.5,5.73,0.55
1739,5,10.8,10.36,0.46
1761,1,13.8,8.15,0.82
1158,2,8.7,6.37,0.61
707,3,15.8,9.35,0.67
3098,5,12.5,9.48,0.35
2591,4,16.4,10.08,0.37
825,3,20.9,8.7,0.54
1909,2,10.0,10.63,0.69
1729,3,10.2,7.88,0.73
1608,5,13.6,10.03,0.71
1513,1,6.8,7.37,0.66
2066,1,7.6,7.27,0.69
2372,6,13.8,10.17,0.6
2081,2,7.5,7.86,0.69
1715,1,14.3,7.97,0.73
1689,3,14.5,8.37,0.84
2455,4,12.3,10.03,0.87
2124,5,14.9,10.69,0.29
1850,5,7.3,9.69,0.64
1774,3,14.9,8.41,0.61
2041,5,11.2,10.3,0.53
1472,0,1.4,6.68,0.69
2375,5,20.9,9.85,0.83
1046,1,7.1,6.07,0.79
1511,3,6.7,6.14,0.9
2227,4,4.0,8.37,0.78
1006,6,19.7,8.38,0.79
698,1,8.3,7.41,0.73
1844,2,18.2,9.02,0.58
612,3,13.5,7.72,0.67
890,4,11.6,8.21,0.57
2329,5,12.3,10.42,0.64
1656,1,10.6,7.47,0.38
2699,4,21.2,9.68,0.54
956,2,5.4,7.96,0.7
1734,5,15.0,8.93,0.58
2079,2,11.3,7.09,0.55
980,1,6.9,7.04,0.93
2522,4,11.7,8.91,0.55
2157,3,12.7,9.21,0.77
673,2,11.3,8.85,0.35
1773,1,13.2,7.12,0.51
2070,5,5.0,8.72,0.32
1386,4,16.6,7.33,0.46
764,0,11.9,8.02,0.67
1994,2,9.3,8.48,0.64
3347,2,4.3,7.68,0.56
1529,2,10.6,8.35,0.45
2898,3,10.5,7.71,0.68
1273,4,11.5,6.38,0.62
1950,6,6.2,8.38,0.7
2340,0,8.5,9.68,0.73
1591,1,14.5,6.45,0.92
2308,3,3.8,10.46,0.53
3124,4,13.4,9.71,0.41
2010,2,11.1,10.98,0.87
1438,5,9.1,8.47,0.74
1667,1,7.0,7.92,1.0
3563,4,9.7,10.55,0.73
1894,4,13.4,8.57,0.4
1383,4,8.5,9.42,0.53
998,0,19.7,7.38,0.66
521,3,6.3,5.34,0.51
2054,2,8.3,9.09,0.93
2258,5,12.0,9.26,0.24
1522,1,3.8,7.79,0.77
1789,3,8.7,9.86,0.66
980,3,9.8,8.04,0.56
1893,4,6.7,8.21,0.51
2137,4,21.6,9.43,0.34
1425,1,8.2,5.27,0.94
2983,1,11.8,7.8,0.7
1214,3,19.5,8.49,0.42
1998,0,7.2,6.88,0.66
2393,1,7.2,5.21,0.9
1745,0,7.0,5.38,0.69
799,1,13.5,5.67,0.82
2750,4,15.5,9.69,0.66
1681,3,19.7,5.14,0.35
2176,1,10.7,8.2,0.68
2270,5,15.0,7.32,0.74
1360,2,14.5,8.08,0.27
1661,3,14.6,9.11,0.67
2734,1,6.7,8.66,0.74
1017,1,6.8,6.68,0.7
3289,4,8.0,9.14,0.82
1278,2,9.0,4.43,0.69
974,1,21.3,5.61,0.47
1892,0,11.5,5.83,0.74
3345,4,16.2,8.97,0.62
500,4,16.5,7.17,0.54
1701,0,1.8,6.89,0.39
2133,2,13.7,8.71,0.82
1823,2,8.0,7.75,0.51
2067,4,10.7,10.85,0.55
1297,2,7.4,8.46,0.62
1380,0,14.0,6.19,0.85
1696,2,11.2,5.9,0.77
1009,2,9.8,7.16,0.72
1768,4,9.9,10.38,0.59
1527,2,2.1,7.46,0.88
1470,4,11.9,7.41,0.66
2024,2,3.0,9.69,0.78
525,1,15.5,7.58,0.81
1639,2,24.3,9.36,0.55
3422,3,17.6,6.43,0.76
1039,1,9.0,8.85,0.77
2699,0,9.6,7.92,0.67
1838,3,13.7,8.38,0.83
1377,3,7.1,7.53,0.87
875,2,15.0,7.62,0.7
1897,2,9.2,6.44,0.91
2817,0,6.0,7.59,0.75
1527,5,12.8,6.75,0.63
1743,2,13.1,10.61,0.55
2507,5,19.7,8.17,0.63
699,3,9.4,8.17,0.58
1869,4,12.1,8.06,0.76
2858,2,8.8,8.13,0.7
1774,1,2.1,6.95,0.8
500,3,9.5,7.6,0.45
2071,4,17.7,9.09,0.75
1661,4,14.9,10.1,0.64
519,1,20.9,4.62,0.71
624,3,7.6,9.0,0.65
2482,6,13.7,8.08,0.42
1287,1,9.2,8.45,0.92
1164,3,13.4,7.8,0.64
1349,5,12.7,10.16,0.53
1870,4,20.3,8.75,0.73
1658,4,18.5,10.28,0.9
960,3,14.0,8.11,0.42
1442,4,17.6,7.89,0.87
2109,2,13.3,9.17,0.84
1829,2,7.9,7.37,0.56
1742,3,15.2,10.0,0.78
3156,1,16.0,7.0,0.79
2311,2,10.5,8.12,0.74
2396,5,14.4,9.33,0.81
1683,3,19.7,8.49,0.58
1954,6,22.2,10.71,0.68
1498,5,16.9,11.4,0.36
1722,1,10.7,9.39,0.57
1955,1,12.0,8.91,0.87
1912,3,9.8,7.6,0.58
1787,4,18.7,8.2,0.58
1333,1,12.4,7.27,0.74
1327,1,9.9,8.11,0.98
1383,1,6.1,5.8,0.64
1596,2,15.3,8.45,0.63
1039,4,14.4,8.04,0.7
2144,2,15.1,6.94,0.63
2152,1,11.6,7.75,0.7
1579,3,16.1,10.0,0.86
2300,4,12.6,11.38,0.56
500,1,14.9,5.85,0.47
1305,2,9.0,7.31,0.68
1681,2,10.6,8.64,0.69
979,2,8.5,6.94,0.48
575,4,14.1,7.57,0.62
1584,2,5.2,7.43,1.0
2697,2,10.1,7.38,0.78
1416,2,11.2,6.39,0.71
2313,3,16.1,9.07,0.63
2245,4,16.3,9.01,0.67
2653,4,9.8,7.32,0.74
1554,2,16.6,7.54,0.6
541,1,13.5,6.38,0.33
1849,3,0.2,10.23,0.72
1090,2,13.7,8.52,0.57
1293,2,0.0,7.82,0.72
1589,1,4.3,7.96,0.68
1562,2,10.3,6.36,0.69
1899,6,20.7,11.51,0.5
2292,2,15.5,8.15,0.71
1542,2,5.3,6.88,0.71
2076,1,6.5,6.38,0.68
1810,2,5.9,10.4,0.56
2454,1,11.8,7.0,0.82
1667,2,10.9,6.05,0.71
1744,0,15.2,6.89,0.73
1537,2,9.9,7.92,0.59
1686,0,6.5,6.73,0.84
1251,5,15.1,8.69,0.46
1182,7,19.7,9.72,0.43
2343,1,11.2,6.21,1.0
1041,3,14.5,6.84,0.76
1576,2,8.7,8.99,0.54
2510,6,16.0,10.84,0.58
1553,3,0.2,5.76,0.88
2380,1,12.4,6.66,0.7
1386,3,1.2,6.03,0.78
1064,1,11.7,7.5,0.47
683,1,7.8,8.04,0.57
2718,6,17.0,9.18,0.65
1004,0,12.0,7.14,1.0
2323,5,16.3,8.67,0.81
1100,4,19.3,7.73,0.69
2722,5,16.5,9.19,0.91
3344,1,3.1,8.56,0.88
1040,0,2.1,6.21,0.75
2341,3,16.5,8.8,0.42
2159,2,8.8,7.39,0.54
2343,3,15.1,10.29,0.69
1398,3,12.3,9.13,0.7
3191,3,10.1,9.05,0.77
1882,3,10.5,8.55,0.59
948,4,16.4,8.71,0.72
1622,4,11.8,8.89,0.69
957,3,3.7,8.71,0.88
2913,5,15.6,9.73,0.65
1337,1,14.4,8.65,0.87
2144,3,14.6,10.15,0.82
1470,3,11.9,8.58,0.72
1369,1,1.8,7.85,0.4
500,0,7.8,5.09,0.87
2218,3,10.9,8.72,0.59
2709,6,5.8,8.18,0.74
1158,3,3.7,8.19,0.72
718,2,1.3,7.2,0.91
2362,4,15.2,10.46,0.4
647,4,12.1,6.85,0.86
2653,1,10.9,6.43,0.51
1166,4,20.6,7.75,0.82
1027,1,7.1,7.65,0.58
1973,3,6.6,7.84,0.69
1073,3,15.5,8.8,0.67
1305,4,11.7,7.83,0.61
2047,2,14.3,7.18,0.79
500,0,10.5,6.13,0.78
2949,5,9.2,10.82,0.59
1830,5,11.2,10.61,0.53
894,1,4.9,6.73,0.48
1087,1,9.9,6.68,0.63
2494,1,16.8,9.36,0.79
2220,3,13.2,9.12,0.75
2770,3,15.0,8.08,0.68
1322,2,19.9,8.16,0.87
2007,5,17.3,9.04,0.87
2098,5,8.8,10.86,0.73
2286,4,7.7,7.43,0.53
2589,1,5.1,6.27,0.91
1297,2,6.6,4.32,0.58
1720,1,2.0,6.14,0.71
1372,5,13.5,8.56,0.6
1763,1,5.6,5.41,0.71
2288,2,16.8,6.99,0.41
642,3,19.3,9.12,0.57
2576,0,7.1,5.72,0.6
1002,1,6.4,6.65,0.76
1584,7,11.4,9.82,0.64
2670,3,11.1,10.02,0.58
2029,1,16.2,7.77,0.61
2037,4,16.5,10.27,0.69
973,4,18.0,9.68,0.9
1069,4,15.5,7.75,0.74
2458,1,9.2,7.38,0.72
1387,5,19.3,10.56,0.72
1453,2,3.6,5.55,0.52
2474,5,7.7,8.99,0.8
1065,1,8.6,6.61,0.5
1988,1,8.1,7.0,0.85
1830,0,10.7,6.24,1.0
1798,6,9.2,8.89,0.5
1437,0,10.6,6.17,0.79
1394,2,6.1,7.85,0.74
1045,5,12.4,7.28,0.6
2137,4,23.5,8.26,0.8
1332,2,10.4,7.68,0.39
2478,2,10.2,10.18,0.76
1642,0,9.0,6.82,1.0
1059,0,6.8,4.12,0.7
1633,2,18.8,7.16,0.91
1512,3,10.8,6.06,0.3
2506,1,11.2,7.04,0.74
1541,5,4.5,8.47,0.86
1606,5,12.4,8.14,0.65
2788,2,16.5,6.02,0.69
2155,4,4.7,6.96,0.67
2963,3,5.7,8.79,0.45
2681,2,16.1,8.61,0.64
1178,4,14.7,6.4,1.0
2492,3,12.0,8.31,0.69
2867,2,11.9,10.13,0.67
2872,4,8.9,8.57,0.72
2491,3,1.9,8.0,0.53
2477,3,7.0,8.62,0.49
1588,3,1.7,8.06,0.43
1213,2,10.9,8.41,0.52
1553,3,12.6,9.73,0.44
634,2,11.4,6.44,0.88
2739,1,0.0,6.59,0.8
1601,2,16.5,5.57,0.71
2703,4,12.5,7.96,0.61
937,2,7.7,9.15,0.43
2557,1,4.5,8.26,0.5
1453,4,18.0,8.9,0.76
900,3,14.4,7.79,0.6
2938,2,5.8,10.07,0.58
2575,3,16.5,9.48,0.62
1948,2,0.5,7.14,0.75
1823,3,12.6,9.68,0.84
2107,3,23.0,8.69,0.46
1936,2,6.7,7.04,0.85
1245,4,2.2,8.45,0.64
1511,5,22.8,9.08,0.55
3172,3,17.9,8.07,0.72
3670,3,11.2,10.71,0.7
2893,2,14.2,8.45,0.42
2134,2,5.1,8.18,0.6
1563,2,18.1,7.94,0.74
1241,3,13.3,9.71,0.37
1287,4,14.5,10.16,0.69
1412,3,9.8,6.51,0.38
3305,1,15.1,10.5,0.7
3064,5,17.2,10.5,0.61
2322,5,20.5,8.66,0.92
1127,0,7.8,4.87,0.73
2425,3,8.7,7.67,0.67
1632,4,15.2,8.71,0.64
500,4,16.5,6.69,0.84
2000,3,18.1,7.29,0.76
1210,4,13.2,10.0,0.52
1234,3,13.1,9.02,0.63
1624,4,11.1,7.58,0.76
1451,4,13.5,7.33,0.91
1776,7,21.9,11.36,0.48
1742,5,6.7,10.81,0.66
500,0,4.9,4.57,0.72
2864,6,6.5,9.87,0.77
1111,3,11.6,7.9,0.8
1133,4,14.8,8.64,0.56
1570,1,0.0,6.95,0.82
1724,4,6.1,7.2,0.28
2821,2,11.2,7.38,0.84
1988,4,2.4,6.77,0.4
2196,4,14.2,9.39,0.62
1992,6,18.0,9.34,0.57
1962,5,15.9,9.96,0.66
2016,1,5.5,5.53,0.58
500,5,20.7,8.76,0.63
1625,4,15.0,9.7,0.65
2613,5,13.7,11.87,0.73
956,0,13.6,5.93,0.86
2096,2,15.2,7.83,0.45
1400,3,15.6,7.36,0.8
3233,3,5.0,8.2,0.54
852,3,10.8,7.06,0.48
2237,2,8.2,7.89,0.84
814,1,8.8,7.18,0.52
1577,4,16.5,8.05,0.68
1775,2,21.5,8.47,0.69
2548,6,10.7,10.73,0.75
1045,3,2.6,9.54,0.67
2264,3,12.0,8.65,0.66
1813,2,15.1,8.64,0.54
1990,0,10.2,7.93,0.82
2470,1,6.5,7.85,0.71
902,4,3.1,6.66,0.56
2367,4,22.0,8.36,0.5
1401,1,0.0,6.57,0.9
2567,4,24.3,10.17,0.6
2034,5,15.3,8.56,0.5
1653,5,3.9,9.06,0.97
1386,2,6.8,7.12,0.49
2376,4,19.9,9.98,0.49
2682,1,1.8,7.57,0.69
1427,1,0.0,6.69,0.7
1006,3,3.5,4.98,0.52
2285,4,17.6,9.98,0.6
786,3,9.0,8.53,0.58
886,3,13.4,7.01,0.62
1056,1,3.6,7.76,0.69
1509,1,17.4,6.99,0.85
864,0,4.9,5.12,0.67
500,0,7.0,6.15,0.63
1005,2,10.3,9.11,0.86
2249,2,15.6,9.17,0.62
909,2,15.3,5.24,0.57
1561,4,13.1,8.35,0.49
3162,5,22.2,8.38,0.8
1765,0,13.0,8.99,0.83
2039,3,8.1,9.25,0.66
1137,5,9.8,10.4,0.3
3314,2,7.2,8.95,0.75
1421,0,3.5,7.74,0.61
1640,4,8.5,6.93,0.83
2721,4,12.1,9.27,0.85
1672,4,8.0,7.47,0.59
1833,2,3.1,5.39,0.43
1602,1,7.7,6.11,0.63
1607,3,15.2,9.64,0.36
2059,4,16.8,10.19,0.83
1349,2,5.2,6.28,0.53
1263,1,0.0,7.01,0.53
1373,3,14.5,8.19,0.56
819,2,8.9,8.59,0.79
686,1,11.7,8.47,0.61
2008,5,15.9,11.78,0.79
2457,1,17.2,7.53,0.75
2409,0,2.0,6.19,0.84
500,1,10.5,4.66,0.65
1628,2,8.0,9.21,0.97
1028,1,0.0,6.39,0.83
1900,4,17.2,10.23,0.57
1507,2,18.5,10.12,0.73
2214,3,13.4,10.38,0.38
1786,6,20.6,8.83,0.5
500,4,6.3,9.4,0.58
1123,2,11.6,6.28,0.83
1863,1,10.1,5.1,0.83
816,3,5.8,7.86,0.48
724,3,19.0,8.03,0.79
1839,2,18.5,7.11,0.66
817,3,11.6,7.31,0.66
631,1,11.6,6.85,0.47
1488,2,9.6,6.54,0.7
1458,1,1.5,7.57,0.61
1185,3,5.2,8.44,0.54
1307,3,23.8,6.46,1.0
1809,3,6.4,9.12,0.41
1295,1,3.4,6.94,1.0
1849,4,11.3,9.24,0.59
1533,3,20.8,8.79,0.71
1917,3,5.6,6.01,0.75
2387,3,18.6,7.99,0.34
2701,4,6.6,8.39,0.39
2386,5,20.0,8.89,0.62
1966,2,5.0,5.5,0.68
1496,3,7.6,8.85,0.82
1528,2,12.0,7.26,0.26
1185,3,16.9,8.36,0.65
1803,4,12.5,7.3,0.5
2288,4,12.0,8.07,0.63
1292,3,8.4,8.74,0.7
1773,3,12.4,7.0,0.73
1325,6,15.9,8.4,0.72
1946,7,17.8,9.42,0.63
1415,5,18.9,9.7,0.53
1282,2,6.2,8.2,0.83
1324,1,12.1,5.13,0.83
2152,2,11.1,8.89,0.64
1732,3,13.3,9.46,0.88
1500,2,19.2,9.33,1.0
1982,2,9.8,6.17,0.64
1509,6,13.4,10.9,0.59
2588,2,7.1,6.64,0.81
1118,2,7.6,6.69,0.64
816,3,0.0,8.3,0.76
1557,4,4.7,9.13,0.85
624,1,6.4,7.15,0.45
2322,6,9.8,9.38,0.56
2336,2,15.8,7.56,0.74
2348,2,16.9,8.41,0.66
1820,3,11.9,10.2,0.88
1184,3,12.3,8.36,0.7
1239,2,10.3,7.14,0.57
2871,4,4.9,7.83,0.75
2804,2,4.4,7.54,0.44
1885,4,3.0,7.62,0.53
1439,2,6.5,7.43,0.48
2758,3,17.4,8.45,0.34
1313,2,14.0,9.22,0.72
1960,3,8.3,8.48,0.67
2746,4,10.8,8.38,0.72
1214,0,2.3,5.19,0.78
2380,1,12.3,9.12,0.4
2164,6,23.7,11.06,0.55
1104,3,17.2,6.58,0.79
1292,2,4.3,9.26,0.92
2002,2,9.7,7.04,0.42
803,1,9.2,6.03,0.83
1891,6,7.7,8.99,0.47
2178,4,17.9,9.2,0.64
2489,4,8.9,9.29,0.65
821,1,21.8,8.08,0.68
2721,3,7.8,5.3,0.67
2986,4,15.1,8.91,0.81
2087,3,3.2,9.93,0.59
1073,2,4.4,6.91,0.7
1570,1,2.6,6.17,0.59
1766,0,14.7,7.23,0.84
1989,4,11.5,8.94,0.66
1815,2,7.7,7.55,0.75
1996,6,24.4,9.56,0.71
1736,3,3.6,8.83,0.79
1985,7,24.8,11.57,0.58
1477,1,8.2,7.18,0.63
1563,0,14.0,5.22,0.87
1396,4,7.7,9.91,0.54
3142,5,18.8,8.67,0.37
2824,4,14.0,7.93,0.65
2188,3,1.1,5.51,0.53
2727,2,0.0,8.15,0.84
2358,2,18.5,6.99,0.73
1926,3,0.0,5.69,0.97
746,0,9.7,7.45,1.0
1616,4,7.7,8.18,0.63
1565,1,3.6,9.6,0.79
1006,0,15.5,8.89,0.99
759,3,10.8,6.77,0.62
2144,7,12.4,10.59,0.39
2027,3,11.1,10.58,0.54
982,2,21.3,6.8,0.57
1277,4,13.6,8.94,0.54
2612,2,7.2,8.8,0.47
1185,4,14.8,9.18,0.82
1919,0,1.8,5.38,0.74
1667,2,13.6,7.86,0.56
2154,1,14.0,8.16,0.59
1200,3,9.4,7.78,0.73
1863,3,11.5,8.01,0.5
1918,2,11.7,7.89,1.0
1961,2,10.8,7.7,0.61
1855,0,12.7,7.74,0.76
2041,0,12.5,8.56,0.5
3334,6,13.8,9.92,0.45
3592,5,10.5,10.07,0.69
1352,3,6.3,8.75,0.78
500,1,5.5,7.71,0.89
2216,3,5.7,7.03,0.52
1930,3,17.9,7.59,0.68
2542,2,12.4,8.58,0.72
1999,4,8.4,7.41,0.72
1841,3,12.2,8.07,0.69
2590,1,8.7,7.57,0.92
2688,4,16.2,10.44,0.66
829,2,14.8,6.79,0.72
1228,2,16.8,9.27,0.56
1726,5,8.6,9.06,1.0
1868,1,2.2,8.59,0.59
1641,3,16.3,7.15,0.68
2103,1,5.6,7.17,0.87
2497,2,8.5,5.07,0.91
3005,2,10.9,8.46,0.73
2205,2,12.1,9.34,0.67
1203,2,6.9,4.45,0.68
1696,4,19.2,8.13,0.85
1747,3,14.3,6.77,0.87
2160,3,19.4,8.78,0.71
2071,2,14.1,7.72,0.74
3235,7,20.3,9.96,0.35
1476,3,18.1,7.91,0.8
2069,3,16.6,6.84,0.64
3448,1,17.2,7.62,0.59
1390,0,0.0,7.54,0.35
1901,2,7.5,8.73,0.61
1138,6,9.8,8.43,0.63
1857,1,0.8,5.89,0.76
1253,2,13.9,9.06,0.69
2532,2,20.3,8.26,0.59
1903,3,9.8,9.17,0.63
1145,1,9.4,7.48,0.76
2388,3,13.5,6.39,0.78
1925,3,8.3,9.44,0.81
2466,2,11.4,9.96,0.69
996,3,20.9,9.13,0.75
2058,2,7.3,8.54,0.72
2341,2,7.6,6.45,0.6
1503,1,6.6,6.53,0.53
918,3,9.7,8.1,0.85
1770,3,12.5,8.15,0.72
2659,2,5.0,8.95,0.52
1500,2,8.2,7.75,0.79
901,2,12.0,6.35,1.0
1498,3,14.6,8.1,0.84
1472,4,13.5,11.12,0.63
2112,6,18.0,8.45,0.44
1726,3,6.5,9.3,0.49
1272,2,10.3,6.23,0.77
2572,3,12.2,8.63,0.73
1898,2,9.6,8.98,0.68
2104,1,6.9,7.64,0.79
592,3,10.9,8.53,0.59
500,4,16.0,10.04,0.56
793,1,5.9,6.68,0.8
1463,1,9.8,6.08,0.62
2203,1,13.1,8.33,0.78
500,0,11.9,6.3,0.69
2914,2,5.9,7.78,0.54
1919,1,10.2,7.61,0.71
2752,1,9.6,6.33,0.72
1179,0,9.3,6.71,0.85
2152,4,16.4,9.06,0.68
1859,2,7.2,7.54,0.85
2372,3,16.5,9.17,0.81
1636,3,9.2,6.6,0.52
2131,4,14.0,7.56,0.74
2571,0,7.0,8.64,0.75
1344,2,17.3,6.58,0.84
1969,3,12.2,8.81,0.57
500,3,15.2,10.64,0.54
2291,1,5.2,7.28,0.54
3168,2,9.7,8.43,0.8
928,1,11.9,7.2,0.65
1736,0,0.0,8.78,0.68
2416,3,9.6,8.86,0.84
1821,3,8.1,8.48,0.7
1915,5,7.1,8.89,0.67
1500,1,10.8,7.0,0.83
1739,4,9.0,8.6,0.73
1829,3,1.2,9.78,0.82
972,1,12.8,8.9,0.91
1753,4,9.7,7.22,0.7
2897,3,8.5,9.4,0.41
1506,2,16.4,7.72,0.65
933,3,6.3,9.06,0.73
1694,0,9.2,6.71,0.76
1299,2,13.1,7.19,0.67
863,2,13.8,6.47,0.84
1897,0,0.0,5.86,0.64
1302,3,16.1,8.08,0.62
1362,1,7.0,5.44,0.71
1907,2,9.6,7.56,1.0
726,2,14.7,5.91,0.39
580,2,12.1,7.89,0.9
2269,1,3.3,8.81,0.55
500,1,16.3,7.52,0.72
1116,1,9.5,6.67,0.81
540,3,14.5,7.97,0.72
1459,3,5.9,7.12,0.65
1878,2,8.7,8.93,0.67
3474,3,6.6,9.57,0.61
2560,3,5.5,10.3,0.7
1148,1,11.3,8.05,0.68
2543,4,9.2,7.99,0.69
2212,2,7.4,8.09,0.61
1852,1,9.7,10.71,0.76
1991,5,17.5,9.89,0.27
762,1,9.5,4.4,0.73
1909,1,7.0,9.47,0.8
1849,2,17.2,8.07,0.75
1167,4,8.8,6.75,0.43
1423,2,5.3,7.01,0.66
2860,4,17.5,9.27,0.72
1712,3,20.9,9.37,0.77
3249,1,13.8,7.67,0.79
581,1,6.4,6.15,0.7
1434,2,14.8,7.75,0.5
716,2,3.2,6.31,0.51
953,5,7.3,9.86,0.71
1220,2,14.8,6.05,0.83
2020,5,12.7,9.15,0.44
1986,2,14.5,6.82,0.62
1324,1,11.5,6.81,0.76
500,2,10.1,7.8,0.73
2834,0,6.3,6.96,0.81
1599,4,11.6,6.73,0.65
1018,3,12.3,7.12,0.53
1992,3,5.2,9.39,0.76
1943,4,16.0,11.24,0.73
1574,2,2.9,5.56,0.56
1903,3,23.4,10.1,0.81
2331,3,7.9,10.54,0.59
1102,0,15.5,8.12,0.97
1376,3,7.4,8.58,0.9
2254,2,16.8,7.14,0.76
2642,2,12.2,6.44,0.78
2910,5,21.0,8.87,0.68
2539,4,6.5,6.56,0.65
1573,1,14.5,6.34,0.81
721,3,2.2,6.72,0.65
2783,3,11.1,9.56,0.78
2759,4,2.4,9.74,0.54
1329,4,10.5,9.98,0.68
2444,3,11.5,8.7,0.48
1567,1,15.2,6.94,0.57
2850,3,8.8,8.32,0.71
1439,4,19.6,9.69,0.52
3185,2,17.9,8.69,0.74
2350,2,6.2,5.89,0.41
3058,1,17.0,7.92,0.51
1475,2,4.9,6.89,0.71
2083,2,0.4,7.5,0.47
1121,5,13.4,7.36,0.54
2390,3,10.4,7.9,0.67
2429,4,9.7,8.26,0.68
3477,4,8.8,11.04,0.64
2137,1,11.5,7.62,0.71
2306,1,1.0,6.8,0.8
1470,0,10.3,7.84,0.51
2178,1,8.2,9.4,0.85
1534,2,4.2,11.53,0.78
1881,0,4.4,7.06,0.69
1922,1,3.0,5.54,0.85
1553,5,17.8,8.04,0.67
1844,1,7.1,6.5,0.97
1537,2,3.5,6.21,0.84
1534,2,13.4,6.35,0.67
2553,3,14.0,11.34,0.53
1922,2,7.3,4.79,0.85
2042,0,11.4,8.88,0.76
779,2,9.4,5.3,0.66
2096,4,16.9,11.29,0.52
2171,1,2.1,8.26,1.0
1521,2,14.2,7.21,0.56
3259,1,12.2,7.71,0.83
500,2,19.3,7.7,0.92
2349,2,9.5,7.72,0.64
2298,4,12.0,7.09,0.64
2179,5,14.4,10.52,0.33
1923,1,11.0,7.46,0.54
2185,1,9.1,6.75,0.99
2407,3,14.6,8.29,0.45
1291,2,7.7,6.71,0.69
2009,3,14.4,8.95,0.74
1671,2,14.6,8.71,0.58
1034,4,17.7,6.27,0.55
2302,3,13.0,9.33,0.82
1404,7,18.2,9.76,0.4
751,3,10.5,6.9,0.63
1422,4,11.8,9.15,0.51
1240,3,18.1,8.26,0.58
2519,4,8.3,7.07,0.95
1907,1,4.3,6.76,0.54
2767,5,16.1,9.59,0.94
1333,0,0.1,6.03,0.59
2411,5,15.3,9.03,0.39
2049,2,6.9,6.42,0.52
2403,2,17.2,6.24,0.8
2285,4,13.1,9.24,0.74
804,1,0.0,4.6,0.57
2210,2,3.8,8.97,0.54
2014,2,15.4,10.57,0.78
1618,2,8.9,7.92,0.66
1181,1,18.5,8.3,0.62
2285,2,5.3,5.58,0.64
1119,2,15.7,8.04,0.75
3293,2,15.5,8.23,0.78
1879,0,0.2,5.96,0.69
943,1,6.3,6.58,0.81
1440,0,14.6,9.22,0.77
1605,1,15.7,8.2,0.63
3488,3,11.1,11.49,0.72
1180,3,11.4,6.11,0.65
1718,5,8.3,8.81,0.45
1423,0,14.5,8.94,1.0
2149,4,15.9,8.94,0.8
1434,2,3.2,7.22,0.77
1002,6,14.9,11.03,0.83
1663,1,14.4,9.64,0.66
1590,3,10.9,9.55,0.64
1385,1,12.2,8.31,0.63
1422,2,8.5,8.27,0.85
2629,2,10.6,9.11,0.72
1576,4,15.0,7.97,0.64
1006,3,13.0,6.53,0.54
1476,4,11.6,7.89,0.51
1838,2,8.1,6.96,0.61
864,3,15.3,8.64,0.72
2938,3,19.7,7.43,0.7
2407,2,13.1,6.29,0.79
2801,7,8.1,10.42,0.55
2074,2,5.3,7.06,0.53
500,2,6.9,8.43,0.75
2874,2,0.0,6.21,0.73
1195,5,20.3,8.44,0.63
1252,4,7.1,9.69,0.48
1909,5,15.5,10.42,0.68
2764,1,7.9,7.16,0.69
2537,2,10.3,10.15,0.66
2434,5,12.0,9.15,0.63
1581,2,4.0,8.07,0.92
1570,2,19.2,7.53,0.82
2042,2,4.5,6.35,0.35
1708,1,5.6,8.6,0.82
2422,5,20.9,8.26,0.81
2381,2,9.6,8.06,0.99
2213,1,10.3,6.43,0.74
500,5,17.0,8.64,0.47
1889,5,21.1,9.85,0.67
1723,5,15.0,10.16,0.47
1917,2,5.8,7.85,0.71
1271,1,1.1,5.64,0.89
872,2,12.3,5.61,0.38
2124,3,15.7,8.26,0.57
1550,3,4.7,7.56,0.74
2202,4,11.1,9.05,0.32
1330,1,7.2,6.55,0.58
2791,4,6.2,8.03,1.0
2500,2,22.7,7.85,0.76
2007,6,5.2,7.83,0.61
1650,2,11.1,7.83,0.77
2396,5,11.7,8.37,0.61
2074,3,7.2,6.89,1.0
1967,2,10.5,8.47,0.87
2530,4,18.3,7.53,0.57
2798,3,22.0,7.52,0.55
923,3,12.9,7.22,0.73
1064,1,7.6,5.33,0.56
1253,2,7.4,4.92,0.78
748,4,7.0,7.05,0.87
1756,3,19.2,8.59,0.75
2220,3,16.2,7.32,0.64
1785,4,10.8,9.5,0.81
1426,4,14.7,10.07,0.79
2588,3,8.9,9.37,0.45
1898,3,18.8,8.88,0.67
2040,2,13.2,6.97,0.63
1713,2,12.2,6.92,0.61
3242,1,9.3,7.29,0.89
1486,5,15.8,9.14,0.51
3198,4,14.7,11.35,0.48
1117,1,11.9,5.39,0.71
2162,4,13.6,8.55,0.28
1350,1,10.2,7.03,0.64
2583,4,12.2,9.14,0.58
1465,4,13.0,9.09,1.0
2003,4,11.5,8.45,0.61
1344,3,9.0,8.78,0.98
2456,3,7.7,9.74,0.7
1340,1,11.3,9.18,0.74
2978,3,12.3,7.21,0.83
1102,1,5.1,6.26,0.61
858,3,17.6,7.88,0.55
2466,3,11.0,7.81,0.64
1385,6,22.6,9.56,0.46
1794,5,16.2,9.0,0.54
1574,2,0.0,7.45,0.69
881,1,8.5,7.19,0.68
1746,2,3.2,9.09,0.47
2685,7,14.1,10.17,0.69
2502,1,8.0,8.15,0.66
1962,0,13.3,7.09,0.91
2578,0,10.2,7.82,0.82
1058,1,8.5,6.45,0.76
1572,1,8.1,8.57,0.75
2077,3,6.3,7.89,0.51
1708,0,7.5,8.13,0.89
1627,1,11.3,8.12,0.76
959,0,11.4,5.59,0.7
500,3,17.0,8.93,0.79
2372,3,15.5,9.13,0.68
1970,2,9.6,6.36,0.62
2431,3,5.6,6.99,0.6
1493,2,6.9,6.72,0.57
1301,3,9.1,7.65,0.7
1804,1,5.9,7.07,0.53
2397,4,3.7,8.05,0.59
1637,3,8.2,9.8,0.7
2361,7,14.3,10.21,0.49
1095,1,0.0,6.91,0.77
1686,0,6.0,6.34,0.85
1750,2,8.3,8.07,0.43
2658,5,14.6,8.86,0.58
1945,4,12.0,9.26,0.38
3022,6,21.3,8.82,0.78
856,5,19.2,8.54,0.69
1890,2,9.4,7.83,0.6
1925,1,9.9,7.4,0.64
2234,4,13.7,7.81,0.73
1230,1,3.4,6.5,0.67
2979,3,9.6,9.86,0.79
1809,4,8.1,6.23,0.57
1039,3,10.2,7.84,0.68
1788,3,12.0,7.36,0.57
1580,4,2.5,10.62,0.57
2534,4,18.3,10.63,0.96
1834,5,23.4,9.57,0.52
1721,2,2.9,5.49,0.51
2465,2,0.7,8.9,0.45
2499,5,21.9,8.32,0.79
500,1,7.1,5.97,0.82
2250,1,7.9,8.04,0.69
1819,6,10.9,10.49,0.35
882,3,6.8,7.97,0.83
2416,2,10.3,8.44,0.87
3372,3,22.6,9.93,0.58
2189,3,11.0,8.81,0.66
2570,5,16.4,8.28,0.73
3062,6,10.0,10.98,0.35
1218,3,10.8,6.93,0.47
500,3,12.4,6.32,0.72
2259,1,8.7,9.13,0.62
1626,5,11.5,8.09,0.72
838,1,16.6,7.87,0.67
1745,3,10.2,6.39,0.74
2309,1,8.3,8.59,0.61
1695,3,12.8,7.58,0.67
1249,3,9.4,9.45,0.62
1643,7,20.9,11.72,0.51
1786,3,2.6,7.67,0.65
500,2,7.7,6.8,0.66
1700,3,17.1,6.9,0.68
858,3,13.2,8.39,0.47
2261,1,4.1,5.57,0.75
707,0,4.2,5.67,0.77
2508,1,10.3,9.28,0.97
1513,1,0.0,6.09,0.68
1419,2,11.7,5.54,0.4
2006,2,13.5,7.39,0.86
1193,3,10.8,8.87,0.92
1995,5,16.2,10.51,0.73
1287,3,21.1,7.03,0.76
1410,4,12.4,7.39,0.33
2083,5,8.4,9.24,0.49
1002,1,4.9,6.94,0.77
914,2,12.2,7.39,0.96
1973,4,11.2,6.89,0.7
1781,3,10.7,7.3,0.47
1918,2,18.0,6.97,0.65
2029,2,8.6,6.75,0.63
1840,4,9.1,7.34,0.93
2225,4,14.8,8.3,0.75
1868,3,16.0,9.49,0.48
500,6,21.0,10.49,0.4
576,2,21.1,7.05,0.85
3149,3,20.2,9.4,0.82
1800,4,11.4,8.18,0.66
2465,6,15.7,11.4,0.59
1558,2,7.6,8.84,0.79
1759,1,2.5,6.33,0.82
1482,1,16.2,8.15,0.64
3526,4,6.5,10.8,0.61
1977,2,10.4,7.52,0.64
1425,6,16.5,8.13,0.49
643,1,16.0,8.55,0.69
3181,4,17.3,11.35,0.68
1685,3,12.2,8.17,0.87
2320,0,4.8,8.5,0.63
2399,4,0.0,6.98,0.61
1476,2,2.2,7.06,0.89
2270,4,11.7,7.42,0.55
1377,2,14.4,7.95,0.35
1106,0,3.9,6.64,0.88
2615,5,14.7,10.9,0.85
1689,2,9.2,7.65,0.63
2162,7,14.4,10.66,0.68
2087,2,10.2,4.19,0.74
2246,2,12.8,6.09,0.52
710,5,12.1,10.26,0.74
1390,1,10.2,8.15,0.89
1572,4,13.7,6.27,0.6
1217,3,5.6,4.89,0.78
2100,3,18.5,8.43,0.56
2630,2,18.1,7.51,0.75
2741,2,1.2,6.04,0.77
1562,2,10.1,7.99,0.69
2004,1,6.9,9.17,0.55
2111,0,9.7,7.27,0.77
2234,2,20.2,7.64,0.76
1185,2,12.3,8.1,0.54
3074,6,9.1,11.56,0.72
2448,4,3.6,8.89,0.55
2466,3,17.4,7.79,0.62
2642,3,13.4,9.47,0.48
2173,4,13.6,10.53,0.71
1080,3,13.9,6.8,1.0
1702,3,13.5,6.73,0.61
644,3,10.8,6.87,0.55
2090,1,11.9,5.94,0.67
1681,2,9.4,7.7,0.71
1771,3,11.6,6.72,0.73
2642,5,11.8,7.87,0.76
1480,5,6.9,7.54,0.72
1623,2,14.3,8.46,0.62
1815,4,15.6,7.48,0.7
512,3,9.5,7.51,0.4
1613,1,8.4,6.09,0.61
500,2,3.4,7.3,0.58
1390,1,9.0,7.05,0.7
2398,1,1.9,7.45,0.44
2113,0,5.9,7.72,0.87
1383,1,4.9,7.87,0.56
1828,2,9.4,8.11,0.78
1047,4,14.5,5.37,0.83
1798,5,18.9,6.8,0.96
3092,5,6.9,9.29,0.73
1836,0,19.0,7.04,0.7
1912,5,15.9,9.88,0.67
1114,1,14.5,8.51,0.66
1238,3,18.5,6.19,0.53
2053,3,11.4,7.78,0.67
1432,1,5.9,4.58,0.78
2432,6,18.5,9.83,0.82
2898,1,14.0,7.28,0.5
2032,6,18.0,9.85,0.55
1871,5,19.8,9.12,0.42
623,3,17.0,8.45,0.58
2323,3,16.6,5.44,0.74
999,4,16.5,8.33,0.58
1507,2,2.8,7.82,0.74
2471,7,19.3,7.82,0.77
2520,2,9.9,7.33,0.59
1473,2,0.0,6.84,0.47
1513,0,8.7,8.03,0.6
1310,2,10.2,7.6,0.65
1355,2,7.1,7.05,0.75
670,4,7.7,7.82,1.0
2278,5,13.2,10.21,0.31
2076,0,0.0,8.18,0.54
2192,2,6.0,9.19,0.65
1131,3,17.5,10.29,0.81
963,1,12.0,6.85,0.63
1837,1,3.8,7.17,0.7
1844,5,14.7,9.58,0.55
1696,0,5.6,4.94,0.68
1597,2,13.4,7.78,0.76
2997,6,21.2,11.69,0.6
2098,2,19.1,7.27,0.97
3179,2,8.2,8.05,0.9
2688,4,13.0,6.83,0.45
2992,5,12.3,10.9,0.59
1047,2,12.1,7.97,0.78
2215,3,11.7,8.8,0.63
1497,2,6.6,8.71,0.46
635,3,18.5,7.3,0.56
2847,4,8.3,10.59,0.62
1594,2,10.0,8.01,0.51
1061,4,15.3,6.32,0.7
1509,1,5.5,6.73,0.45
1242,3,7.4,6.81,0.46
1314,4,18.3,8.71,0.58
1644,3,16.3,8.96,0.67
3011,3,21.2,8.1,0.75
1333,5,17.8,8.41,0.44
2961,2,5.6,7.47,0.64
2394,1,1.9,8.39,0.61
2077,5,6.1,8.2,0.49
2323,2,3.8,8.28,0.75
1809,5,17.5,10.91,0.69
2700,2,13.4,7.91,0.86
2196,1,5.9,7.0,0.72
634,5,15.5,8.4,0.37
2007,3,16.1,7.7,0.79
1597,2,16.1,6.62,0.65
1888,3,9.3,8.09,0.83
1370,6,18.1,6.76,0.46
835,1,8.4,5.94,0.39
714,7,15.2,8.89,0.64
724,1,11.7,7.74,0.74
2268,1,9.8,5.96,0.9
500,5,7.9,7.18,0.65
1333,2,2.4,6.46,0.63
1264,2,10.2,7.37,0.71
500,2,9.2,6.12,0.65
2082,3,6.2,6.47,0.77
908,5,13.2,8.23,0.64
2592,5,15.4,8.58,0.42
1364,0,5.7,5.82,0.73
1733,4,17.9,9.51,0.95
1802,2,13.6,9.08,0.87
1970,1,14.3,9.38,0.81
1825,0,2.4,6.54,0.75
1501,1,12.3,7.04,0.5
2040,2,11.4,6.95,0.89
2126,3,9.9,6.69,1.0
1264,3,12.3,6.87,0.88
2098,3,13.9,6.99,0.79
2634,2,11.8,6.28,0.61
2294,3,20.3,9.89,0.54
2452,5,6.6,7.27,0.49
1920,4,15.0,6.75,0.48
1144,5,12.3,8.62,0.71
1233,1,18.2,9.12,0.88
2023,3,11.2,8.74,0.56
2459,2,16.2,5.59,0.62
2487,0,10.7,7.19,0.52
980,3,10.1,6.96,0.66
1262,0,12.6,7.81,0.82
3394,3,11.4,8.68,0.76
1649,1,10.7,6.12,0.79
1833,4,18.4,9.97,0.5
1127,4,7.6,7.33,0.52
2895,1,8.0,5.74,0.34
2150,0,6.6,5.47,0.69
1257,1,12.7,6.35,0.67
1104,1,18.8,7.3,0.65
1830,0,14.1,10.06,0.85
2382,2,12.4,9.56,0.63
2182,5,9.0,11.45,0.61
1614,1,10.6,6.21,0.86
1419,2,13.6,6.28,0.88
1688,1,6.8,5.93,0.63
1414,2,16.4,7.3,0.62
1708,3,13.2,9.55,0.57
1811,4,7.0,9.5,0.53
1171,1,7.5,7.34,0.49
2241,2,10.7,8.47,0.65
1540,2,17.7,7.3,0.89
1210,1,8.2,8.63,0.92
1553,2,20.9,4.66,0.76
1969,4,23.1,8.54,0.86
1858,2,12.5,7.24,0.78
2095,3,20.1,7.86,0.75
2428,2,7.8,7.74,0.86
2713,5,14.8,11.33,0.69
1051,1,12.3,8.23,0.88
1611,0,6.5,6.11,0.82
1096,3,18.7,8.45,0.54
2987,6,18.4,10.15,0.66
3191,4,10.8,10.33,0.61
2255,2,7.5,8.77,0.85
2400,2,20.4,7.07,0.9
1975,0,1.9,8.1,0.77
2056,2,4.5,6.81,0.83
681,2,8.7,7.89,0.72
1748,1,8.9,7.97,0.72
1183,3,4.8,6.61,0.79
1996,3,17.9,7.54,0.68
1758,2,12.1,6.97,0.74
3162,1,24.2,10.81,0.95
2441,2,18.3,6.71,1.0
1999,3,5.5,7.42,0.74
1613,2,13.8,7.15,0.67
2973,5,11.5,8.94,0.83
1779,0,4.1,7.75,0.89
2032,2,7.3,8.39,0.8
1829,3,8.6,6.39,0.61
1517,3,7.6,5.69,0.68
1825,2,6.8,6.88,0.61
500,3,19.7,6.6,0.81
716,2,13.4,9.27,0.77
2044,1,7.1,5.72,0.54
2897,2,10.8,7.66,0.52
2043,4,18.4,9.85,0.86
1295,2,10.8,6.32,0.73
790,3,4.7,6.15,1.0
2349,3,15.9,8.99,0.68
1402,3,11.7,10.42,0.97
2250,3,9.9,7.73,0.55
2072,7,11.7,11.36,0.53
1823,4,7.6,10.39,0.49
2068,5,12.1,10.49,0.66
1716,5,15.8,7.69,0.71
1355,2,8.9,8.87,0.87
1125,4,18.2,9.18,0.69
500,4,13.0,7.55,0.65
1673,2,13.4,7.1,0.98
2863,3,11.5,8.22,0.6
2311,4,22.7,10.47,0.78
1959,1,5.9,8.51,0.84
1286,3,6.2,8.52,0.6
2498,2,10.6,8.66,0.67
1716,4,15.8,11.07,0.58
2902,1,8.5,8.76,0.54
1113,2,12.5,7.36,0.5
1275,1,8.5,5.36,0.56
1206,3,12.2,7.74,0.58
762,3,10.7,6.09,0.32
1144,2,7.6,8.05,0.58
1872,1,4.7,8.04,0.83
1301,3,8.7,9.16,1.0
500,2,8.2,5.52,0.55
2551,4,19.8,6.45,0.48
621,2,5.2,5.66,0.97
2212,4,10.2,9.88,0.6
1821,6,16.8,10.29,0.63
3282,5,18.2,10.43,0.86
2497,2,13.3,6.35,0.74
1446,4,6.9,7.86,0.68
1308,2,15.5,8.18,0.72
2851,1,12.6,8.43,0.85
766,2,6.5,7.64,0.68
1933,2,7.7,7.43,0.93
1708,4,11.3,7.7,0.64
1559,4,14.1,8.9,0.77
2047,2,19.4,6.44,0.51
1932,4,21.0,8.44,0.32
2120,3,19.8,9.01,0.63
1897,1,9.0,6.83,0.59
2092,2,12.2,8.28,0.66
1865,2,10.8,7.23,0.9
1338,4,12.0,8.11,0.57
1802,2,6.9,8.5,0.83
1299,1,18.8,8.87,0.98
1253,1,8.8,8.26,0.75
1716,4,11.9,8.95,0.66
1824,2,11.0,6.87,0.73
2441,6,16.7,9.71,0.28
1451,1,10.1,6.2,0.73
1937,2,6.3,8.54,0.46
1882,5,23.5,9.28,0.63
1373,2,9.5,7.9,0.91
1851,5,17.8,8.56,0.78
2501,3,13.4,8.51,0.77
1930,3,6.3,8.78,0.52
1958,4,11.9,9.93,0.38
1306,2,14.8,8.49,0.7
3178,4,10.9,11.62,0.5
1346,2,10.4,5.79,0.52
632,3,12.5,5.27,0.63
2402,2,8.7,8.36,0.87
1719,2,12.9,7.61,0.82
1587,3,10.6,9.12,0.78
1418,1,7.6,7.65,0.62
3110,2,16.4,10.06,0.43
2048,4,15.7,9.54,0.51
2184,3,6.8,8.23,0.65
1913,1,6.2,6.39,0.86
1989,0,9.4,7.02,0.79
2779,6,19.9,8.16,0.47
1624,1,4.9,4.7,0.63
780,4,17.2,6.72,0.75
2407,1,13.1,6.96,0.85
2147,3,13.8,10.38,0.8
1875,1,5.0,6.49,0.85
2129,4,9.2,7.38,0.4
1540,3,12.7,7.29,0.59
1814,6,18.8,9.13,0.6
1707,2,12.6,7.75,0.71
1385,3,9.6,9.17,0.52
2632,2,12.1,7.92,0.73
3452,4,4.9,8.32,0.74
2414,2,9.3,8.06,0.61
555,0,3.4,4.12,0.6
1643,4,12.0,7.54,0.62
1682,6,18.5,10.29,0.55
2074,2,3.7,9.74,0.77
1107,2,13.2,7.32,0.79
1822,3,11.8,8.38,0.77
1715,5,9.2,7.18,0.39
1283,2,10.3,6.62,0.87
1186,5,8.7,7.13,0.64
2443,4,11.9,9.18,0.66
612,2,14.6,5.29,0.67
2134,1,2.8,5.79,0.76
2358,2,9.1,7.43,0.9
1647,3,19.1,7.89,0.71
1836,1,9.4,6.93,0.72
2614,4,16.6,8.57,0.67
1306,1,7.9,5.8,0.76
1378,1,3.2,7.53,0.69
1453,2,1.8,5.93,0.82
2615,2,8.2,6.87,0.45
2704,3,22.4,8.07,0.71
822,0,7.3,7.71,0.81
2504,3,8.7,8.03,0.83
2373,4,13.9,6.18,0.52
2887,4,9.6,7.61,0.4
2069,2,10.5,8.62,0.86
1769,0,9.2,9.15,0.79
2601,7,9.5,10.47,0.43
2289,2,17.3,8.06,0.55
3371,5,14.4,9.25,0.65
2471,3,19.2,9.07,0.82
1907,2,7.0,6.45,0.83
978,3,7.8,10.98,0.61
1393,1,6.5,5.39,0.36
794,7,12.4,7.97,0.35
1649,1,15.5,6.47,0.59
2448,5,15.0,7.83,0.73
1797,2,14.4,7.97,0.56
2515,3,12.9,7.99,0.68
2036,3,14.4,8.05,0.75
1517,2,10.2,8.6,0.65
1861,0,8.7,6.91,0.97
2130,0,9.2,5.88,0.93
1897,0,10.3,5.67,0.52
1905,5,11.4,9.87,0.45
1261,3,10.2,8.68,0.64
1496,2,12.5,6.74,0.4
3380,4,17.5,8.15,0.76
2659,3,20.8,8.52,0.74
768,3,9.4,7.19,0.7
500,0,5.5,5.81,0.68
1853,0,0.0,6.71,0.57
2425,2,13.6,9.21,0.8
1436,1,12.2,6.23,0.52
2515,3,5.5,6.51,0.57
1841,5,14.3,8.76,0.34
1685,2,16.8,8.77,0.31
2329,2,7.1,6.81,0.72
1427,2,10.9,8.3,0.53
1599,3,10.3,7.93,0.62
2269,7,17.6,9.12,0.56
1778,2,17.4,9.31,0.66
3136,1,13.6,7.6,0.89
2285,3,4.1,9.12,0.77
2240,1,14.1,5.78,0.77
1765,1,10.2,7.09,0.55
2412,2,9.8,10.8,0.86
1574,1,16.5,8.94,0.7
1997,0,3.6,5.97,0.74
1158,4,15.3,8.49,0.84
2527,2,7.4,7.29,0.42
2003,4,13.2,7.36,0.38
3187,3,6.6,8.14,0.73
3474,2,8.0,8.7,1.0
2334,1,12.4,7.91,0.95
1847,4,8.7,6.71,0.64
1137,2,6.8,6.74,0.82
2433,6,14.1,7.13,0.59
1947,4,20.1,8.92,0.7
2176,3,3.8,8.55,0.67
3010,4,0.0,8.76,0.6
1222,4,11.0,9.99,0.75
1152,3,3.2,4.18,0.64
1634,1,10.2,7.07,0.83
2374,3,9.7,9.02,0.62
2188,3,8.1,10.84,0.59
1173,0,14.2,7.06,0.65
2329,2,10.3,7.41,0.51
959,1,16.0,8.56,0.78
1213,1,13.5,5.49,0.76
1719,0,0.0,7.06,0.51
1412,1,7.1,10.26,0.44
2422,3,3.7,8.4,0.71
2000,6,16.2,9.7,0.45
3035,3,15.1,8.1,0.57
1626,3,15.4,9.67,0.63
1714,1,6.2,5.36,0.64
2647,4,18.6,8.03,0.58
1736,3,7.3,6.71,0.82
2845,1,7.6,8.31,0.66
2178,5,13.1,7.14,0.36
500,1,22.3,5.53,0.67
2624,1,7.5,8.05,0.76
2438,4,10.8,9.81,0.82
2465,2,12.0,8.16,0.77
500,3,7.0,8.82,0.41
1335,1,11.8,7.96,0.97
1387,1,3.8,5.3,0.7
1211,2,2.9,6.2,0.72
3019,6,14.9,9.19,0.57
1791,3,16.5,8.94,0.72
1774,4,4.3,6.45,0.4
2186,4,13.0,8.17,0.79
2198,5,9.6,9.97,0.45
500,3,14.6,8.29,0.67
1347,3,13.4,7.74,0.81
811,2,9.4,5.91,0.66
2080,4,13.7,8.51,0.59
1597,3,21.6,7.0,0.61
1810,4,20.0,6.82,0.47
500,1,4.5,6.69,0.77
1583,0,3.3,7.16,0.8
2580,3,11.2,8.43,0.83
2786,4,4.9,9.95,0.51
2303,4,12.1,7.66,0.47
865,2,16.2,7.38,0.79
2681,3,15.4,7.9,0.79
2306,2,10.7,9.01,0.51
1717,4,18.1,8.29,0.93
500,2,7.0,5.52,0.8
2467,4,23.2,9.86,0.72
1385,2,9.0,8.28,0.71
1847,1,3.9,5.53,1.0
1712,3,19.8,8.67,0.51
1789,2,16.2,7.0,0.55
2905,4,7.6,8.17,0.54
1339,0,20.4,7.46,0.6
2370,1,9.5,7.12,0.79
1660,4,8.8,9.09,0.58
1098,2,14.2,7.23,0.64
1800,6,19.1,10.15,0.57
2284,3,11.1,8.14,0.68
2747,4,10.0,7.55,0.94
2832,2,12.1,7.77,0.78
1593,5,15.0,8.94,0.58
1108,1,7.5,7.19,0.88
1576,4,19.7,7.25,0.65
972,3,17.1,8.47,0.51
1647,5,23.5,8.57,0.61
1560,4,13.5,9.43,0.72
2309,2,9.7,8.54,0.77
500,2,14.4,6.85,0.66
1286,3,11.6,7.37,0.47
1292,1,9.7,6.43,0.72
2630,2,14.3,8.36,0.58
1020,3,7.5,9.6,0.85
1958,6,12.4,7.88,0.7
1710,4,22.7,10.97,0.57
2530,0,13.4,7.54,0.49
2217,1,0.0,8.96,0.55
1884,1,5.4,10.8,0.8
1411,2,18.6,6.69,0.46
503,1,6.2,7.05,0.6
1972,1,8.1,4.65,0.92
2171,1,5.5,6.79,0.85
697,3,14.0,7.12,0.51
936,3,4.9,9.06,0.78
1976,1,6.5,8.94,0.74
2037,2,12.4,7.24,0.56
1106,2,22.1,9.6,0.4
1398,4,11.0,9.27,0.62
514,2,9.0,4.98,0.72
890,1,0.0,8.14,0.82
2179,2,9.5,6.8,0.49
1775,2,4.9,7.08,0.7
2702,6,10.5,7.29,1.0
1245,1,12.0,7.01,0.37
1842,4,11.3,8.5,0.57
611,2,14.5,7.93,0.77
500,3,14.5,7.1,0.67
2217,3,4.5,6.63,0.66
550,1,1.5,7.31,0.83
1640,0,11.9,4.68,0.73
2507,2,2.0,6.13,0.77
2322,3,7.3,9.21,0.65
1334,2,11.6,6.52,0.57
688,2,14.9,7.52,0.7
2156,3,11.1,9.81,0.65
2739,1,15.1,7.06,0.43
1336,0,4.7,5.02,0.73
1237,3,14.4,7.98,0.86
1432,3,9.4,7.52,0.54
2200,2,14.3,8.19,0.72
2659,2,8.8,7.99,0.52
932,2,9.1,7.91,0.69
751,3,16.0,7.07,0.92
3437,1,11.0,8.25,0.95
1675,3,6.2,7.02,0.63
1977,2,22.8,6.24,0.94
1315,3,1.3,5.88,0.52
2142,4,4.9,8.82,0.54
2472,4,19.1,8.42,0.64
2009,1,14.7,7.25,0.79
3018,5,16.2,11.62,0.52
1571,4,11.1,6.0,0.65
1615,1,7.6,10.14,0.76
1961,5,14.7,11.19,0.54
2125,0,7.1,8.54,0.6
1959,3,8.0,8.34,0.88
900,2,11.7,7.03,0.82
2018,2,14.3,7.2,0.63
1538,2,9.5,7.38,0.7
1393,3,15.9,9.17,0.67
1822,5,13.0,7.81,0.41
1126,1,7.0,5.83,0.62
1005,1,9.9,9.35,0.61
500,2,18.2,8.64,1.0
3023,3,14.2,8.42,0.94
2189,3,18.6,8.13,0.83
1718,3,10.1,6.99,0.56
1332,3,13.3,7.79,0.88
500,2,15.3,8.44,0.68
1290,0,4.8,6.12,0.78
2301,2,2.8,7.27,0.57
2459,1,3.0,8.05,0.72
2249,1,13.7,8.62,0.7
1910,3,21.5,8.79,0.71
2712,6,11.7,9.44,0.29
1570,2,6.4,5.66,0.59
2559,4,24.9,11.11,0.44
1530,5,2.6,9.44,0.67
1183,1,15.2,6.63,0.93
1054,0,8.4,7.99,0.74
2261,3,12.3,8.22,0.47
1280,1,10.2,7.25,0.7
1076,1,9.9,4.97,0.67
2299,3,14.0,8.25,0.57
2029,4,3.9,10.31,1.0
2473,6,16.4,8.14,0.45
2158,5,18.1,9.29,0.52
1272,5,8.8,9.29,0.48
1853,1,13.1,8.1,0.65
1887,2,11.4,9.58,0.59
1156,5,10.3,6.92,0.74
1026,1,4.3,7.8,0.81
1323,2,4.9,8.04,0.58
3225,0,1.4,7.78,0.54
1511,0,1.9,4.4,0.9
2663,4,11.9,10.78,0.39
1471,2,13.3,6.87,0.77
2422,2,21.6,6.21,0.73
2431,3,12.1,8.12,0.53
2466,4,4.7,7.56,0.35
2071,1,13.3,7.52,0.84
2764,5,15.6,9.71,0.61
2064,6,17.8,11.1,0.3
2999,2,12.3,9.13,0.54
666,0,4.7,6.21,0.66
2043,3,14.4,7.96,1.0
1998,2,13.5,7.74,1.0
1144,4,7.5,7.09,0.59
2205,7,17.5,9.27,0.38
756,2,10.2,7.59,0.53
1342,1,12.2,7.12,0.78
500,2,22.4,7.7,0.85
2891,4,12.0,9.28,0.46
1637,2,17.2,8.94,0.77
3316,1,3.1,8.39,0.83
2362,5,15.7,10.1,0.73
2113,3,12.3,8.11,0.64
1389,3,12.0,6.88,0.45
1067,2,4.2,5.06,0.61
2166,3,19.5,10.12,0.7
1749,5,17.3,9.88,0.61
862,2,10.5,6.88,0.78
738,1,6.0,5.66,0.9
1128,1,11.2,8.89,0.79
3074,4,17.5,10.22,0.51
3349,2,9.0,8.51,0.83
1943,2,10.5,8.5,0.66
1904,6,16.5,9.75,0.53
1564,3,6.5,5.72,0.53
1145,2,2.4,6.91,0.55
2762,6,11.3,9.97,0.63
3111,3,6.5,10.31,0.82
1174,4,13.4,8.68,0.59
1742,3,16.6,8.0,1.0
1485,4,13.1,7.44,0.7
1505,2,6.6,8.39,0.63
2630,1,5.4,8.89,0.5
881,1,7.2,5.76,0.78
2126,3,18.6,8.33,0.75
2309,4,7.4,8.78,0.75
1700,3,11.6,5.96,0.61
2425,5,11.7,11.37,0.41
1903,2,11.9,8.05,0.58
2651,3,9.4,10.2,0.63
734,0,8.0,6.78,0.69
1555,4,5.0,5.84,0.51
1749,3,4.8,7.07,0.69
500,5,12.8,7.85,0.72
1039,2,8.2,6.51,0.78
1230,3,11.0,7.9,0.66
2463,3,11.4,8.35,0.61
1305,1,12.2,7.01,0.63
1227,2,7.2,6.03,0.72
2372,0,3.7,7.05,0.76
667,1,16.8,8.39,0.7
500,3,15.9,6.36,0.79
1546,1,11.0,7.72,0.83
786,1,9.4,6.03,0.75
813,1,17.5,7.1,0.66
2201,2,10.1,8.95,0.48
2413,3,14.8,8.67,0.58
2352,4,17.3,9.79,0.51
2576,6,23.2,8.62,0.54
500,1,5.6,5.93,0.6
2115,4,12.4,9.58,0.7
1429,2,9.0,7.6,0.42
1276,3,7.1,8.74,0.63
2192,1,7.8,6.86,0.61
588,1,2.5,7.79,0.93
574,2,11.0,6.05,0.68
2243,3,0.0,7.95,0.61
2141,0,11.0,8.41,0.69
1895,0,2.5,6.32,0.93
1184,3,5.7,8.43,0.76
2320,5,18.0,10.86,0.43
2276,0,7.0,7.58,0.63
1859,3,9.6,8.91,0.44
975,1,4.3,5.63,0.72
1502,7,12.6,9.75,0.39
2386,2,16.4,8.21,0.57
2729,1,10.4,7.06,0.86
1571,2,13.9,7.64,0.57
1625,1,1.7,7.11,0.61
1686,1,16.3,8.88,0.89
1992,3,9.4,9.2,0.96
1393,2,4.4,9.07,0.69
500,0,5.8,5.76,0.72
2634,1,13.3,4.17,0.69
3056,1,13.1,7.75,0.79
1371,2,5.1,4.7,0.36
1053,0,7.7,6.15,0.85
1704,4,10.3,8.3,0.58
1668,2,6.6,6.88,0.65
1838,0,6.0,7.73,0.59
1245,3,18.6,8.94,0.88
877,3,11.9,7.5,0.51
2405,3,10.4,8.56,0.87
2219,2,17.7,9.12,0.91
2542,1,17.3,7.28,0.81
1122,1,8.0,6.06,0.81
3086,2,16.9,8.34,0.71
579,4,12.0,8.91,0.68
2296,4,13.0,7.85,0.5
500,3,13.4,8.27,0.58
1246,1,13.8,7.07,0.63
2892,4,21.6,10.93,0.66
2381,2,6.2,7.55,0.49
1417,2,11.4,5.35,0.73
1436,0,0.4,6.68,0.85
1870,4,10.8,8.73,0.73
2159,1,10.3,6.57,0.62
2676,4,10.6,8.98,0.49
1480,2,15.0,7.0,0.81
671,5,18.5,8.8,0.48
1909,3,19.8,7.76,0.62
1479,4,8.0,7.59,0.92
889,2,16.0,6.22,0.68
2008,4,3.7,9.2,0.7
1650,3,10.1,6.49,0.74
2014,0,4.7,7.62,0.48
1173,5,17.4,10.7,0.65
2140,3,1.9,9.64,1.0
878,2,12.5,6.37,0.87
1220,0,0.0,8.7,0.88
1629,0,9.0,7.28,0.91
3019,2,11.6,7.33,0.86
2349,2,9.0,6.6,0.54
2554,4,18.5,8.29,0.75
2791,3,7.4,9.88,0.67
1829,3,12.1,8.05,0.61
2794,2,18.2,8.86,0.69
2508,4,4.8,10.17,0.51
2497,3,19.5,8.7,0.6
3041,4,18.9,8.52,0.68
1506,4,14.7,7.21,0.68
1450,4,13.1,10.44,0.7
2023,2,7.7,8.06,0.75
1672,4,11.3,9.77,0.49
2022,7,13.3,11.14,0.3
2893,4,6.7,7.83,0.67
1465,0,11.5,7.72,0.72
1586,1,14.0,5.04,0.72
1922,5,21.6,8.21,0.61
1640,4,12.2,9.04,0.56
500,5,18.3,10.17,0.65
1393,7,7.5,11.55,0.32
2281,3,11.0,8.06,1.0
2806,2,9.2,6.88,0.72
991,3,13.1,6.04,0.65
988,1,4.6,6.03,0.59
1821,3,9.3,9.5,0.72
500,3,7.7,8.73,0.41
1488,2,14.9,9.48,0.66
584,4,12.3,7.18,0.88
2758,1,9.4,6.75,0.55
1261,4,8.8,8.62,0.61
2579,1,11.6,6.31,0.77
1347,4,13.0,8.72,0.68
1049,3,7.3,6.91,0.59
1664,2,11.1,6.29,0.59
1726,4,15.8,9.99,0.62
2042,3,18.3,8.32,0.67
1256,2,14.4,7.85,0.72
2322,1,6.9,6.79,0.72
1985,5,4.3,10.03,0.79
1561,1,12.2,5.93,0.69
1301,0,1.8,4.71,1.0
1670,2,9.8,6.92,1.0
1228,2,11.6,7.53,0.59
1840,2,9.1,7.51,0.79
1859,0,9.5,6.54,0.8
1983,3,2.9,9.34,0.75
3036,5,14.0,9.02,0.64
1707,0,15.6,7.68,0.64
2503,2,8.6,5.42,0.56
1960,4,17.0,9.31,0.58
1633,0,6.0,6.22,0.71
1716,1,6.6,4.9,0.46
1758,4,9.5,8.45,0.85
1995,0,0.7,5.96,0.83
1128,4,14.5,8.57,0.99
774,1,8.3,5.35,0.44
2258,5,8.6,8.52,0.75
2428,1,5.8,6.22,0.81
2321,2,1.6,7.11,0.54
1908,2,12.0,9.09,0.74
2337,4,10.5,8.41,0.66
2299,3,10.1,6.33,0.77
2351,5,16.8,11.07,0.52
1198,6,20.1,10.49,0.42
1032,4,18.8,8.33,0.7
1528,2,12.9,8.22,0.78
1787,5,11.9,8.28,0.54
1630,2,4.1,8.17,0.85
500,3,18.8,8.72,0.72
3005,3,16.1,8.18,0.91
1920,2,16.1,7.94,0.56
2671,3,14.8,9.01,0.59
500,3,7.7,8.46,0.46
1441,1,4.1,6.51,0.77
1529,3,19.2,8.45,0.74
1564,1,6.1,4.75,0.56
1678,3,15.8,10.83,0.84
2812,1,11.0,7.83,0.82
2271,5,3.8,8.21,0.55
2470,2,11.5,8.08,0.72
1832,6,15.2,9.52,0.53
820,4,19.1,10.14,0.48
500,1,13.4,5.98,0.65
729,1,9.4,6.96,0.77
2051,1,15.6,7.83,0.75
1822,1,6.5,8.06,0.8
1652,5,14.0,7.96,0.66
1541,6,16.5,8.35,0.58
3208,3,4.3,10.72,0.74
1223,3,10.7,8.55,0.95
2449,2,4.1,8.56,0.65
1801,2,8.0,6.38,0.86
1757,4,2.6,8.19,0.63
2623,4,4.9,9.53,0.59
2823,4,19.7,11.84,0.59
1632,3,17.7,9.94,0.67
2359,0,7.6,8.4,0.46
2054,4,13.9,9.33,0.51
1805,1,3.9,6.22,0.94
1942,2,1.2,8.08,0.57
1318,5,18.9,10.8,0.78
1585,4,15.4,9.22,0.7
1393,5,10.3,9.87,0.49
2430,0,3.2,9.69,0.69
1733,1,10.1,7.54,0.43
891,4,13.2,7.42,1.0
1293,1,12.6,7.01,0.6
500,2,7.3,7.69,0.91
1453,2,6.6,8.12,0.66
1826,1,5.3,5.85,0.51
1704,0,19.1,7.49,1.0
3186,1,7.4,8.95,0.83
2202,3,12.6,8.57,0.93
2171,4,4.3,7.49,0.75
649,1,6.4,5.9,0.74
1544,4,10.8,7.64,0.5
1459,0,17.2,6.93,0.66
1249,3,17.8,9.57,0.39
1240,5,6.8,9.26,0.41
534,2,13.9,6.02,0.72
2411,3,10.2,6.02,0.5
1699,3,4.9,7.16,0.54
1445,1,8.5,6.92,0.69
1796,5,12.7,8.61,0.64
2617,5,4.3,10.44,0.55
1802,4,16.0,9.94,0.5
2178,2,14.3,11.84,0.59
1207,2,8.2,8.09,0.75
1366,1,12.0,9.6,0.52
2047,1,14.1,8.29,0.95
3124,3,6.9,8.29,0.53
2800,7,8.5,7.67,0.74
2207,1,11.1,7.95,0.42
1906,3,13.8,8.57,0.65
2780,1,17.2,8.14,0.85
2356,1,8.5,6.18,0.85
500,3,13.8,7.48,0.55
1062,2,8.0,7.64,0.72
2036,1,4.9,6.33,0.81
549,0,12.5,5.43,0.64
1171,3,15.3,6.53,0.55
1310,1,2.2,5.66,0.61
1620,5,14.5,9.27,0.53
1598,1,6.3,8.69,1.0
1597,3,15.1,8.47,0.68
2377,3,10.5,6.75,0.72
1614,5,13.8,8.73,0.29
1530,2,14.5,6.53,0.71
855,1,11.9,5.42,0.63
2517,2,4.5,8.23,0.76
1329,2,10.6,7.28,0.97
1039,2,11.0,7.33,0.31
1949,5,9.5,6.84,0.57
1263,2,12.3,8.33,0.73
1431,4,15.5,9.44,0.44
1980,1,1.9,4.55,0.76
1571,6,12.0,11.41,0.47
3418,3,12.9,9.39,0.5
1747,4,14.6,8.95,0.74
2232,4,11.9,10.4,0.48
500,0,12.6,8.65,0.68
1197,4,13.2,7.4,0.77
1039,3,11.0,8.3,0.97
1131,1,12.5,7.81,0.62
2090,3,21.4,8.4,0.74
2524,2,11.4,6.99,0.86
2041,7,16.7,9.9,0.43
1641,3,8.3,8.38,0.45
1358,1,8.0,5.24,0.73
2579,4,5.2,9.06,0.7
3249,1,9.1,10.55,0.64
1894,0,5.3,8.01,0.65
2457,4,11.2,9.0,0.3
2040,5,17.2,8.38,0.67
2328,5,15.2,10.47,0.82
984,3,17.6,7.79,0.47
1458,1,15.6,8.4,0.53
2076,4,11.8,8.15,0.43
2648,4,16.4,6.35,0.53
1227,3,13.2,7.14,0.74
500,3,14.7,7.93,0.6
1451,1,10.4,5.33,0.79
2507,3,9.3,8.54,0.43
691,4,14.2,9.68,0.47
976,4,10.2,7.42,0.51
1909,2,18.6,8.89,0.64
1718,2,14.5,7.06,0.64
2216,2,25.2,7.61,0.74
939,5,13.2,11.48,0.57
1572,3,16.4,5.44,0.75
2636,1,18.7,7.25,0.81
964,7,17.7,11.73,0.43
2833,2,10.7,8.03,0.58
2394,3,7.4,7.4,0.81
1538,2,15.0,7.54,0.7
998,0,10.6,7.92,0.73
1452,1,14.6,6.53,0.72
2181,4,18.5,10.07,0.87
1795,1,2.0,8.34,0.95
2582,2,11.3,7.12,0.68
2805,4,13.8,9.01,0.93
971,2,13.0,7.87,0.77
920,6,10.4,8.7,0.56
886,1,11.5,6.49,0.79
1170,3,10.1,7.3,0.64
2572,2,7.5,7.73,0.54
2192,2,7.4,4.89,0.78
1418,1,3.9,6.33,0.85
1792,5,17.2,8.25,0.45
2783,2,0.0,6.41,0.61
3135,2,13.4,9.03,0.58
1981,1,9.3,7.53,0.88
500,2,8.8,6.1,0.57
2008,2,14.7,11.59,0.95
2454,5,10.5,11.16,0.64
1957,1,6.0,7.2,0.77
2308,5,8.7,8.26,0.63
2049,1,2.6,7.83,0.62
935,1,9.0,5.82,0.59
1179,2,20.4,7.36,0.52
1575,4,10.3,7.84,0.43
2545,1,10.8,7.24,0.8
1263,2,3.3,8.0,0.68
2119,1,9.4,7.82,0.71
2012,2,11.5,7.28,0.62
2910,2,14.1,7.09,0.6
1770,0,1.9,5.47,0.71
571,1,14.1,5.58,0.74
2252,1,3.0,6.37,0.72
2298,3,11.2,5.95,0.64
1248,2,20.7,8.43,0.59
1042,4,20.6,10.57,0.91
1132,4,9.3,10.9,0.77
3202,3,5.2,6.93,0.89
1570,4,13.4,7.29,0.54
1336,3,7.3,7.04,0.6
1689,3,19.0,9.28,0.76
1578,6,23.7,8.36,0.4
1089,3,14.0,6.29,0.94
1885,2,1.0,6.51,0.65
2644,0,16.8,6.81,0.77
2907,5,8.2,10.3,0.55
1859,5,11.1,10.57,0.82
1579,3,17.9,8.05,0.67
1846,0,0.0,7.22,0.91
1733,4,12.5,9.35,0.9
640,5,10.7,7.27,0.58
2886,1,11.2,8.51,0.62
1972,4,11.9,7.21,0.58
985,2,16.4,8.78,0.63
500,2,15.8,7.34,0.8
500,2,16.9,8.07,0.31
2339,1,14.3,7.0,0.86
1366,5,18.6,8.89,0.84
1481,3,5.0,8.27,0.52
2141,1,20.5,7.06,0.6
1438,1,5.6,6.61,0.49
2182,1,16.4,8.65,0.58
1866,2,9.3,7.66,0.91
1741,5,19.0,9.36,0.44
699,1,7.3,5.51,0.74
1226,2,12.8,7.52,0.5
2221,2,8.6,9.6,0.72
1322,1,0.0,6.43,0.65
2643,2,9.5,7.23,0.84
3442,3,20.4,7.56,0.73
2259,6,12.2,10.09,0.7
2844,4,16.6,9.91,0.61
2304,2,4.3,7.62,0.55
1426,3,10.7,8.17,0.62
1940,1,9.3,5.25,0.9
3209,1,7.6,8.26,0.59
1433,4,10.0,9.94,0.55
1072,2,4.9,5.01,0.8
1006,0,12.4,7.6,0.67
1647,2,10.3,7.23,0.82
1097,3,2.1,9.58,0.74
2971,4,2.3,7.92,0.65
1951,3,16.4,9.32,0.82
2480,3,12.0,9.56,0.78
1590,2,7.1,8.21,0.52
1001,2,17.3,8.14,0.69
883,2,8.4,5.41,0.83
1164,1,9.9,5.75,0.55
2043,4,18.2,9.73,0.79
2163,3,16.4,9.36,0.72
2222,5,17.8,9.51,0.7
757,0,6.6,6.65,0.82
1799,4,4.6,11.77,0.8
1081,3,13.0,7.65,0.43
2081,1,11.9,8.37,0.75
2135,2,2.3,7.65,0.67
979,3,9.7,7.29,0.48
2477,3,11.7,10.42,0.89
3437,4,13.6,10.37,0.54
2384,1,7.6,5.46,0.79
1686,6,6.5,8.88,0.41
1578,4,8.0,8.11,0.51
1653,1,14.5,8.0,0.64
1267,5,9.0,7.61,0.8
1976,5,11.3,8.3,0.57
1003,4,2.7,5.57,0.48
500,0,11.9,6.95,0.73
1953,2,9.9,6.39,0.64
1814,2,5.2,7.12,0.75
1400,2,9.0,8.8,0.82
902,0,18.4,7.28,0.53
2002,1,10.7,5.62,0.64
1106,3,20.3,9.52,0.6
1702,3,5.1,5.98,0.49
3035,0,7.3,8.11,0.62
2255,3,6.1,8.54,0.77
841,1,7.6,8.34,0.78
907,2,9.3,5.3,0.59
1906,1,15.2,8.27,0.63
837,1,13.5,7.31,0.9
500,1,11.7,6.48,0.86
2172,2,2.5,6.49,0.7
2024,2,12.2,7.01,0.6
2115,3,3.1,8.6,0.82
1984,2,13.0,8.88,0.65
1754,3,13.6,9.79,0.56
1336,2,12.7,6.57,0.54
2161,2,12.9,9.01,0.51
2870,0,16.5,9.36,0.59
1449,1,10.9,6.7,0.77
1085,1,10.3,6.95,0.77
1005,2,11.5,10.28,0.97
1193,2,5.4,5.87,0.87
1941,5,17.0,7.99,0.56
500,4,10.1,8.67,0.54
2107,2,19.2,9.42,0.88
2250,3,8.7,7.6,0.74
541,3,8.4,8.83,0.81
1114,3,13.4,8.62,0.6
1855,3,7.1,8.34,0.48
1699,2,8.1,8.76,0.63
2163,4,15.8,9.15,0.8
1701,1,13.5,7.93,0.94
2685,1,11.4,6.26,0.79
1575,2,6.8,8.12,0.76
1111,2,14.8,5.6,0.45
1055,3,2.9,5.73,0.7
2314,1,4.0,7.17,0.65
1820,4,14.6,8.02,0.54
2243,2,7.5,10.23,0.71
2229,4,12.2,8.28,0.65
500,1,12.9,8.63,0.67
1001,6,13.4,7.75,0.53
1085,1,7.4,4.83,0.67
1228,0,2.8,6.73,0.77
1505,1,11.0,7.81,0.92
2499,0,11.2,6.35,0.96
2638,4,20.0,9.57,0.43
1594,4,5.8,8.56,0.45
1624,2,5.0,11.69,0.65
1306,2,4.5,6.77,0.57
1862,3,5.4,8.68,0.65
1941,2,16.2,6.36,0.62
2364,0,1.2,5.92,0.81
2358,1,4.8,8.49,0.75
500,0,7.5,7.43,0.56
1693,3,7.7,6.55,0.63
2768,1,14.1,7.98,0.64
1493,4,14.1,9.22,0.5
2597,7,14.4,11.1,0.61
1585,3,17.3,6.5,0.68
1922,0,11.8,7.82,0.68
1004,0,14.7,6.81,0.81
1030,6,6.1,9.57,0.63
2307,1,8.9,6.77,0.61
2417,2,8.7,8.64,1.0
1818,3,11.1,8.09,0.77
940,1,10.5,7.06,0.63
1830,6,16.5,9.39,0.66
3020,1,7.8,5.6,0.67
1578,3,9.9,8.71,0.7
638,2,11.0,6.65,0.75
2388,1,4.4,9.75,0.83
2460,4,19.3,10.05,0.47
1996,1,16.0,7.0,0.85
1181,3,8.5,7.08,0.63
1840,4,9.0,10.9,0.75
2715,2,11.3,7.93,0.71
1695,2,17.6,8.78,0.68
1075,3,7.5,6.33,0.57
687,2,10.8,9.19,0.58
1259,2,4.7,6.45,0.84
1512,2,23.9,6.99,0.76
1015,5,23.4,10.1,0.55
2887,2,8.6,10.62,0.67
863,2,16.0,7.72,0.52
3432,2,7.3,8.21,0.56
3007,3,14.6,10.4,0.8
1898,1,7.7,6.17,0.61
646,5,11.4,9.92,0.58
1761,3,13.7,6.44,0.71
1529,5,13.8,9.94,0.67
907,2,3.6,5.47,0.48
2003,3,10.1,9.41,0.54
1223,2,2.8,7.06,0.72
1299,2,7.3,7.59,0.85
1657,3,9.1,9.73,0.53
1397,2,11.0,9.09,0.96
3254,5,12.7,9.81,0.51
1424,3,15.7,8.5,0.58
2108,3,16.4,8.14,0.57
1901,6,17.0,11.07,0.45
2046,0,12.5,9.77,0.72
2100,0,3.8,5.79,0.82
2416,7,24.1,9.62,0.77
1986,3,4.9,6.24,0.79
1957,4,6.9,7.25,0.62
1840,2,13.2,9.5,0.68
1703,2,18.9,7.21,0.85
1161,2,10.7,7.13,0.44
1757,0,15.9,8.03,0.66
1968,3,10.2,8.61,0.39
2081,2,8.4,9.8,0.66
1926,7,18.9,9.8,0.48
1636,4,15.2,8.69,0.55
1760,5,24.9,9.19,0.65
1412,1,8.1,7.99,0.6
2019,1,4.4,7.71,0.63
1645,2,10.8,6.99,0.77
1926,7,18.3,6.36,0.4
2500,2,15.3,8.52,0.61
1303,2,9.4,6.78,0.68
2217,3,3.7,7.23,0.73
1823,4,16.2,7.59,0.75
3214,3,8.8,9.09,0.64
1648,2,15.5,7.25,0.91
2286,4,16.3,9.24,0.56
1810,5,11.9,9.81,0.62
828,1,6.0,7.27,0.84
1435,7,13.1,11.19,0.37
2416,3,12.9,7.14,0.87
1497,1,11.3,6.91,0.62
500,1,8.7,4.87,0.79
1778,5,14.8,9.31,0.44
1035,3,20.8,9.25,0.49
1892,2,19.1,7.48,0.67
2885,2,6.9,8.37,0.87
2338,2,16.2,11.24,0.82
2875,2,10.4,7.48,0.76
1406,3,7.8,7.79,0.97
1699,0,13.0,4.5,0.66
1068,3,8.5,8.23,0.96
1321,5,10.9,7.76,0.47
1151,1,1.5,7.03,0.69
885,2,9.9,7.49,0.72
2756,4,8.9,7.6,0.67
500,4,20.2,9.75,0.73
2759,5,13.5,11.64,0.4
2672,2,10.6,8.55,0.79
2149,5,11.5,10.55,0.3
1019,2,6.5,6.91,0.63
692,0,3.1,5.39,0.6
1416,4,25.0,11.2,0.6
2237,0,7.6,5.17,0.65
1802,3,8.4,8.2,0.63
1069,3,12.2,8.23,0.81
2603,4,14.8,8.22,0.42
2979,3,6.1,8.86,0.72
1641,2,6.8,10.54,0.9
1876,1,11.6,7.06,1.0
743,4,10.0,7.23,0.56
1509,4,6.5,9.93,0.54
2157,3,8.8,9.16,0.47
2048,2,5.5,8.77,0.44
1444,3,18.3,8.67,0.73
1608,1,11.4,7.27,0.92
1486,3,0.0,6.9,0.8
1605,2,8.3,7.58,0.56
2096,1,13.8,7.11,0.88
500,3,14.7,6.99,0.88
1747,2,7.7,6.77,0.61
2044,4,17.6,10.42,0.9
1400,3,9.1,6.9,0.68
1464,3,7.9,6.38,0.7
1484,3,8.2,6.58,0.61
1464,0,14.4,7.04,0.46
1804,2,10.4,8.61,0.66
1890,4,10.0,8.44,0.62
500,2,5.9,8.64,0.65
2257,4,11.2,9.06,0.46
1597,2,7.8,7.7,0.79
3153,4,8.1,9.22,0.54
965,4,11.0,9.61,0.42
1192,3,13.2,8.6,0.58
2089,4,10.8,10.65,0.84
500,4,13.4,6.16,0.48
1219,1,4.7,9.42,0.53
2213,3,21.4,8.77,0.42
1136,3,12.2,7.22,0.39
2759,1,11.6,8.58,0.89
1482,4,14.9,7.15,1.0
1170,3,25.4,8.08,0.88
2227,1,13.5,7.69,0.66
2925,3,12.9,9.09,0.76
2091,2,10.8,7.57,0.82
2682,1,9.7,6.03,0.72
2973,2,6.6,7.3,0.87
1154,2,8.8,7.03,0.51
2456,6,20.9,10.54,0.83
733,4,9.3,8.25,0.58
2097,1,7.3,8.16,0.83
1750,1,7.7,9.41,0.64
2670,3,7.7,7.56,0.6
2620,2,11.2,6.78,0.53
2198,5,13.8,8.56,0.66
2008,5,8.6,8.62,0.58
2155,5,10.6,9.15,0.64
1843,4,11.8,7.35,0.52
1757,4,8.2,8.75,0.74
2809,2,3.6,5.87,0.6
2894,2,5.2,7.81,0.8
1700,1,8.3,7.34,0.73
1966,3,8.5,7.38,0.81
1857,3,13.6,7.08,0.62
671,2,15.6,10.07,0.5
1564,4,8.6,7.62,0.56
2919,5,9.6,7.86,0.57
1275,3,14.7,10.44,0.63
3280,6,15.5,10.68,0.32
2620,1,14.8,8.13,0.68
2081,1,8.1,9.51,0.46
2192,1,10.2,7.76,0.76
1157,1,13.9,6.1,0.61
1614,1,6.8,6.01,0.68
2808,1,0.0,8.14,0.74
1369,3,22.5,8.43,0.76
2542,4,17.9,8.26,0.77
836,3,8.2,8.5,0.54
961,4,10.1,7.48,0.53
3130,1,0.0,5.57,0.65
1791,3,15.0,7.92,0.55
1423,3,9.8,4.73,0.66
2753,2,18.2,8.78,0.64
2672,2,7.3,9.53,0.88
2444,4,6.1,8.37,0.93
1401,1,5.0,7.19,0.62
1599,3,15.1,7.91,0.64
2018,4,3.2,9.84,0.63
2286,4,18.1,10.48,0.63
1444,1,5.6,7.51,0.55
1919,4,14.1,7.92,0.78
1987,1,0.0,6.99,0.69
2700,2,2.3,7.43,1.0
2328,4,15.9,8.16,0.63
745,3,8.7,6.75,0.62
1650,5,18.2,10.83,0.73
1149,3,8.3,5.21,0.92
2197,4,9.7,9.56,0.63
2446,3,4.4,8.74,0.74
1871,1,9.0,6.52,0.59
1612,3,7.8,6.55,0.54
1848,1,12.1,7.21,0.64
1946,3,19.7,8.82,0.72
1351,5,16.0,9.65,0.85
946,3,19.7,8.33,0.42
500,1,7.6,5.85,0.65
2687,5,22.1,10.24,0.79
2147,2,21.3,8.07,0.92
2053,1,7.4,6.6,0.89
2685,1,5.9,9.02,0.72
921,3,6.4,8.77,0.78
585,1,3.0,6.74,0.57
2068,3,10.2,7.31,0.72
2005,2,10.7,8.12,0.49
588,1,6.4,6.7,0.69
2051,6,21.5,11.4,0.36
1519,3,10.8,8.84,0.97
1235,2,16.7,7.67,0.69
1566,1,11.1,8.16,0.91
500,0,14.8,8.04,0.34
1386,3,4.9,8.42,0.66
1306,1,14.9,6.07,0.81
2189,4,14.0,8.73,0.86
1689,5,12.8,10.7,0.74
2247,1,9.6,9.12,0.76
500,1,19.4,5.72,0.45
1212,2,14.2,5.79,0.65
2189,0,12.8,6.94,0.79
1583,5,19.8,7.74,0.58
2391,4,12.4,10.27,0.63
536,2,14.0,7.4,0.61
1352,5,13.1,6.09,0.71
1284,0,6.5,7.04,0.95
2493,4,11.7,8.01,0.48
2613,4,4.4,9.21,0.76
2524,3,10.4,9.08,0.49
3227,2,11.6,7.64,0.57
2686,1,6.7,8.35,1.0
1243,4,9.7,6.13,0.52
1899,3,10.6,8.88,0.51
1547,1,15.0,7.42,0.79
3220,3,19.8,9.35,0.74
2573,1,14.3,8.21,0.61
1667,2,23.8,7.3,0.59
2414,0,18.5,8.14,0.61
937,3,11.6,9.8,0.72
1975,4,11.0,6.99,0.7
1143,4,2.6,8.25,0.56
617,1,1.9,5.56,0.62
2349,2,3.6,5.7,0.74
2436,2,10.0,6.6,0.59
2120,2,7.2,7.59,0.69
1671,3,11.3,8.17,0.75
913,2,14.9,7.69,0.86
987,0,11.9,5.66,0.72
1121,1,6.1,7.26,0.77
1636,2,14.3,8.32,0.72
2542,1,10.1,6.24,0.53
646,2,15.4,9.11,0.57
1314,1,10.3,5.44,0.83
1295,2,13.8,8.09,0.65
500,1,5.5,8.98,0.56
2196,6,10.9,8.16,0.61
1627,3,15.8,9.31,0.32
1720,1,7.8,4.65,0.76
2742,5,14.1,8.74,0.78
1861,3,13.0,6.27,0.47
1498,2,8.8,8.07,0.84
2200,2,12.8,9.44,0.76
2541,5,14.8,9.03,0.58
2007,1,6.7,8.32,0.47
1698,2,14.6,7.52,0.79
1742,1,5.1,5.37,0.73
1879,1,12.4,8.0,0.58
1272,2,7.2,7.35,0.57
1402,2,4.8,6.6,0.58
2764,5,8.5,11.29,0.68
3205,4,11.9,9.73,0.71
2914,4,14.1,10.84,0.42
873,0,11.3,7.86,0.73
806,4,8.8,9.17,0.96
966,4,13.7,7.68,0.62
1894,3,16.1,8.64,0.57
500,1,11.6,5.98,0.67
1387,2,18.2,8.84,0.32
2784,4,16.7,9.61,0.55
2487,1,5.6,5.85,0.72
1443,1,8.6,6.07,0.84
1496,6,18.0,10.94,0.24
2197,1,17.9,7.88,0.91
2454,3,9.6,8.31,0.65
1426,2,3.8,9.4,0.59
1635,1,12.5,7.08,0.7
1403,5,18.1,10.21,0.7
868,1,8.0,7.26,0.88
1646,3,13.3,10.57,0.63
1592,2,5.5,8.78,0.81
917,0,7.4,7.67,0.84
2252,0,12.8,5.93,0.61
2138,3,10.6,8.56,0.58
2287,5,5.1,7.8,0.59
1262,3,4.8,8.28,0.76
500,1,9.3,7.3,0.63
2127,3,9.8,9.26,0.78
1335,3,8.5,9.48,0.52
1176,2,12.7,8.22,0.79
920,3,17.1,6.77,0.48
1607,3,2.5,7.93,0.87
2904,2,7.4,7.79,0.48
1446,3,5.5,8.2,0.73
1037,3,9.9,7.24,0.59
2256,1,12.3,7.68,0.62
1920,4,12.6,9.66,0.76
500,7,11.8,8.85,0.63
2263,5,16.9,10.29,0.6
3289,5,12.1,10.84,0.67
500,0,7.6,6.32,1.0
935,5,15.4,7.8,0.33
500,2,14.7,8.24,0.3
1747,1,7.7,7.2,0.65
2493,5,23.3,9.36,0.55
1873,1,8.1,8.11,0.8
2774,2,0.0,9.15,0.72
2381,2,6.5,8.66,0.7
2991,1,8.7,7.16,0.58
2612,4,16.5,10.51,0.67
1517,3,19.2,8.45,0.79
1846,2,12.2,7.96,0.74
1191,5,15.0,10.0,0.62
1638,2,10.8,8.38,0.82
1843,0,12.3,7.81,0.73
1740,1,13.1,7.59,0.7
2739,5,6.6,10.67,0.72
1568,4,4.0,7.57,0.64
1147,1,10.2,5.96,0.69
1191,3,9.8,9.42,0.86
2258,2,7.7,7.73,0.56
817,1,11.8,7.49,0.71
1659,2,13.0,8.04,0.55
2729,1,7.1,7.33,0.67
2004,1,4.2,5.67,0.79
1747,5,3.4,9.08,0.57
1774,3,4.0,7.02,0.87
1079,2,11.5,5.64,0.51
1200,1,13.1,7.33,0.75
1663,3,17.0,8.98,0.72
1989,7,12.0,8.95,0.58
2463,2,15.5,6.72,0.9
1864,4,9.7,8.15,0.77
2746,2,9.3,7.51,0.46
2923,5,20.1,9.33,0.77
2356,4,13.1,10.32,0.7
2657,2,9.3,7.12,0.74
1106,2,9.9,7.28,0.58
995,4,11.2,9.98,0.58
2162,1,12.5,5.3,0.7
861,3,5.8,9.37,0.56
1596,2,12.5,8.44,0.59
2339,4,5.0,7.89,0.64
2789,4,24.4,10.88,0.69
1622,6,20.8,10.67,0.88
1345,2,12.6,8.51,0.7
2024,3,12.7,8.69,0.99
1048,3,7.0,8.01,0.67
1678,0,12.9,7.6,0.72
1794,2,13.3,7.61,0.67
1780,5,0.0,9.24,0.4
1861,2,12.6,9.74,0.63
1215,1,12.1,8.6,0.72
1277,2,5.0,8.11,0.45
665,3,1.2,6.59,0.81
2039,2,15.4,8.41,0.94
2426,6,8.2,9.23,0.5
2357,4,11.4,7.83,0.39
1616,1,6.2,7.98,0.45
1232,1,11.9,6.82,0.45
2321,4,4.5,7.3,0.76
2247,4,3.0,9.52,0.67
1952,3,18.6,8.98,0.69
3021,4,7.2,7.96,0.45
1781,6,16.6,10.97,0.69
1620,0,9.0,6.19,0.65
1520,4,7.0,7.41,0.6
707,1,13.0,7.34,0.87
2262,3,19.9,7.5,0.71
1726,1,7.1,6.51,0.66
2156,2,9.1,5.43,0.6
3089,3,11.1,9.01,0.71
500,5,15.1,10.14,0.77
2136,3,9.6,8.59,0.59
1916,4,14.2,8.59,0.46
1287,2,7.7,7.18,0.95
2078,1,9.7,5.9,0.85
2350,2,15.1,9.87,0.85
1137,1,8.7,8.24,0.78
1589,1,6.5,5.73,0.7
2833,2,9.0,7.82,0.73
1294,4,7.6,9.6,0.62
1846,1,4.8,6.76,0.73
500,2,10.1,6.64,0.76
762,2,7.5,6.25,0.82
1910,3,12.2,8.87,0.67
2659,3,15.8,10.18,0.58
846,2,16.3,6.51,0.67
1852,1,6.3,7.55,0.72
1536,7,15.3,11.17,0.42
2467,4,15.9,9.95,0.51
947,2,14.9,8.59,0.56
2101,2,3.6,9.09,1.0
1342,1,4.3,7.37,0.82
1956,1,11.4,7.44,0.75
1848,1,8.8,5.6,0.74
1623,1,3.2,5.87,0.98
2134,6,12.4,8.27,0.34
1830,1,13.0,7.79,0.78
1707,5,19.0,8.38,0.67
1550,4,14.5,7.23,0.44
1854,1,7.3,5.95,0.91
1955,3,3.3,7.61,0.69
1107,3,15.3,8.68,0.61
1555,4,18.4,8.48,0.47
1061,3,8.8,5.75,0.61
1772,4,18.8,7.03,0.67
1385,5,8.5,7.65,0.68
2339,4,15.6,9.95,0.55
2270,2,8.6,7.39,0.93
1154,2,6.6,5.51,0.8
1798,4,7.6,10.24,0.74
2246,5,13.2,8.22,0.68
1677,2,7.1,8.19,0.58
1290,3,8.9,8.09,0.31
1035,3,12.8,8.89,0.69
2397,3,17.5,11.07,0.5
2431,5,20.0,9.25,0.65
1654,2,0.0,8.8,0.81
2336,4,18.2,7.84,0.32
500,0,1.0,5.79,0.76
2729,6,18.2,9.28,0.69
1690,2,3.1,6.54,0.97
1899,2,11.2,6.44,0.74
1575,1,15.2,6.92,0.85
2776,2,3.0,8.58,0.61
1057,2,12.2,7.23,1.0
2832,4,12.2,8.08,0.52
2235,2,6.3,8.27,0.81
1569,0,9.4,7.92,0.72
884,3,19.1,8.13,0.92
2451,0,2.8,7.06,0.57
2017,5,17.2,9.71,0.51
1664,4,18.6,8.4,0.75
1506,1,7.8,8.86,0.79
2771,5,9.7,9.22,0.6
3138,3,11.3,8.03,0.71
1806,2,14.8,5.83,0.5
1273,4,3.7,8.21,0.49
2367,2,7.5,8.06,0.3
1622,4,7.4,7.93,0.68
2219,0,8.1,8.29,0.63
1618,3,17.4,6.46,0.46
2894,3,13.5,8.64,0.27
1310,2,6.4,6.07,0.71
2136,3,19.3,7.85,0.46
1457,5,22.0,7.36,0.33
1602,3,12.8,10.09,0.56
1511,2,7.7,9.22,0.78
2317,4,9.7,8.9,0.9
2442,1,9.4,7.51,0.72
2190,3,11.1,8.39,0.73
1724,4,6.4,7.8,0.71
1898,3,10.7,8.49,0.72
2428,2,7.7,9.04,0.75
2450,4,15.9,9.67,0.69
500,3,11.6,8.51,0.76
1609,4,15.8,8.08,0.4
1643,3,13.0,9.11,0.71
2268,1,2.0,7.11,0.79
1753,3,3.5,8.19,0.64
2303,1,8.1,4.68,0.59
1044,2,2.7,6.55,0.56
1982,2,13.6,8.23,0.46
2430,1,8.2,7.38,0.45
767,1,13.2,8.51,0.93
3559,1,16.1,9.86,1.0
2633,2,3.8,8.25,0.49
1800,6,15.3,10.09,0.62
1220,2,16.3,8.35,0.74
1677,3,12.1,8.44,0.74
1858,4,13.6,9.45,0.63
2108,2,5.8,8.46,0.9
2850,5,12.5,9.32,0.64
1466,1,11.4,6.93,0.9
2193,2,15.1,6.51,0.74
895,5,9.7,6.67,0.5
1510,3,14.3,7.69,0.75
2063,0,7.9,5.3,0.44
2283,2,12.2,8.21,0.87
1272,3,7.5,8.8,0.72
1491,1,11.0,5.67,0.68
2822,3,15.7,8.89,0.54
2613,6,17.0,10.15,0.63
1945,5,7.8,6.33,0.47
500,1,15.6,5.92,0.57
1786,4,11.4,8.06,0.52
1581,4,13.9,8.61,0.64
1434,4,14.3,8.5,0.9
2063,3,18.9,8.78,0.5
2070,4,2.2,8.4,1.0
2465,2,13.1,9.3,0.8
1151,2,14.2,5.99,0.6
1581,4,13.5,7.77,0.71
3221,5,12.6,10.52,0.66
1957,7,10.1,8.07,0.41
1679,0,9.4,6.66,0.72
1140,3,22.1,8.01,0.84
2154,4,20.1,8.5,0.65
2521,1,9.7,7.45,0.66
2412,2,5.7,8.57,0.72
1618,2,14.9,8.23,0.95
2052,2,12.7,7.9,0.56
2970,6,5.0,9.9,0.62
2549,4,5.6,10.55,0.46
1251,1,21.0,9.13,0.43
500,2,4.6,5.35,0.78
2007,3,10.8,7.64,0.84
2358,2,14.5,6.98,0.96
1793,3,8.9,7.73,0.65
1615,4,17.9,8.04,0.46
1873,4,15.5,6.91,0.7
1418,1,11.5,7.37,0.74
2703,1,4.2,9.39,0.68
1903,0,8.0,8.34,0.78
1184,5,20.1,7.31,0.58
2442,2,10.6,8.59,0.9
915,7,16.0,8.9,0.4
2699,3,10.2,7.95,0.85
2493,4,16.7,11.23,0.54
2772,2,9.3,6.93,0.97
1689,5,14.5,8.12,0.66
1452,1,2.0,4.92,1.0
1858,3,13.0,10.23,0.59
1740,0,2.0,5.32,0.71
1343,4,15.2,9.83,0.7
1412,0,4.0,7.59,1.0
1543,1,5.8,6.6,1.0
980,4,10.2,9.68,0.59
2274,5,14.4,9.09,0.69
1763,2,12.8,6.68,0.71
1584,2,18.3,4.64,0.51
1022,3,15.6,8.26,0.73
987,0,8.6,7.12,0.76
3155,2,14.2,6.19,1.0
1360,3,6.7,7.39,0.59
2227,1,9.9,6.96,0.84
1913,2,20.4,8.66,0.85
500,1,2.8,6.62,0.7
3054,3,15.8,11.42,0.69
2278,4,14.0,10.43,0.64
1262,1,4.0,4.11,0.87
1780,2,9.1,9.45,0.78
995,2,15.9,8.51,0.56
3078,3,21.0,7.89,0.59
1164,5,18.5,7.03,0.63
1433,3,13.4,9.64,0.89
1289,4,10.1,7.68,0.62
1856,3,12.8,7.8,0.51
2759,3,11.8,8.44,0.89
3052,3,9.5,11.05,0.86
1520,2,0.0,6.84,0.78
2064,2,6.2,6.65,0.63
1857,1,5.9,7.69,1.0
1112,3,11.6,8.34,0.84
3495,0,4.8,9.01,0.67
2753,4,19.1,11.35,0.8
1932,1,13.8,8.76,0.57
2907,6,10.2,8.14,0.61
2648,2,8.7,8.37,0.97
1857,4,10.8,6.87,0.73
2028,2,10.6,5.92,0.77
2858,3,14.9,10.12,0.67
1137,7,15.2,9.68,0.42
2971,2,8.0,8.03,0.8
1642,3,17.7,8.96,0.56
2867,1,3.0,9.12,0.88
1796,2,18.1,9.52,0.66
2036,2,14.1,8.49,0.57
1775,1,10.6,6.96,0.77
1427,4,7.4,8.69,0.54
1610,2,19.0,8.65,0.47
2765,2,17.2,9.43,0.47
500,0,3.0,5.85,0.51
932,3,15.4,8.95,0.65
1292,5,11.7,8.87,0.74
1045,2,11.1,7.1,0.65
2856,3,17.0,9.65,0.57
2680,2,12.6,10.96,0.39
2214,1,16.1,7.77,0.61
1353,1,16.3,9.1,0.65
2734,3,21.4,8.12,0.44
688,1,3.8,7.24,0.69
3299,2,20.3,10.01,0.83
1320,1,1.5,6.03,0.57
1616,5,18.8,9.68,0.32
1499,2,7.7,6.13,0.5
1048,4,21.3,7.9,0.31
3147,3,16.8,9.79,0.59
2352,2,11.7,8.68,0.66
2650,2,10.6,7.82,0.66
943,3,16.4,7.76,0.87
1926,5,14.1,11.73,0.48
2164,3,21.8,9.68,0.39
1989,1,6.8,6.47,0.68
987,2,12.3,6.0,0.71
1885,0,2.6,6.12,1.0
1131,3,15.1,8.88,0.84
501,1,12.0,6.34,1.0
3515,3,1.3,10.08,0.49
1089,1,11.5,7.9,0.83
1919,2,3.0,7.45,0.77
2577,4,19.9,7.79,0.5
911,1,0.0,5.69,0.61
1464,1,17.3,8.12,0.93
1197,1,4.8,6.3,0.68
2489,5,9.2,10.91,0.82
2727,3,8.7,9.13,0.39
1911,3,7.9,9.19,0.79
1210,1,13.3,7.45,0.8
1490,0,5.3,5.27,0.8
1358,4,13.7,8.29,0.57
1115,2,7.0,5.99,0.66
1728,2,14.1,9.9,0.75
2202,3,19.8,9.5,0.66
2143,2,5.4,7.14,0.76
1794,4,11.7,8.51,0.68
1742,2,2.5,8.57,0.53
891,2,6.0,9.27,0.51
1912,4,6.2,8.44,0.83
1391,3,12.4,9.19,0.76
856,2,14.0,6.92,0.76
2059,2,1.9,7.98,0.44
1371,0,6.9,4.6,0.98
1959,4,12.9,9.82,0.7
2393,1,11.7,9.25,0.8
1134,1,11.1,7.23,1.0
1864,5,18.7,9.19,1.0
532,4,14.2,6.6,0.71
2872,1,4.3,8.13,0.39
848,1,8.7,8.27,0.67
1439,3,14.7,6.33,0.61
2736,4,9.4,8.36,0.61
1635,2,13.2,6.46,0.82
961,3,10.2,8.5,0.72
2299,7,16.5,10.06,0.65
2283,2,7.4,8.48,0.83
1356,2,13.3,8.52,0.79
1432,1,7.3,6.99,0.91
1495,3,9.9,7.57,0.94
1655,3,8.5,7.68,0.58
500,0,12.0,5.3,0.77
1673,1,12.6,10.51,0.61
3048,6,15.4,10.08,0.61
1172,1,10.6,8.48,0.76
1391,2,11.1,8.84,0.68
971,2,4.8,9.18,0.47
2228,6,13.3,10.32,0.45
2642,2,14.1,7.67,0.67
2626,1,5.3,8.2,0.63
926,2,9.1,7.92,0.53
2149,3,14.3,7.44,0.62
2803,2,2.5,7.51,1.0
2156,3,16.9,9.51,0.66
2134,3,17.9,8.74,0.49
1469,3,11.0,8.37,0.83
1954,4,12.3,11.5,0.38
2665,2,6.0,8.65,0.77
2029,0,11.1,7.08,0.63
926,0,6.0,6.42,1.0
1480,4,11.4,7.82,0.85
2646,5,16.1,8.32,0.67
2027,1,5.1,6.77,0.88
1883,2,3.7,7.87,0.63
1412,1,11.9,7.17,1.0
2632,7,17.7,7.44,0.81
2963,1,0.1,8.75,0.7
2684,3,1.5,10.93,0.54
2809,3,7.6,6.53,0.35
1548,5,23.2,8.72,0.68
1449,1,2.0,7.25,0.57
1690,3,13.0,8.28,0.8
1827,4,12.0,7.82,0.69
2801,2,2.2,7.74,0.41
2616,6,4.9,9.78,0.71
2176,1,5.0,7.04,0.57
798,2,10.4,6.77,0.68
618,1,21.2,9.59,0.87
1968,3,23.3,8.93,0.95
2416,4,14.9,9.14,0.8
1744,3,13.4,7.69,0.72
3140,4,13.1,9.27,0.53
1042,0,3.4,7.45,0.82
954,3,8.0,6.81,0.81
1335,4,7.0,8.53,0.54
1308,2,5.9,5.3,0.56
2168,3,13.4,8.39,0.53
1504,3,7.4,8.13,0.64
716,2,5.9,5.05,0.72
2424,0,6.3,7.08,0.74
568,3,5.7,7.6,0.69
1050,1,5.1,6.15,0.53
664,0,3.2,4.57,0.7
1944,2,7.0,9.15,0.69
1930,2,23.4,8.71,0.63
3141,3,11.8,9.23,0.65
2439,2,14.7,8.81,0.5
2809,5,13.6,9.59,0.47
2002,5,6.6,6.86,0.27
1116,1,12.5,6.48,0.61
1889,5,12.3,7.94,0.74
2292,4,13.2,8.42,0.71
1469,3,12.7,7.94,0.55
2142,4,19.7,8.96,0.98
1146,1,8.4,5.65,0.79
1069,6,8.9,9.09,0.97
1018,0,7.8,6.18,0.77
975,2,11.5,7.2,0.75
1502,0,7.7,5.67,0.54
2432,4,5.2,8.77,0.79
1079,4,17.6,8.73,0.78
1446,4,21.1,9.3,0.88
1850,1,10.6,8.4,0.7
1972,2,12.0,9.1,0.72
1450,2,12.3,9.17,0.7
2350,2,11.3,8.47,0.85
2213,1,3.4,7.77,0.53
2597,3,7.1,6.29,0.5
1742,0,8.4,6.05,0.94
1441,3,4.0,5.67,0.67
1322,3,16.4,6.56,0.43
2014,3,5.2,6.49,0.62
1535,6,22.5,10.19,0.58
1401,1,11.0,5.76,0.71
1486,4,7.3,6.14,0.62
1321,6,6.8,9.57,0.67
1939,3,16.7,7.66,0.54
811,5,12.9,8.13,0.69
2012,3,6.3,6.81,0.68
1393,1,12.0,7.08,0.62
3145,3,12.5,9.73,0.75
1812,5,8.9,8.66,0.56
707,2,14.0,8.89,0.68
1603,0,8.1,5.39,0.77
1843,4,11.2,9.27,0.65
2114,2,14.8,9.96,0.9
1619,2,7.3,6.3,0.89
1091,0,5.9,4.4,0.55
1033,0,12.6,5.18,0.83
1342,2,12.8,4.58,0.76
1409,1,6.6,7.41,0.67
1005,4,23.6,8.29,0.45
1287,0,12.3,6.3,0.78
2261,0,3.1,7.67,0.64
2953,5,10.9,8.13,0.26
2328,2,7.9,9.92,1.0
2714,5,15.8,11.03,0.55
2481,2,15.4,7.75,0.41
2383,3,18.6,10.24,0.53
1563,2,1.4,7.07,0.76
1898,1,9.9,5.2,0.64
1505,3,11.2,9.68,0.8
1646,2,14.5,9.8,1.0
1847,0,12.1,8.69,0.98
2299,4,17.6,9.51,0.8
2096,2,9.5,9.15,0.53
1686,1,16.8,7.61,0.87
1838,2,6.7,6.85,0.83
2103,0,16.0,5.83,0.77
2267,4,18.2,8.98,0.41
736,0,2.8,7.32,0.57
1045,2,1.5,6.58,0.74
2575,6,13.8,8.7,0.45
1757,3,3.2,7.02,0.59
1503,2,5.3,5.51,0.64
1615,0,5.9,7.91,0.7
1615,2,2.2,7.75,0.78
2190,3,0.6,7.6,0.66
1024,1,9.9,6.87,0.67
1817,2,18.3,7.95,0.58
1972,3,16.6,9.31,0.51
2077,2,0.0,7.01,0.68
1956,3,8.8,7.48,0.53
2161,4,12.5,8.2,0.67
1399,5,19.8,7.73,0.48
1140,4,13.3,8.38,0.71
3519,5,14.2,9.77,0.54
1589,0,9.2,6.99,0.69
1670,4,1.2,7.28,0.51
2274,3,7.3,8.23,0.53
2917,1,11.3,7.49,0.74
1418,6,16.2,9.1,0.72
1100,2,1.3,6.62,1.0
930,3,9.1,7.72,0.67
2915,2,12.5,7.21,0.7
1073,3,8.8,7.71,0.58
1780,2,10.1,6.56,0.77
1115,3,2.0,7.93,0.73
786,3,14.0,9.7,0.56
1595,5,15.8,11.49,0.66
1143,1,6.2,7.41,0.5
1315,3,11.3,8.26,0.79
3204,1,4.8,7.67,0.72
2097,1,2.8,8.7,0.6
2452,2,11.2,6.96,0.67
2377,7,11.2,8.87,0.57
1729,2,11.5,7.87,0.93
1492,2,23.1,7.24,0.91
1974,6,14.9,10.11,0.58
1917,5,15.3,9.51,0.74
1890,2,0.5,6.53,0.78
1305,5,10.7,6.59,0.64
1679,4,0.4,7.01,0.61
1565,1,12.4,7.45,0.52
911,3,7.4,7.94,0.81
500,4,10.7,8.81,0.61
1142,2,8.5,5.53,0.65
3062,4,12.0,9.79,0.56
1583,0,14.2,6.87,0.75
2343,2,2.5,8.75,0.78
500,1,7.4,5.38,0.62
1094,0,0.0,6.08,0.82
851,2,13.7,7.47,0.68
1658,1,1.0,4.71,0.83
3495,4,15.8,11.1,0.83
2122,2,11.3,7.84,0.68
2986,3,8.1,8.5,0.81
1621,6,20.7,6.18,0.79
2755,2,15.8,9.34,0.83
3251,6,13.7,9.05,0.55
1723,0,7.4,6.08,0.73
1422,0,1.7,5.11,0.74
877,3,18.5,9.02,0.4
1583,2,10.1,7.7,0.67
1857,5,22.2,10.85,0.53
3221,4,20.1,8.15,0.56
893,7,15.5,9.55,0.44
1841,3,3.6,7.77,0.7
529,3,12.0,9.42,0.42
1501,4,8.8,8.64,0.55
2017,4,11.9,5.88,0.55
2158,0,12.2,6.52,0.77
2212,0,15.7,6.16,0.91
2078,3,9.3,10.62,0.91
1832,2,5.0,8.12,0.62
1066,2,7.8,9.78,0.57
503,2,16.4,8.84,0.89
1417,5,9.1,9.15,0.57
1705,2,16.0,8.35,0.38
2677,5,15.1,10.05,0.79
1729,6,13.0,10.2,0.28
1662,3,18.1,6.02,0.85
2069,1,5.2,7.31,0.72
1610,5,15.8,9.98,0.34
2367,0,16.3,5.93,0.81
3185,2,2.0,6.23,0.66
3333,3,11.2,8.55,0.39
1867,2,19.1,9.67,0.56
2035,6,14.6,10.71,0.31
2905,1,3.9,7.36,0.45
1695,2,20.5,7.29,0.49
2275,5,18.5,10.95,0.8
1005,3,12.3,7.78,0.86
1582,2,11.2,5.89,0.25
2609,2,5.6,7.36,0.46
1297,0,9.9,5.81,0.71
1710,2,19.9,7.91,0.68
698,1,6.8,7.26,0.65
3204,3,13.4,8.39,0.57
2684,2,15.5,8.28,0.86
1931,2,10.4,8.31,0.38
2155,4,8.4,10.85,0.6
2077,6,12.7,9.93,0.38
2769,4,11.2,9.48,0.78
1436,5,10.7,8.93,0.51
2312,4,15.9,9.48,0.46
2554,2,0.0,7.34,1.0
2650,4,15.5,10.36,0.71
500,1,5.5,5.95,0.85
1380,0,4.2,5.94,0.69
1086,3,9.5,5.61,0.52
1904,3,2.6,6.52,0.74
500,4,10.3,7.11,0.63
500,2,8.4,7.5,0.42
3319,4,16.5,10.35,0.76
2232,3,10.3,6.12,0.6
1884,4,7.0,7.58,0.5
2054,4,12.7,9.05,0.63
1902,3,12.7,9.36,0.74
2498,5,11.3,8.33,0.59
1357,1,15.1,4.43,0.97
1930,4,7.4,10.22,0.6
1959,3,11.6,6.9,0.47
2693,2,15.0,7.15,0.44
1488,2,4.9,8.22,0.81
2512,2,12.8,7.23,0.53
1880,5,15.5,9.65,0.61
2943,2,5.6,9.35,0.69
1071,4,16.7,6.83,0.45
1040,5,12.3,8.52,0.73
1166,2,8.8,7.58,0.53
1893,2,12.2,7.55,0.83
2879,3,12.9,6.48,0.6
2915,2,6.7,7.35,0.76
500,2,1.5,6.15,0.58
1974,0,8.5,5.12,0.66
500,3,8.9,7.52,0.66
2356,5,13.9,10.51,0.52
2582,0,6.4,6.72,0.75
1771,1,9.7,8.26,1.0
1858,4,5.8,8.05,0.62
1851,0,7.0,6.2,0.84
1250,1,6.8,5.13,0.73
2102,1,9.7,6.73,0.57
1638,3,10.2,7.71,0.33
2451,4,14.6,7.51,0.79
1720,0,0.0,7.74,0.82
1197,4,8.1,7.71,0.58
724,2,12.6,7.19,0.54
500,3,9.1,7.5,0.57
2718,2,17.9,8.85,0.86
1479,3,15.0,10.6,0.76
2037,2,11.5,6.34,0.24
3048,3,2.6,9.07,0.83
1406,3,19.4,10.02,0.56
1360,2,7.1,7.83,0.86
1707,3,13.5,7.32,0.49
1820,2,4.0,5.98,0.83
3121,1,13.6,6.44,0.67
2896,3,12.1,8.21,0.52
2234,2,13.6,9.37,0.62
2814,4,17.4,9.16,0.65
1675,1,12.7,7.61,0.72
2009,2,8.0,6.55,0.64
1588,6,13.5,9.09,0.64
896,0,5.6,7.27,0.85
2642,6,19.4,11.23,0.56
2172,1,9.8,6.62,0.9
1812,2,5.3,8.25,0.93
1798,2,18.9,8.32,0.59
745,2,11.7,8.94,0.7
1115,2,15.4,7.62,0.61
2035,4,8.1,10.03,0.56
1429,2,14.5,6.57,0.77
1647,4,17.0,7.53,0.62
1726,2,17.2,6.98,0.63
1322,2,5.0,6.84,0.65
1122,1,3.1,4.86,0.82
671,1,12.2,6.75,0.55
1697,5,11.0,9.59,0.51
2233,2,15.9,9.39,0.73
649,1,19.7,8.36,0.84
1783,1,7.4,6.89,0.69
1996,1,7.1,8.35,0.67
1107,3,7.7,8.99,1.0
2795,3,11.0,8.58,0.64
1529,3,15.0,9.12,0.49
1729,4,11.6,8.36,0.69
1687,6,24.4,11.85,0.54
560,2,16.2,5.52,0.45
2506,6,17.1,10.56,0.46
1131,3,11.3,7.92,0.89
1634,1,0.0,7.2,0.85
2218,5,21.4,11.98,0.65
2822,2,9.1,6.84,0.75
1044,2,15.3,7.94,0.58
1487,3,10.6,6.93,0.75
2767,6,5.3,9.65,0.45
2124,3,10.0,9.65,0.57
2269,3,15.0,8.94,0.8
1064,1,1.9,5.99,0.65
1534,2,13.2,8.57,1.0
1682,4,13.9,8.95,0.6
1199,3,4.7,8.4,0.62
627,1,6.9,6.36,0.99
1442,0,2.5,5.71,0.69
2748,1,9.5,8.8,0.59
1841,0,1.2,5.47,1.0
2762,1,18.0,8.56,0.92
1925,0,7.4,7.18,0.86
1264,4,13.2,9.35,0.51
2694,3,15.7,8.59,0.63
1948,3,8.2,9.4,0.6
1052,4,13.6,6.69,0.71
2527,0,4.0,7.32,0.67
2548,3,8.4,7.47,0.53
2002,2,14.1,7.83,0.52
1235,3,10.0,5.81,0.58
1767,4,11.1,7.27,0.61
2227,4,21.2,8.05,0.78
1964,5,21.9,11.45,0.6
2220,5,10.2,7.63,0.62
2508,6,13.4,8.27,0.45
1346,4,19.6,9.4,0.68
991,1,17.5,6.42,0.8
1773,1,14.0,8.26,0.8
1569,3,15.5,7.93,0.54
2350,2,8.9,10.12,0.72
1047,6,9.5,7.47,0.64
2514,2,8.1,8.61,0.59
2747,7,18.0,10.78,0.58
1800,6,14.2,9.07,0.34
1842,0,0.0,6.13,0.69
1262,4,13.1,7.59,0.49
1420,3,17.0,8.55,0.53
1514,2,22.6,9.19,0.8
2810,5,9.5,9.46,0.85
1749,4,14.4,8.67,0.56
874,1,5.7,5.89,0.57
1978,1,11.3,8.13,0.61
2378,1,2.3,8.47,0.86
1782,2,3.6,8.47,0.78
2828,1,8.0,7.21,0.87
2344,3,14.5,9.58,0.65
1065,1,3.4,6.18,0.84
1413,0,0.0,6.47,0.64
1958,5,20.4,6.06,0.73
633,1,7.7,7.25,0.82
2035,2,5.7,7.97,0.56
566,2,9.9,8.43,0.62
2516,1,3.4,6.4,0.68
2435,5,6.2,10.68,0.69
2153,1,15.3,8.21,0.71
1326,2,9.3,8.0,0.66
1919,2,11.0,9.69,0.51
1440,4,9.6,8.15,0.71
1078,4,18.3,9.93,0.59
1562,1,8.3,4.64,0.63
2288,1,15.6,5.6,0.59
1830,3,8.5,7.14,0.69
2815,7,12.2,10.66,0.7
2336,3,6.5,8.64,0.43
2261,1,12.0,8.35,0.62
673,2,15.3,6.86,0.59
1600,7,13.7,11.19,0.79
1054,2,11.3,4.99,0.73
1671,4,11.3,8.29,0.65
1314,3,17.6,6.24,0.61
1535,2,8.4,7.55,0.8
2542,5,15.4,9.72,0.31
2132,2,16.3,9.47,0.47
2504,5,13.4,8.25,0.47
679,1,6.2,5.8,0.79
1840,3,10.3,7.47,0.81
2476,1,9.0,7.75,0.74
2854,4,14.9,9.71,0.4
716,4,13.4,8.13,0.65
1553,5,18.7,8.41,0.49
1665,4,6.1,7.13,0.77
1162,2,8.5,5.37,0.87
715,5,18.8,8.3,0.64
1135,2,16.8,9.76,0.65
617,3,16.4,7.21,0.37
1840,4,22.7,9.55,0.52
2427,5,10.4,8.43,0.37
917,3,18.8,8.36,0.31
1980,4,17.6,8.47,0.67
2391,6,15.0,9.37,0.5
1798,3,0.3,9.42,0.75
672,3,10.2,9.03,0.66
2070,2,10.2,8.4,0.49
1761,2,4.1,8.37,0.81
1690,2,9.9,10.13,0.69
1417,0,7.6,5.56,0.91
1860,2,11.8,8.91,0.72
2156,5,9.1,8.48,0.65
3473,4,11.6,8.14,0.59
2857,1,9.0,10.71,1.0
2050,2,3.9,7.22,0.78
1730,2,8.5,8.36,0.48
1903,3,13.0,9.27,0.7
944,6,12.5,9.81,0.41
2014,5,13.2,10.52,0.4
500,2,10.5,7.82,0.65
1196,1,13.5,5.3,0.7
1876,3,11.7,8.07,0.55
2635,3,10.1,9.71,0.67
2801,3,13.1,7.45,0.62
1634,6,17.7,11.39,0.43
1909,0,3.6,7.85,0.66
2489,5,9.9,7.49,0.33
869,3,12.1,9.03,0.71
2083,1,14.4,8.55,0.82
1220,4,11.5,6.93,0.6
1679,3,15.5,7.89,0.34
1478,1,14.1,7.33,0.76
2104,3,16.9,8.79,0.46
2185,4,7.0,8.85,0.58
2423,4,18.3,9.44,0.62
2043,4,17.9,9.57,0.61
1920,3,14.0,7.67,0.54
3097,1,8.0,8.88,0.78
732,0,7.5,5.64,0.7
2986,1,10.1,8.48,0.54
1597,3,14.0,7.62,0.55
2199,4,8.6,8.37,0.4
1572,3,7.0,7.98,0.67
1308,5,19.9,9.94,0.37
2139,2,12.8,7.24,0.76
2529,3,11.4,6.05,0.33
2131,2,10.4,8.29,0.63
1420,1,12.9,6.34,0.62
2639,5,7.4,9.97,0.69
2453,3,16.2,7.84,0.6
1552,2,19.8,11.34,0.46
1362,2,11.7,6.92,0.7
1604,2,16.4,6.6,0.78
2556,2,2.1,7.73,0.75
1106,4,15.4,7.54,0.46
1052,0,0.0,6.57,0.8
2177,2,9.1,9.67,0.8
2023,5,16.2,9.23,0.65
1260,0,2.7,6.75,0.91
1036,3,9.0,9.68,0.97
2806,4,9.4,8.03,0.36
2049,4,16.7,11.29,0.73
845,3,10.0,6.67,0.7
894,3,10.0,4.76,0.46
1546,3,14.4,8.88,0.92
2312,3,15.5,7.14,0.68
2216,3,6.6,8.9,1.0
2592,0,18.1,8.22,0.71
756,3,18.0,9.19,0.64
1956,2,18.9,7.06,0.71
2798,3,10.4,7.28,0.65
2732,2,13.7,7.72,0.97
2051,4,13.5,9.52,0.36
3443,4,20.3,9.22,0.94
2226,2,4.4,6.36,0.68
2529,3,21.2,9.52,0.84
1831,0,10.5,7.95,0.39
1253,1,9.5,7.08,0.53
1187,1,6.1,5.56,0.75
1927,1,13.3,4.67,0.53
1651,3,13.1,7.15,0.72
561,4,15.4,9.5,0.42
1081,2,15.9,9.1,0.48
1577,0,9.9,5.29,0.76
2309,3,18.2,8.81,0.69
1788,4,4.6,7.79,0.54
1749,2,15.8,7.72,0.68
1109,4,7.2,8.22,0.68
1816,0,8.1,5.99,0.48
2723,5,2.7,9.28,0.61
1908,5,14.0,7.28,0.83
744,5,18.3,9.6,0.84
923,1,5.3,8.22,0.87
2212,4,20.5,6.6,0.44
1642,5,5.8,7.58,0.45
1747,5,10.5,8.1,0.62
1371,5,5.1,10.13,0.59
2152,7,15.4,7.88,0.46
1589,2,2.9,5.99,0.67
1669,2,5.4,6.89,0.68
1204,1,17.9,8.3,0.87
2445,0,0.0,8.8,0.68
1645,0,2.1,6.84,0.68
2225,3,1.6,6.24,1.0
964,4,17.0,7.98,0.51
3013,2,13.8,10.63,0.37
2694,1,1.9,8.79,0.68
500,3,14.0,6.85,0.59
1238,2,14.3,6.55,0.9
2134,1,10.5,7.8,0.76
876,3,1.6,6.15,0.87
1707,3,5.9,6.8,0.56
2098,2,9.7,6.84,0.65
1670,0,3.2,9.14,0.89
2177,5,5.8,8.74,0.72
1314,4,17.5,9.06,0.42
500,1,9.4,5.94,0.66
2487,1,14.7,7.48,0.79
2483,3,19.1,6.77,0.45
3552,5,10.1,9.81,0.62
500,2,0.0,8.33,0.34
2325,3,13.6,9.7,0.47
500,6,8.9,8.41,0.66
3029,3,11.8,9.98,0.58
2141,5,16.4,11.11,0.53
1133,1,8.0,5.57,0.72
2346,6,19.2,10.93,0.63
1412,1,11.9,5.33,0.65
2010,2,6.7,6.38,0.89
1944,1,3.0,8.36,0.75
3020,4,11.4,10.24,0.49
3070,4,14.4,9.16,0.45
1381,3,11.2,8.3,0.79
2540,4,12.4,7.93,0.6
2048,2,15.7,8.76,0.95
811,2,5.3,8.17,0.67
1312,4,14.2,6.49,0.63
3435,4,10.8,7.44,0.55
2050,6,18.0,9.6,0.91
2499,4,17.0,10.84,0.7
1651,4,12.4,6.36,0.6
1422,1,22.5,7.79,0.66
1819,1,8.4,6.02,0.72
1613,3,7.8,5.13,0.81
754,1,19.5,8.78,0.92
1097,0,7.7,7.34,0.63
2295,2,5.1,9.42,0.83
1533,2,9.6,5.92,1.0
1817,3,6.3,6.59,0.64
1964,3,14.6,8.31,0.94
2019,3,11.9,8.68,0.62
2602,4,16.4,9.57,0.6
1030,1,8.5,5.25,0.68
2199,2,9.2,8.75,0.66
2328,1,9.3,6.01,0.56
2490,3,1.2,8.33,0.86
810,1,14.1,6.49,0.8
1978,1,3.6,8.48,0.71
3001,4,21.6,12.0,0.66
1730,1,9.8,7.65,0.59
2138,2,6.9,9.07,0.49
2346,4,17.4,6.98,0.5
1082,1,9.3,6.83,0.38
3083,2,7.5,6.8,0.63
2149,3,12.9,7.27,0.52
2163,0,15.8,6.61,0.77
636,5,11.7,9.54,0.59
2356,3,12.9,6.88,0.63
2154,4,16.6,9.88,0.84
2936,2,10.0,7.86,0.69
1582,4,11.8,7.53,0.69
1108,2,4.0,6.62,0.62
1322,2,14.8,6.02,0.67
1446,2,5.9,5.96,0.79
1016,6,18.1,10.47,0.64
2703,4,15.3,8.71,0.67
2729,6,13.8,11.16,0.57
1662,1,12.1,7.98,0.9
1525,3,17.1,9.71,0.85
529,4,23.7,7.44,0.85
2287,2,7.5,8.96,0.52
2957,3,5.2,8.91,0.66
1353,2,12.1,7.55,0.68
1718,4,12.1,6.33,0.73
2104,4,10.8,8.36,0.4
3007,2,6.6,8.55,0.66
1939,0,8.4,6.25,0.82
1936,1,1.1,7.24,0.85
1925,3,15.0,8.2,0.62
802,1,8.9,5.92,0.74
787,1,5.0,8.0,0.99
1234,2,16.4,5.42,0.66
2509,0,14.7,7.48,0.82
1565,4,8.0,7.69,0.71
1429,2,4.0,5.27,0.72
1416,4,12.1,7.39,0.91
1703,5,14.7,7.79,0.53
2991,4,11.9,9.3,0.66
1694,1,9.9,6.83,0.92
1249,4,9.1,8.59,0.56
1817,2,6.0,8.83,0.34
3028,3,16.6,9.74,0.42
1448,4,19.9,9.05,0.68
973,1,4.0,6.22,0.71
1449,2,4.4,9.38,0.89
1890,1,9.8,7.89,0.86
2281,2,6.3,8.86,0.94
2504,3,19.3,9.0,0.42
1067,3,6.2,9.67,0.59
1134,1,8.9,8.3,0.55
1573,5,7.3,9.97,0.59
2279,4,9.9,7.57,0.67
917,4,12.0,7.0,0.86
1374,1,0.0,8.31,0.94
1385,0,4.4,7.86,0.53
2459,1,8.3,8.78,0.67
2169,1,5.9,4.57,0.94
2432,5,14.3,8.16,0.62
2737,2,9.6,7.78,0.42
1586,1,21.6,9.78,0.97
968,7,18.2,9.88,0.58
973,5,10.0,6.57,0.51
513,1,4.0,4.22,0.82
1478,3,16.4,7.61,0.64
1531,1,3.5,6.68,0.63
2351,6,18.7,11.48,0.44
1811,2,18.0,7.62,0.7
1456,0,11.7,5.12,0.61
1718,6,20.0,9.24,0.59
1072,2,12.5,6.07,0.44
2517,0,10.5,7.27,0.53
1249,3,5.4,6.98,0.82
1002,5,23.1,9.17,0.43
2372,2,20.1,9.29,0.8
2201,4,7.7,9.0,0.56
593,1,10.2,7.39,0.94
2398,3,16.1,10.63,0.79
1280,5,17.5,10.36,0.47
1538,2,18.9,6.91,0.75
1930,1,13.2,7.63,0.69
2210,2,12.7,8.51,0.7
2111,2,10.6,7.74,0.68
1765,2,11.3,6.41,0.94
1502,2,15.3,8.6,0.6
2088,3,15.3,8.11,0.72
1717,6,14.2,10.66,0.5
3063,1,9.9,7.56,0.73
2210,3,11.3,7.92,0.79
1153,3,9.8,4.96,0.58
1465,1,0.9,6.51,0.8
1833,3,9.2,7.15,0.69
2709,1,12.2,7.96,0.73
2787,3,12.9,7.95,0.71
1146,1,12.3,7.05,0.48
1056,2,19.9,7.05,0.92
1976,3,8.8,9.69,0.87
3412,2,9.6,8.23,0.61
2177,4,1.5,7.61,0.53
684,1,6.2,6.91,0.86
1291,2,11.8,8.91,1.0
1363,4,16.1,8.83,0.62
1224,2,9.5,7.25,0.58
1528,7,12.3,9.09,0.63
2058,2,20.1,7.13,0.36
2277,4,9.5,6.12,0.6
2564,2,0.6,7.38,0.91
2166,3,2.8,6.32,0.42
500,4,19.6,8.08,0.84
1059,1,12.6,5.13,0.62
1689,3,14.3,11.2,0.7
1903,5,11.1,11.9,0.64
2402,1,0.0,7.28,0.59
1830,0,1.2,7.3,0.98
1835,3,1.2,5.99,0.84
1966,3,11.4,5.83,0.68
1621,3,17.9,9.45,0.59
1860,2,5.1,8.33,0.6
2588,2,10.9,8.82,1.0
1741,3,15.9,4.56,0.81
1778,4,5.3,7.93,0.63
1776,2,13.3,10.29,0.4
3043,1,16.7,8.75,0.58
976,1,12.8,8.33,0.72
1342,3,15.4,8.25,0.63
2321,7,15.5,10.33,0.66
2521,0,13.8,7.97,0.51
817,4,3.2,9.55,0.97
1035,0,6.4,6.69,0.84
1994,4,10.9,8.43,0.78
3441,6,12.5,11.98,0.86
2672,3,8.1,7.49,0.74
1626,0,12.2,7.77,0.71
500,4,10.0,9.63,0.49
1857,2,10.1,6.87,0.69
2053,3,24.9,9.55,0.76
1532,5,14.2,10.46,0.67
1204,4,10.6,9.63,0.58
1911,2,7.0,7.23,0.67
1140,4,11.8,8.96,0.83
3110,1,8.1,7.86,0.63
2861,4,22.4,11.66,0.82
2260,2,11.2,6.6,0.83
1862,3,9.5,7.4,0.54
1337,3,23.0,6.36,0.89
1785,6,12.1,11.45,0.77
2947,2,2.9,8.38,0.69
2408,1,6.8,7.05,1.0
1942,1,0.5,4.83,0.51
2446,3,13.4,10.23,0.7
2181,4,12.6,7.91,0.51
2077,3,13.4,9.48,0.47
2486,1,6.7,5.6,0.79
2161,4,13.8,8.9,0.43
2400,1,17.1,6.66,0.65
1912,4,16.7,10.26,0.59
1622,2,15.3,6.66,0.8
1416,1,12.3,6.04,0.49
1332,3,19.3,7.94,0.45
676,2,11.3,5.7,0.9
1161,1,9.5,7.88,0.89
1141,2,10.4,8.18,0.46
1444,2,6.8,7.07,0.7
2893,3,10.7,8.78,0.95
1689,4,19.8,11.52,0.74
1969,1,5.9,6.52,0.81
1991,1,9.0,4.95,0.69
2911,4,17.5,10.12,0.71
1397,4,12.5,6.9,0.68
1644,4,12.1,10.62,0.58
1725,4,15.0,9.5,0.71
2595,4,16.9,10.28,0.6
2740,2,3.2,7.66,0.74
2132,2,15.2,7.82,0.8
2663,2,11.4,9.28,0.85
1924,4,5.3,4.82,0.78
1679,5,16.6,10.11,0.53
2625,3,16.9,8.37,0.6
2141,1,9.0,6.51,0.4
1285,0,10.2,4.95,0.75
2498,4,14.6,9.84,0.9
1654,4,18.9,6.64,0.76
1568,3,15.3,8.16,0.41
2425,4,11.4,8.77,0.68
1737,3,4.6,8.64,0.84
2072,4,8.4,7.84,0.79
2263,4,16.8,9.19,0.76
1251,4,16.6,7.86,0.75
2069,4,7.2,8.79,0.48
2744,4,9.0,7.42,0.67
1130,4,11.1,7.4,0.92
2114,2,17.4,8.22,0.61
1219,2,7.7,7.2,0.81
2514,2,4.6,7.21,0.75
1551,4,12.3,8.4,0.58
3346,3,10.6,9.56,0.7
2574,3,9.1,5.76,0.67
2294,5,10.4,10.8,0.83
2255,2,12.2,9.52,0.61
2488,7,15.3,10.75,0.69
1103,3,7.0,7.59,0.75
1936,0,3.9,7.91,0.74
2068,0,12.5,7.9,0.76
1519,1,14.2,7.3,0.85
2125,3,9.8,7.97,0.6
2662,3,11.8,8.33,0.56
1504,2,12.7,7.09,0.72
1761,4,12.6,8.49,0.54
1225,0,6.5,8.47,0.72
549,3,11.7,8.62,0.79
2345,4,17.8,8.27,0.65
1781,0,5.5,9.35,0.74
1833,6,14.0,9.69,0.63
1109,5,21.0,9.3,0.66
1670,4,15.4,6.78,0.82
2567,4,18.5,8.18,0.53
1800,1,9.9,8.49,0.73
1820,1,13.9,6.1,0.77
1945,1,21.6,8.03,0.62
934,2,12.8,6.19,0.84
2237,2,4.6,8.57,0.87
921,3,7.5,8.62,0.25
1142,2,11.1,6.36,0.81
1065,3,11.3,7.72,0.65
1677,1,13.1,6.21,0.64
1553,3,3.7,6.98,0.98
1799,3,6.2,8.91,0.41
1166,0,7.9,4.81,0.62
2503,2,10.1,8.3,0.65
2383,3,5.9,8.87,0.77
1678,2,19.9,8.35,0.75
1465,3,14.0,7.61,0.62
1394,4,11.4,8.57,0.76
1582,4,17.1,9.13,0.83
819,3,8.3,7.37,0.53
1128,1,20.3,6.47,0.62
2402,6,11.8,10.94,0.8
2011,3,10.0,6.87,0.55
2943,2,19.4,10.23,0.75
1590,1,5.8,9.16,0.51
1546,3,11.0,6.22,0.86
1514,3,10.6,7.92,0.75
1576,1,2.0,8.66,0.61
1338,1,11.2,9.6,0.76
1989,1,13.5,8.27,0.54
1820,1,12.4,8.23,0.61
1443,2,10.6,6.34,0.43
2675,1,0.0,9.56,0.6
3127,2,12.9,10.57,0.79
2616,4,9.3,8.46,0.71
2333,2,11.4,9.89,0.64
3099,2,8.0,7.92,0.77
2332,7,12.7,8.05,0.29
1390,1,15.5,6.06,0.59
2074,5,13.1,8.62,0.5
2238,5,11.9,8.8,0.45
1103,1,13.0,7.28,0.8
1600,2,9.8,6.46,0.52
2570,3,14.4,10.01,0.32
523,2,0.4,5.81,0.78
924,3,1.2,8.63,0.69
1676,3,6.8,7.68,0.59
2047,4,11.8,11.94,0.71
849,2,16.2,5.65,0.68
1711,4,5.2,7.96,0.78
2607,5,7.3,11.41,0.59
1848,2,15.6,7.22,0.61
2457,5,9.2,7.83,0.72
1385,4,7.4,8.51,0.52
1233,2,15.2,7.54,0.58
2394,3,0.0,9.58,0.45
2058,3,13.6,9.64,0.52
970,1,14.7,7.9,0.5
1239,6,14.8,8.41,0.68
2895,0,6.8,5.15,0.7
1152,2,14.4,5.91,0.7
2454,5,15.4,9.09,0.7
1465,4,1.7,9.16,0.63
1797,3,1.6,6.33,0.66
2006,5,16.5,9.92,0.61
500,0,2.5,4.91,0.77
776,6,16.4,8.93,0.28
1860,1,11.7,8.72,0.5
2497,4,7.6,8.24,0.73
675,1,8.8,4.71,0.79
2195,2,5.4,7.4,0.72
836,1,8.4,6.7,0.93
1553,2,9.0,7.21,1.0
1054,5,10.7,9.62,0.56
3131,5,17.3,10.46,0.95
862,2,18.7,7.06,0.69
1714,1,10.3,6.39,1.0
591,4,8.1,8.68,0.53
2919,1,4.9,10.07,0.56
2080,2,6.0,9.63,0.51
1895,1,9.7,7.87,0.76
2832,4,8.6,8.96,0.59
1903,6,17.4,10.17,0.59
1953,4,12.2,10.61,0.58
1892,1,6.5,8.08,0.58
2194,3,16.9,8.26,0.65
1455,1,6.2,8.81,0.61
1649,2,6.2,7.01,1.0
2367,6,8.6,10.91,0.69
1994,2,24.8,7.22,0.83
1720,2,13.1,8.69,0.67
819,1,15.4,7.1,0.57
2848,4,12.0,11.94,0.83
1336,3,9.6,7.43,0.57
2491,5,12.3,8.29,0.61
1923,0,5.4,6.02,0.89
894,4,12.0,8.58,0.65
2676,2,10.0,7.42,0.5
1978,0,15.2,6.28,0.5
2734,0,10.3,6.41,0.73
1672,3,15.0,7.82,0.66
2292,1,16.4,8.12,0.78
566,2,2.5,6.39,0.86
1449,2,8.4,7.99,0.41
908,1,14.6,6.55,0.82
1537,1,5.0,8.08,0.67
2130,5,6.5,7.63,0.69
1376,0,1.9,8.0,0.72
2404,2,15.1,9.1,0.59
1200,1,15.9,6.66,0.75
2419,3,10.8,8.21,0.48
2716,0,9.9,6.45,1.0
2509,3,11.3,8.54,0.61
1559,0,9.0,6.68,0.68
500,3,7.3,7.17,0.9
2207,5,2.8,7.51,0.62
1712,3,8.9,8.88,0.51
1115,1,14.2,9.61,0.89
1410,2,16.8,6.65,0.69
2804,4,9.1,8.75,0.6
1003,0,5.3,5.71,0.61
2127,2,12.7,6.8,0.73
1952,3,21.5,7.36,0.66
1549,2,15.8,8.06,0.78
2251,2,16.4,9.37,0.6
2942,2,3.8,7.34,0.86
1592,1,17.4,8.47,0.67
1629,2,7.5,10.02,0.97
2235,6,12.2,11.93,0.51
2442,3,16.1,8.18,0.62
1710,3,15.3,10.16,0.67
1586,3,14.7,6.62,0.97
500,2,14.5,7.05,1.0
1255,1,8.6,6.48,0.79
1002,2,16.0,6.75,0.65
2279,1,15.0,8.95,0.51
1629,0,15.5,8.56,0.77
1601,2,15.5,8.62,0.85
1793,1,1.6,5.78,0.78
1190,3,10.0,10.71,0.46
2887,4,11.8,11.36,0.57
2932,2,13.0,8.87,0.72
2278,0,7.4,8.46,0.93
1779,5,16.9,8.42,0.61
2930,5,14.8,11.21,0.53
1323,2,4.8,7.33,0.51
1190,4,4.6,6.66,0.68
1378,4,7.4,6.34,0.8
2166,3,4.8,8.56,0.75
1266,1,0.0,4.98,0.85
1691,1,13.3,7.93,0.56
678,2,18.1,9.02,0.67
2136,6,12.5,10.2,0.85
738,2,12.9,5.12,0.67
1147,2,18.7,8.85,0.59
2652,4,15.8,7.7,0.39
2626,1,4.5,5.58,0.83
2062,2,9.9,6.38,0.86
1992,2,4.1,8.57,0.59
1428,3,7.1,9.02,1.0
1258,2,6.7,8.56,0.87
1546,2,0.0,8.09,0.86
740,2,10.5,5.64,0.84
1976,2,1.6,8.06,0.33
1834,2,9.9,8.96,0.85
1146,5,15.8,8.04,0.4
2898,2,12.9,8.55,0.77
2224,5,15.0,10.23,0.53
2284,2,12.7,11.13,0.37
1458,1,16.4,8.51,0.95
1799,7,22.8,8.79,0.58
2239,4,11.4,7.44,0.44
1906,3,7.8,7.22,0.95
2921,1,19.0,7.95,0.82
1657,3,10.8,8.4,0.38
1446,1,7.0,4.57,0.83
2243,3,17.1,10.83,0.53
914,0,10.9,4.34,0.77
2447,1,15.2,8.95,0.55
889,1,10.6,6.49,0.79
2247,4,19.4,7.03,0.59
1346,2,8.0,5.79,0.69
2133,3,8.1,7.6,0.77
2435,2,4.8,7.41,0.73
1907,3,21.8,9.86,0.67
960,2,5.4,6.59,0.76
1172,4,10.2,8.77,0.38
1289,2,12.2,4.17,0.68
500,1,12.2,6.39,0.72
2589,3,18.8,9.73,0.79
1877,3,7.6,7.15,0.59
1005,0,0.0,4.65,0.78
2818,5,16.6,8.69,0.63
1309,2,22.0,6.75,1.0
1975,1,10.1,5.84,0.82
1222,1,8.1,9.99,0.59
500,2,18.9,6.97,0.83
844,2,12.2,7.28,0.67
1486,2,5.8,6.07,0.76
2428,2,2.3,11.07,0.55
2042,4,1.2,9.3,0.73
1898,2,5.7,8.66,0.43
500,3,13.6,7.29,0.8
2689,2,11.6,8.75,0.82
1956,2,1.9,6.1,0.54
1716,1,10.6,6.33,0.93
2592,2,8.8,10.01,0.59
2673,4,25.4,10.04,0.49
1627,1,0.0,6.58,0.71
1097,3,18.8,7.37,0.57
2492,5,17.2,8.67,0.64
844,3,18.8,7.47,0.68
3163,1,7.3,5.99,0.83
1819,2,21.3,9.15,0.8
1057,3,13.4,7.75,0.53
937,2,7.0,5.61,0.66
905,3,14.0,6.73,0.63
1898,5,9.1,7.3,0.48
1795,1,6.0,8.73,0.38
934,1,2.2,7.56,0.82
1550,1,7.0,8.22,0.84
842,1,13.4,8.13,0.8
2212,2,8.6,8.28,0.87
1761,3,14.4,9.34,0.7
1535,3,14.6,6.57,0.85
898,1,11.1,6.89,0.71
1589,6,12.2,10.22,0.75
1509,4,8.4,9.21,0.6
2022,4,11.6,8.44,0.79
1916,6,22.8,9.02,0.59
2354,3,17.9,9.43,0.78
1460,0,11.6,7.01,0.6
500,2,5.7,7.2,0.95
2493,3,11.3,7.65,0.94
1144,1,15.8,7.44,0.69
1025,3,11.7,9.27,0.33
1769,3,16.5,9.18,0.63
2011,3,6.9,9.71,0.26
1428,3,6.4,7.91,0.63
1422,0,3.2,6.48,0.78
1526,3,3.3,6.46,0.64
2791,4,8.5,8.6,0.67
1798,0,7.4,7.21,0.49
1122,0,8.0,4.86,0.66
1129,2,6.3,7.64,0.64
1624,3,9.7,7.03,0.82
1966,1,1.0,7.97,0.82
2138,4,18.2,8.37,0.82
1886,3,9.9,6.62,0.75
1210,3,11.2,8.54,0.56
1503,6,6.5,9.17,0.54
2313,1,12.8,8.72,0.63
997,0,9.3,5.18,0.74
1473,3,10.3,9.82,0.39
2218,1,4.9,7.14,0.67
2412,1,11.4,6.08,0.72
1664,3,6.5,6.19,0.78
1512,4,18.5,8.37,0.63
874,1,16.1,5.25,0.87
2167,2,5.6,8.37,0.87
2723,3,13.6,8.98,0.76
3595,6,10.5,10.28,0.52
2070,2,1.5,6.67,0.74
1764,1,6.1,5.95,0.69
1156,2,9.0,6.21,0.94
500,0,2.1,6.07,0.77
1923,0,9.3,7.17,0.74
3445,7,18.0,10.5,0.73
2689,4,20.6,7.84,0.53
2581,4,15.9,10.08,0.93
1971,2,16.6,7.52,0.85
2051,3,10.5,8.4,0.7
500,3,14.1,8.11,0.61
2333,3,13.6,8.69,0.67
1394,3,7.3,7.29,0.63
1308,1,10.1,7.92,0.91
1573,4,16.1,9.46,0.5
1550,3,12.3,8.38,0.75
1297,4,13.4,8.21,0.51
1809,4,8.5,9.33,0.82
1409,3,21.5,7.64,0.74
1870,2,7.0,8.0,0.76
758,2,8.6,7.61,0.77
1650,3,18.6,9.56,0.59
1032,3,19.1,8.79,0.68
1350,4,11.6,7.97,0.56
1900,2,10.1,9.16,0.59
677,0,13.3,7.52,0.82
1224,3,16.9,6.69,0.35
2198,3,13.4,9.1,0.52
810,4,16.1,8.7,0.7
3044,1,10.5,9.28,0.57
2643,2,0.0,8.9,0.82
1453,0,12.3,6.97,0.7
1248,4,6.2,7.17,0.69
1941,4,7.5,8.07,0.76
786,4,11.6,8.6,0.51
500,1,6.4,6.67,0.61
1478,3,8.5,8.52,0.41
1706,5,24.3,10.77,0.54
1369,1,11.1,7.06,0.44
2691,5,19.1,9.02,0.55
753,2,19.0,4.44,0.57
1003,5,9.4,8.11,0.58
2140,1,7.1,7.33,0.6
986,4,14.9,7.24,0.51
959,2,10.6,8.12,0.87
1886,2,8.4,6.8,0.55
1062,1,14.3,7.11,0.76
1706,1,8.0,6.73,0.71
1310,4,6.3,10.06,0.65
1196,3,18.6,10.07,0.5
500,2,18.1,8.24,0.71
1897,2,20.4,8.26,0.79
926,3,21.4,8.78,0.27
1682,2,9.1,7.54,0.57
1441,5,12.2,9.93,0.46
1655,5,4.6,9.44,0.42
1695,4,8.0,9.16,0.45
1935,3,13.4,8.71,0.86
1290,2,2.7,7.66,0.69
2669,3,14.5,9.84,0.46
506,4,15.0,10.92,0.67
1641,2,6.6,8.68,0.88
2385,3,14.5,7.05,0.61
2133,2,13.7,7.95,0.69
1117,5,8.6,7.8,0.54
1234,1,6.8,6.84,0.7
1095,4,14.1,8.21,0.57
2219,4,8.0,8.43,0.66
1282,0,0.0,6.73,0.67
1978,2,11.5,7.79,0.77
1985,5,9.7,9.96,0.7
3457,1,1.1,7.3,0.75
2019,3,6.3,7.03,0.65
1232,2,2.8,6.98,0.47
777,0,6.2,5.57,0.86
1606,2,18.5,9.24,0.69
1716,0,13.1,7.92,0.73
500,3,13.1,9.01,0.84
1300,4,10.4,7.11,0.6
2008,1,10.4,5.52,0.99
1427,4,16.6,10.72,0.55
2478,0,13.8,6.06,0.67
709,2,6.6,7.95,0.84
2273,2,0.4,8.27,0.7
2439,6,24.7,10.39,0.66
2469,2,16.8,8.09,0.63
703,2,10.4,5.99,0.6
2020,3,8.9,9.58,0.91
1331,6,12.2,10.06,0.52
815,3,8.3,10.76,0.7
1510,3,3.4,7.5,0.78
1166,1,7.6,6.8,0.59
2159,5,8.3,9.79,0.48
993,2,10.5,4.7,0.82
1293,4,17.9,6.53,0.39
1533,3,8.8,8.17,1.0
1749,2,16.0,8.57,0.75
2504,5,15.7,8.79,0.68
2283,2,11.8,6.66,0.56
1835,4,8.0,8.46,0.72
1617,4,20.0,8.05,0.57
558,1,10.9,5.84,0.49
2704,6,17.6,10.73,0.69
2888,3,6.9,7.74,0.4
1937,4,17.0,8.92,1.0
3217,4,10.6,9.35,0.45
2224,0,5.7,5.81,0.76
797,1,9.5,6.5,0.67
1369,3,9.1,7.62,0.49
1681,5,10.9,8.59,0.65
1188,5,10.6,7.94,0.36
1536,1,8.3,7.4,0.81
843,2,3.7,6.76,0.6
1804,2,6.7,4.82,0.53
1966,2,12.5,10.49,0.6
1097,1,4.2,5.5,0.72
3158,2,12.4,7.09,0.78
1844,2,18.7,5.49,0.39
1228,5,22.3,11.36,0.6
659,0,0.0,4.63,0.52
1617,1,4.1,6.2,1.0
2348,2,4.6,8.44,0.68
1699,0,8.2,6.16,0.82
964,3,16.9,5.73,0.55
2969,2,15.2,8.22,0.64
2104,5,6.0,7.74,0.53
1622,1,10.6,8.02,0.91
1915,5,12.5,8.69,0.6
2131,4,4.8,8.86,0.81
799,0,11.4,7.53,0.54
1910,4,5.3,8.44,0.68
1484,3,11.4,8.2,0.65
2155,4,17.0,9.56,0.7
1281,4,13.3,8.7,0.48
1376,2,9.6,6.1,0.59
2964,3,14.1,7.17,0.64
2661,2,12.4,11.25,0.74
500,1,13.7,9.53,0.73
2609,4,13.8,7.01,0.66
1748,4,17.2,8.06,0.32
1304,3,15.8,8.5,0.53
1094,2,15.1,7.91,0.51
1135,0,0.0,6.39,0.73
1324,4,9.9,7.06,0.84
1011,3,16.2,7.59,0.9
851,3,14.3,9.19,0.56
1071,1,10.1,7.06,0.65
2026,6,18.1,9.24,0.27
1835,4,17.0,7.65,0.82
2189,4,12.3,9.89,0.56
1753,2,2.8,7.49,0.76
885,2,20.9,7.34,0.78
2146,3,10.4,8.95,0.61
1096,1,10.1,6.82,0.61
2252,1,0.0,4.84,0.76
983,3,15.0,8.71,0.69
1547,5,12.1,7.4,0.43
2272,4,12.1,9.34,0.76
1923,1,15.9,6.95,0.7
1814,2,19.6,9.72,0.61
3119,2,12.1,8.64,0.51
514,1,12.3,7.7,0.59
1073,4,14.4,6.19,0.34
1043,3,9.3,7.18,0.81
560,3,3.3,5.17,0.71
1296,2,17.4,7.24,0.81
2281,2,12.3,8.35,0.75
1385,0,9.5,7.22,0.77
1566,4,18.8,8.92,0.71
594,2,5.1,7.44,0.85
1242,4,8.6,7.56,1.0
1476,3,12.2,6.41,0.62
2249,4,16.1,9.2,0.56
627,1,11.8,6.67,0.62
1481,3,16.1,10.33,0.72
2560,2,16.6,9.8,0.84
1488,3,8.6,9.29,0.79
2695,4,9.5,8.95,0.56
2314,0,9.9,7.6,0.69
2408,1,9.1,6.36,0.87
579,2,9.6,5.7,0.64
2858,3,21.7,8.31,0.8
1258,0,15.2,5.94,1.0
1443,1,10.4,7.77,0.74
1308,5,14.9,9.3,0.46
2462,1,0.0,7.08,0.44
1674,2,7.2,7.64,0.85
2137,3,10.5,8.18,0.68
1853,1,7.0,6.73,0.62
1733,6,16.5,9.1,0.88
1137,0,6.7,4.21,0.94
3068,2,11.9,8.09,0.8
775,1,9.7,6.32,0.55
2088,5,17.4,8.6,0.54
2063,3,13.1,7.64,0.29
2771,4,12.5,8.65,0.74
1703,3,17.6,9.34,0.72
2171,1,3.1,5.4,0.9
3035,4,9.4,10.22,0.69
1754,6,8.7,10.8,0.55
1053,3,21.0,9.22,0.84
1530,0,8.3,4.07,0.74
886,2,2.1,7.11,0.73
2060,2,5.4,6.19,0.74
2545,1,11.2,6.63,0.86
1715,6,12.8,8.95,0.65
665,1,5.8,6.72,0.81
2515,5,7.5,10.17,0.24
556,3,17.7,8.11,0.56
717,0,15.2,5.87,0.53
1675,1,14.8,9.34,0.95
1976,0,15.2,8.58,0.58
2095,2,11.9,6.03,0.61
1753,3,10.1,5.81,0.99
3032,2,0.3,6.05,0.73
1845,3,7.5,7.55,0.96
2524,5,13.7,8.85,0.5
2350,2,13.0,6.05,0.35
894,2,9.0,8.92,0.87
1681,3,11.3,6.57,0.72
3286,2,4.6,7.59,0.63
1446,1,16.7,6.98,0.58
1327,1,9.2,8.31,0.84
1919,4,10.8,9.52,0.59
1472,1,2.4,4.6,0.79
1244,4,20.5,6.63,0.6
1461,4,2.8,8.27,0.58
2802,3,13.0,9.41,0.74
1704,1,6.2,7.67,0.92
870,2,10.2,7.98,0.84
741,4,12.4,9.73,0.51
3344,0,10.5,8.92,0.51
1643,1,9.3,8.75,0.75
2104,3,13.4,9.11,0.37
2024,4,11.4,9.85,0.62
2821,1,13.6,7.85,0.84
1343,1,10.6,8.34,0.79
2121,5,18.6,8.63,0.67
815,3,7.7,8.03,0.71
3216,0,7.5,7.98,0.71
1987,1,5.7,8.09,0.73
1511,3,11.1,6.64,0.74
1591,2,5.7,8.78,0.71
1442,4,9.2,8.1,0.57
1478,3,15.5,9.63,0.77
500,6,10.4,8.82,0.63
1731,2,11.5,7.99,0.65
1702,3,17.8,8.1,0.58
2142,2,5.9,7.27,0.61
1433,0,12.4,7.33,0.61
1260,2,6.5,6.87,0.65
1794,1,8.0,5.19,0.81
671,2,15.4,7.26,0.41
1900,3,6.2,4.86,0.59
500,2,23.5,6.38,0.39
2584,6,14.8,8.73,0.43
2278,4,23.8,10.13,0.62
1151,2,18.9,10.88,0.83
2262,0,9.7,6.58,0.83
1878,2,3.6,7.81,0.33
1093,2,13.9,9.03,0.8
500,2,5.2,7.1,0.3
2021,2,10.5,5.83,0.59
1244,3,11.5,7.11,0.52
2566,2,9.9,8.67,0.56
1809,6,14.5,10.22,0.61
1310,1,6.3,9.36,0.81
3058,5,10.3,10.07,0.73
2203,4,10.1,10.64,0.94
500,3,16.9,6.86,0.62
1459,4,6.1,5.37,0.33
831,3,8.3,7.68,0.42
1240,3,21.6,11.35,0.7
1698,2,9.4,6.71,0.79
2047,3,15.0,10.95,0.76
1982,2,6.5,8.71,0.42
2554,2,4.1,7.51,0.58
2245,2,12.5,7.76,0.8
2202,2,8.6,8.48,1.0
1941,1,14.6,5.36,0.81
2700,5,11.1,9.28,0.45
1578,4,12.8,9.21,0.39
1596,3,19.0,8.8,0.64
500,1,13.1,7.28,0.61
2539,4,12.6,9.3,0.89
1746,4,14.3,9.01,0.85
1516,1,8.4,5.33,0.58
1862,3,3.3,8.74,0.68
2182,1,0.9,6.82,0.66
1028,3,11.7,7.77,0.59
2050,4,11.6,9.27,0.92
1824,0,13.0,5.68,0.65
1587,2,17.1,8.01,0.32
2620,4,15.8,10.13,0.29
1167,2,13.7,7.87,0.82
1992,1,17.1,8.53,0.65
2818,1,0.0,5.62,0.77
1305,2,3.0,7.46,0.5
1592,0,2.5,6.35,0.82
3441,3,5.1,7.75,0.32
2132,3,10.9,7.95,0.54
1445,3,12.9,8.15,0.68
2361,2,11.7,8.14,0.75
1402,4,15.3,10.33,0.37
704,1,10.7,6.69,0.97
2760,5,13.4,10.62,0.64
1027,1,6.5,6.88,0.71
3516,3,4.5,7.87,0.56
1457,3,11.2,7.66,0.45
3293,1,12.0,7.52,0.73
841,1,14.8,7.8,0.84
2149,1,20.6,6.2,0.63
2386,2,14.8,7.99,0.66
2477,1,12.6,8.64,0.9
1451,2,11.5,6.88,0.74
883,0,0.0,6.03,0.87
1764,2,12.3,8.79,0.7
1956,4,11.6,8.12,0.64
1469,2,16.7,9.03,0.66
1994,2,10.2,8.16,0.64
2030,4,18.8,10.06,0.37
1162,1,5.8,7.73,0.7
2076,2,8.7,6.27,0.8
1612,2,8.6,9.28,0.6
1310,1,11.7,8.99,0.61
2351,3,16.3,8.61,0.85
1256,3,11.0,9.23,0.79
1480,1,13.5,7.47,0.8
1850,0,9.3,7.51,0.52
2762,3,4.3,10.44,0.78
1934,3,16.1,9.26,0.49
2169,1,2.5,6.34,0.54
1591,2,0.5,6.94,0.73
1745,2,7.5,7.05,0.68
1765,2,4.7,6.81,0.69
2005,5,16.0,9.57,0.56
1592,3,14.4,7.93,0.76
2737,4,16.3,9.96,0.54
1538,2,9.6,8.1,0.53
604,3,8.4,8.05,0.52
1570,3,11.2,8.61,0.61
2719,3,12.9,8.73,0.8
2783,3,16.8,9.2,0.6
2461,6,7.4,9.18,0.45
1661,2,14.3,7.11,0.77
2000,1,10.5,6.78,0.84
907,2,20.8,9.18,0.59
1203,2,18.1,7.62,0.73
1622,0,8.3,6.59,0.68
1869,2,12.1,5.31,0.71
1724,2,11.5,7.53,0.57
1340,3,11.8,6.32,0.54
2776,6,16.3,11.49,0.81
2465,2,15.5,6.68,0.93
2025,3,17.8,9.57,0.77
1520,4,14.8,10.68,0.64
2544,5,18.3,10.28,0.58
1474,0,5.6,5.14,0.82
2899,1,14.7,7.75,0.7
1877,6,15.5,9.46,0.52
2660,1,14.6,8.75,0.53
1720,4,17.2,6.61,0.66
1850,0,3.6,5.41,0.82
2657,1,8.3,10.2,0.58
2892,5,6.4,9.35,0.91
2413,5,6.6,7.82,0.59
2212,4,14.5,8.57,0.47
1445,4,9.3,9.3,0.66
2006,2,6.4,7.57,0.73
1160,1,14.6,7.08,0.79
2063,3,21.5,10.73,0.62
2108,2,11.3,8.38,0.67
500,3,16.8,7.12,0.5
1827,2,17.0,9.3,0.75
2090,7,8.3,9.73,0.38
1741,0,9.9,6.11,0.96
2050,3,18.4,8.92,0.66
860,1,14.6,9.02,0.92
1256,2,12.4,8.55,0.75
2524,5,11.6,9.69,0.97
1800,3,17.1,7.62,0.28
2037,1,9.7,9.19,0.39
1417,2,11.1,8.51,0.88
1813,2,1.5,7.03,0.54
500,2,14.5,8.76,0.77
2392,4,9.2,10.49,0.68
3065,4,12.8,7.71,0.75
1054,5,13.5,6.83,0.53
1141,3,15.7,7.91,0.63
2108,5,8.4,9.83,0.63
2831,2,8.4,8.33,0.76
1798,5,12.7,10.57,0.6
939,5,7.9,10.07,0.39
1653,5,20.9,8.23,0.59
1079,2,10.6,6.78,0.71
1331,4,5.1,7.19,0.96
1587,3,0.4,6.83,0.53
1149,3,13.7,7.8,0.93
1255,2,9.4,6.87,0.84
1852,5,16.7,9.14,0.62
1950,2,12.4,6.28,0.95
803,2,7.0,9.5,0.69
2077,1,2.2,6.54,0.26
1532,1,14.8,7.56,0.7
2304,4,12.9,10.58,0.75
2346,4,4.7,7.65,0.69
1418,3,20.7,10.88,0.57
2229,2,10.9,8.49,0.51
1214,5,6.8,9.29,0.8
2726,0,3.3,8.12,0.48
1240,2,13.0,7.95,0.68
2046,3,4.8,7.55,0.72
1668,3,7.0,8.9,0.53
1088,2,7.5,7.03,0.78
2430,1,9.2,8.14,0.84
1370,4,15.1,6.51,0.58
609,1,9.2,7.19,0.88
500,1,0.6,7.67,0.83
1187,3,16.9,9.93,0.79
2763,2,11.1,8.01,0.94
2680,3,4.6,7.94,0.49
1296,4,18.0,7.23,0.31
1537,3,12.3,7.55,0.88
1474,2,14.4,6.15,0.66
866,3,10.4,9.08,0.63
1135,2,4.6,8.9,0.7
2486,4,8.8,7.18,0.39
2152,2,11.2,7.76,0.59
1991,3,9.2,9.14,0.54
865,4,9.7,7.1,0.52
1870,0,0.0,5.64,0.58
500,3,5.3,6.39,0.66
2389,1,5.6,7.37,0.65
1981,2,13.1,8.44,1.0
858,3,13.8,6.85,0.68
2931,3,13.5,9.7,0.72
542,2,14.3,6.86,0.64
2171,6,17.8,9.16,0.61
2188,2,4.4,6.54,0.88
932,1,8.0,6.04,0.79
1773,2,10.5,7.45,0.67
654,1,13.2,8.64,0.52
1052,2,7.7,7.42,0.53
1368,2,12.6,8.77,0.53
2250,7,15.6,11.05,0.29
1847,0,16.3,7.79,0.67
1865,2,5.5,7.71,1.0
1089,2,15.1,9.69,0.79
1428,2,9.8,8.22,0.51
1149,1,7.0,8.47,0.87
942,4,16.7,8.46,0.54
1384,2,21.8,9.7,0.53
1852,1,0.0,7.48,0.67
1399,2,7.3,8.86,0.67
1573,2,3.0,7.16,0.72
2286,3,12.3,8.73,0.76
1449,1,6.9,6.79,0.59
866,3,14.8,7.49,0.67
2194,6,7.1,9.07,0.48
1986,4,6.9,7.32,0.41
2030,2,7.8,7.36,0.66
2238,4,7.5,10.89,0.41
2119,4,1.8,9.57,0.73
1820,3,10.5,9.36,0.43
3474,1,11.4,8.39,0.6
900,6,14.2,9.62,0.48
1389,4,20.7,9.23,0.69
2477,2,10.0,8.89,0.78
1899,4,15.4,8.01,0.69
2330,2,10.8,4.66,0.53
1918,1,10.9,8.51,0.63
2761,5,15.9,10.07,0.41
1094,4,17.6,7.42,0.62
2739,1,6.8,7.39,0.98
2619,1,8.4,9.52,0.66
952,2,10.0,8.69,0.54
2241,3,10.9,10.41,0.69
1769,3,7.5,8.29,0.66
1375,2,0.0,4.5,0.79
500,0,1.4,7.07,0.73
1092,2,13.8,8.11,0.71
2295,2,12.4,8.14,0.78
2369,3,12.4,8.85,0.65
1652,3,13.6,9.8,0.85
2371,2,11.8,8.7,0.67
2461,4,22.7,7.88,0.72
1908,6,15.3,8.23,0.68
1294,2,16.3,7.14,0.57
2108,2,14.3,7.07,0.76
2140,3,9.4,8.88,0.52
2271,5,9.4,10.59,0.45
2405,5,12.4,9.14,0.86
846,2,9.9,7.73,0.89
1443,0,5.8,6.78,0.72
500,2,9.9,5.98,0.88
2322,3,7.4,7.68,0.87
1651,2,8.6,6.51,0.33
2101,4,13.0,9.55,0.77
767,1,8.5,4.69,0.58
2780,4,14.0,9.57,0.76
963,6,12.9,8.04,0.69
2342,3,8.9,9.07,0.6
1882,2,11.0,8.78,0.89
1667,5,18.0,11.41,0.86
1610,1,8.9,7.14,0.82
1353,3,12.8,6.12,0.68
2706,2,11.6,7.15,0.75
1808,1,8.8,7.72,0.55
911,1,12.5,6.79,0.75
1531,1,9.5,6.63,0.77
1889,3,18.1,9.78,0.72
2428,5,10.9,8.05,0.63
1376,3,12.4,8.14,0.58
1423,2,9.2,6.93,0.62
1816,3,9.7,8.56,0.54
2411,2,7.1,9.47,0.45
841,1,12.6,6.59,0.58
2153,1,10.7,6.44,0.44
1475,1,17.2,9.14,0.74
1572,2,10.3,5.85,0.57
3201,3,15.5,8.49,0.43
1662,4,10.0,9.44,0.58
2328,4,12.2,8.37,0.87
2303,4,7.3,9.73,0.53
973,1,10.5,7.74,0.65
508,1,13.4,6.31,0.94
2374,2,17.7,5.65,0.81
1041,3,11.0,7.35,0.8
635,3,12.2,8.02,0.65
2518,2,15.4,7.6,0.63
1086,2,17.7,7.71,0.66
1259,3,9.5,10.14,0.68
3182,1,14.5,8.65,0.75
638,2,12.5,7.84,0.49
920,1,10.8,5.16,0.64
1478,3,19.7,8.87,0.66
1631,2,1.4,7.29,0.62
1174,1,5.7,6.42,0.63
988,3,9.5,8.09,0.92
2856,1,12.0,9.86,1.0
1984,1,4.4,4.95,1.0
2209,2,13.4,9.34,0.65
1703,4,9.6,8.48,0.57
2002,5,17.0,8.06,0.47
2453,4,12.4,9.7,0.68
1102,5,23.2,8.47,0.55
1985,3,6.2,6.99,0.8
2287,2,13.8,7.25,0.59
2881,2,12.0,7.98,0.68
3163,5,12.6,7.97,0.79
1848,1,11.3,5.7,0.59
2597,2,7.6,5.72,0.61
500,2,11.0,6.75,0.5
2886,3,8.7,7.82,0.54
1291,1,10.1,5.61,0.84
1631,1,11.0,7.13,0.66
2108,5,13.4,10.1,0.73
1692,4,15.9,6.16,0.55
1937,6,13.7,10.83,0.76
2911,2,11.7,8.5,0.44
1531,2,4.6,7.63,0.78
1039,1,7.0,8.07,0.75
3069,5,13.4,10.54,0.56
2168,1,16.6,6.86,0.48
3145,1,10.3,7.11,0.65
2404,4,13.2,9.68,0.61
873,1,13.8,7.0,0.8
2251,2,6.1,6.58,0.76
1111,1,11.6,7.17,0.6
1805,0,10.3,7.16,0.76
1746,4,9.9,9.47,0.55
667,3,14.3,7.42,0.59
1231,4,6.0,7.17,0.53
3343,4,15.2,9.31,0.72
1966,2,19.1,7.64,0.76
1677,1,13.1,8.18,0.68
3069,1,9.5,7.26,0.48
1522,0,5.2,8.91,0.97
1736,2,19.1,7.7,0.81
2493,4,1.4,7.64,0.66
1519,3,8.9,7.58,0.83
1277,1,8.4,9.83,0.65
500,4,9.8,8.46,0.44
1144,2,8.4,8.14,0.88
1137,4,18.6,8.2,0.65
1910,3,9.5,6.74,0.74
1372,2,12.7,6.24,0.86
3310,4,12.3,8.81,0.76
1059,2,7.6,7.96,0.42
2780,0,14.9,6.27,0.42
1953,2,8.4,6.82,0.49
2364,4,18.8,8.66,0.85
2322,1,14.1,10.33,0.42
500,0,3.3,7.17,0.77
1791,2,10.1,6.7,0.71
1616,4,23.8,8.68,0.67
1006,3,9.0,6.97,1.0
2121,2,13.7,8.64,0.56
3001,1,12.8,9.42,0.81
500,3,9.1,6.43,0.36
1425,1,12.7,5.98,0.89
927,1,2.2,5.76,0.94
1850,5,18.4,10.8,0.62
1572,0,8.6,7.17,0.88
1376,1,0.0,5.68,0.74
2282,0,6.4,8.4,0.82
2945,4,5.5,8.5,0.62
3662,3,7.2,8.76,0.63
1282,2,8.5,11.67,0.91
525,3,14.9,9.75,0.51
2191,2,4.8,7.92,0.49
2927,3,9.5,9.13,0.43
2369,3,5.6,8.19,0.65
2924,4,8.6,9.25,0.44
1642,2,17.7,5.69,0.9
1373,3,12.9,7.56,0.59
1880,2,3.5,7.93,0.7
1568,1,15.0,6.65,0.73
2264,1,14.7,6.63,0.54
2478,2,9.0,9.08,0.72
2533,0,12.1,4.89,1.0
2157,1,17.5,7.86,0.6
1972,2,10.8,6.39,0.88
2356,5,9.5,10.7,0.38
500,2,14.4,6.86,0.83
1947,2,7.1,6.57,0.89
1836,2,7.0,8.09,0.5
1949,3,7.2,9.57,0.72
1738,3,14.9,7.24,0.42
2102,3,16.7,6.87,0.63
1397,2,8.8,6.98,0.51
2590,6,21.3,10.82,0.67
2131,1,7.2,6.7,0.76
1905,3,11.0,9.7,0.65
1311,1,4.5,6.99,0.6
2370,4,10.2,8.36,0.47
1944,4,18.0,8.46,0.41
1271,3,8.9,8.65,0.69
1760,5,9.9,7.97,0.63
2240,3,6.9,6.55,0.66
2186,4,3.6,7.83,0.7
2140,3,6.7,8.39,0.81
1864,3,4.3,6.69,0.5
2518,5,10.6,7.26,0.66
2666,5,12.8,9.86,0.75
2316,6,13.8,9.22,0.73
1388,2,11.4,7.32,0.44
1059,2,12.5,8.33,0.81
1419,1,4.0,6.98,0.84
3167,5,20.5,8.75,0.62
1997,2,13.8,5.76,0.62
3288,4,16.9,10.16,0.48
1715,1,9.1,8.03,0.7
1618,2,14.3,8.29,0.87
1748,0,17.4,7.87,0.92
1735,1,14.1,7.22,0.81
1258,3,15.0,9.52,0.73
995,6,4.2,8.7,0.65
2150,1,12.4,6.94,0.46
2538,4,14.3,10.65,0.49
3511,3,8.9,9.09,0.74
1496,4,9.6,8.18,0.67
1553,4,16.6,7.97,0.7
1260,0,15.6,7.82,0.65
2588,2,9.7,8.88,0.6
2370,4,10.4,8.13,0.67
1186,3,7.0,8.46,0.65
1168,0,0.3,7.77,0.73
2466,5,13.5,9.68,0.54
2068,0,11.6,7.48,0.78
2330,1,11.7,6.88,0.75
1182,3,6.7,6.64,0.94
500,2,13.0,5.76,0.88
1187,4,11.8,7.84,0.72
2281,1,2.1,6.59,0.78
3277,3,2.1,7.86,0.48
1499,2,11.4,10.51,0.46
3393,3,19.8,8.44,0.56
2380,4,3.5,6.29,0.77
824,2,12.2,7.88,0.83
1949,5,13.5,10.42,0.74
2404,4,11.9,8.36,0.66
500,2,13.2,7.23,0.76
2251,3,7.8,6.88,0.6
2620,3,15.4,9.09,0.65
2079,3,15.9,6.82,0.45
1756,3,16.4,10.27,0.7
1678,4,16.3,10.8,0.62
1638,2,6.4,6.64,0.66
976,2,9.0,8.29,0.58
1318,2,5.6,8.27,0.91
1508,1,7.1,7.5,0.67
1879,5,11.9,6.09,0.46
1410,2,14.0,6.65,0.6
1191,1,8.9,7.96,0.68
2331,2,1.9,7.86,0.54
2059,1,10.8,8.71,0.91
1422,3,10.1,8.2,0.49
2154,2,14.8,6.45,0.55
1482,4,15.3,8.1,0.7
1844,7,13.3,10.79,0.41
2482,0,9.2,5.58,0.85
1377,3,19.3,6.89,0.47
979,2,1.4,7.15,0.8
1698,1,12.3,7.11,0.95
845,0,3.8,4.26,0.8
1605,0,1.7,6.03,0.69
1603,2,9.9,6.7,0.63
500,1,8.4,7.15,0.92
2171,1,9.3,6.45,0.86
1672,1,9.0,6.16,0.75
2627,4,7.9,7.25,0.36
1950,2,14.4,9.28,0.36
2314,2,8.2,8.25,0.99
2633,2,19.9,7.99,0.7
1707,2,13.3,8.41,0.58
1799,3,16.3,7.51,0.57
698,2,11.3,7.14,0.79
2667,1,18.6,6.09,0.62
1698,5,17.8,9.36,0.87
1095,4,19.4,8.42,0.68
2317,2,13.8,7.16,0.81
500,4,13.8,10.38,0.49
1499,2,9.9,7.8,0.72
2435,5,15.4,9.04,0.41
1493,0,7.4,7.2,0.8
1297,3,16.4,8.63,0.57
1508,2,11.8,8.79,0.85
500,0,12.0,7.71,0.67
2300,2,13.2,8.34,0.59
1713,2,8.8,7.8,0.63
1609,0,4.6,4.8,0.44
1611,3,16.3,6.77,0.91
1809,1,12.7,6.43,0.61
2257,4,10.5,7.75,0.57
1763,5,3.9,8.64,0.62
846,2,13.7,7.17,0.96
2202,3,17.8,5.78,0.46
2148,5,9.5,8.63,0.76
1943,5,16.2,9.77,0.56
2552,1,15.3,5.25,1.0
1821,4,9.4,7.56,0.81
2577,4,3.3,7.9,0.7
2785,3,18.1,6.92,0.5
2207,1,1.4,6.21,0.76
1276,3,12.4,9.52,0.5
1708,3,14.4,8.78,0.78
2667,3,10.3,10.56,0.62
751,3,22.4,7.38,0.87
1525,2,11.0,7.13,0.6
1559,3,14.2,8.52,0.74
1194,4,10.9,7.92,0.67
2411,2,12.2,8.48,0.86
2063,1,11.4,8.45,0.91
1302,2,9.2,8.1,1.0
2223,2,5.8,5.72,0.8
1689,2,3.6,5.83,0.6
1176,2,6.8,7.55,0.54
1300,3,20.0,6.12,0.7
2105,3,3.0,7.0,0.69
2457,1,17.3,6.61,0.79
1459,1,18.4,5.74,0.92
2181,7,16.2,8.31,0.49
2907,4,20.4,8.84,0.41
918,3,11.4,8.41,0.37
2048,1,7.3,6.53,0.66
2381,5,10.6,8.71,0.49
1733,4,11.0,7.88,0.66
2666,1,11.9,6.62,0.9
3339,1,9.0,7.83,0.55
2040,2,8.1,7.58,0.77
1636,3,5.8,6.46,0.57
2483,2,3.1,4.48,0.92
2389,2,4.0,7.98,0.57
500,3,7.9,7.31,0.56
1523,4,18.5,11.06,0.63
2077,3,18.5,8.04,0.76
1664,2,10.7,6.87,0.63
1740,3,6.3,9.41,0.96
1195,2,2.2,6.43,0.98
2314,3,13.9,10.26,0.56
2958,4,12.2,8.49,0.39
1206,1,8.4,6.51,0.63
822,2,6.5,8.04,0.56
1814,3,10.2,7.23,0.67
1779,4,4.2,7.43,0.7
2619,0,4.1,9.11,0.76
939,2,8.8,7.98,0.83
1423,2,15.8,7.85,0.66
500,1,6.8,6.83,0.67
2762,4,19.2,11.98,0.68
1975,2,10.0,8.22,0.8
1475,4,7.1,8.27,0.84
874,2,8.8,7.37,0.64
938,1,12.8,5.92,0.97
2089,5,17.0,9.06,0.47
1024,2,6.2,7.41,0.72
1872,3,19.9,9.3,0.54
3230,2,13.6,7.46,0.58
1556,5,21.3,10.96,0.55
1126,1,10.7,7.3,0.71
2067,2,17.1,9.25,0.46
941,1,7.5,5.24,1.0
3003,3,15.5,8.76,0.63
2782,4,9.3,7.63,0.66
1685,3,19.1,7.31,0.48
1171,3,0.4,7.94,0.98
1501,5,22.3,8.61,0.68
1593,1,0.6,5.73,0.96
2068,3,1.1,8.69,0.43
2527,1,3.3,5.89,0.76
1074,4,13.5,11.49,0.62
2507,2,12.1,7.91,0.47
2232,2,13.3,6.67,0.48
1444,4,9.4,7.96,0.55
1039,3,11.1,7.51,1.0
1881,5,12.1,7.5,0.62
1058,2,10.0,8.07,0.8
2516,4,14.6,9.08,0.68
1013,2,9.7,7.73,0.62
2183,1,10.2,8.72,0.57
1743,1,2.4,5.93,0.61
1407,2,15.5,7.74,0.73
1728,3,14.8,8.14,0.61
2555,3,12.8,9.03,0.58
965,2,6.3,7.67,0.7
1511,4,9.1,7.18,0.72
1273,2,9.3,8.18,0.5
1772,1,14.8,7.85,0.48
1320,2,5.5,7.37,0.59
562,1,2.7,5.98,0.58
1061,4,8.5,8.99,0.49
2946,5,17.8,11.24,0.82
1972,4,14.3,9.69,0.73
1948,1,12.6,5.96,1.0
1602,3,7.9,9.84,0.44
1763,2,10.4,8.44,0.71
1499,2,14.6,7.3,0.6
2168,2,6.8,8.39,0.68
1870,2,18.7,7.95,0.65
980,1,13.1,7.64,0.71
1977,2,8.9,9.49,0.82
500,4,20.4,8.29,0.73
2089,0,5.8,8.09,0.78
813,1,2.8,6.12,0.73
1732,1,9.3,8.47,0.74
963,1,6.8,7.25,0.65
1801,1,9.8,7.7,0.91
2204,7,22.1,10.89,0.58
2851,5,13.6,9.02,0.79
721,2,7.6,7.4,0.92
2482,2,10.5,7.3,0.65
1891,3,16.2,9.06,0.58
1484,0,3.2,6.17,0.67
2331,3,2.7,7.55,0.94
1634,5,10.9,10.03,0.5
2302,4,10.4,8.2,0.55
1105,2,9.9,6.67,0.73
1356,2,8.1,9.31,0.66
2460,1,6.4,9.4,0.71
2839,5,8.8,8.34,0.39
1775,4,8.2,9.86,0.86
500,3,17.5,8.32,0.52
1660,2,8.0,6.52,0.74
1822,4,4.4,7.97,0.61
1637,4,9.5,7.61,0.94
2035,3,16.7,8.94,0.73
1466,2,7.9,6.19,0.78
2387,0,7.6,6.84,0.75
983,2,11.5,6.46,0.7
2665,5,13.1,9.01,0.64
2885,2,5.8,7.05,0.74
1160,2,8.6,5.62,0.72
1160,1,7.0,7.3,0.63
2087,4,12.7,9.26,0.7
968,3,22.7,7.99,0.53
1455,2,7.2,6.47,0.7
2571,4,21.0,8.28,0.42
2316,2,5.1,7.53,0.77
3186,4,9.4,7.64,0.45
1919,3,6.4,7.33,0.8
1372,0,4.0,7.16,0.63
1835,1,15.4,7.15,0.82
1694,4,12.7,7.94,0.86
1704,1,0.7,7.61,0.94
1783,3,7.3,4.71,0.65
1147,2,0.0,7.17,0.7
1997,1,8.3,8.64,0.64
813,0,7.4,7.92,0.76
1298,5,12.3,8.78,0.49
1716,2,16.5,8.46,0.8
500,1,4.2,7.61,0.63
2338,4,14.0,7.73,0.81
500,0,3.9,7.74,0.7
2268,6,20.6,11.35,0.52
895,1,1.0,5.17,0.64
1516,4,9.7,9.06,0.53
2163,1,19.0,6.52,0.82
3338,4,10.0,10.37,0.87
1881,1,2.0,6.82,0.72
500,2,11.6,7.49,0.67
2467,2,17.5,9.86,0.67
1637,2,12.4,7.76,1.0
1848,2,11.7,6.59,0.46
2190,4,7.5,11.77,0.72
500,3,14.2,8.22,0.56
1804,4,9.7,9.37,0.85
1513,2,6.4,8.16,0.87
2655,1,0.9,8.69,0.91
2308,6,12.8,10.44,0.57
661,2,3.4,7.36,0.67
2683,2,6.7,7.9,0.53
2114,3,10.3,10.21,0.74
716,5,19.8,9.57,0.53
1839,1,0.5,5.45,0.52
2524,4,12.7,9.98,0.43
950,1,11.3,7.38,0.78
2764,2,6.5,7.95,0.4
741,2,6.8,7.64,0.81
1246,2,17.5,5.79,0.69
1139,1,3.7,5.9,0.75
2763,3,20.0,10.39,0.65
1456,4,15.2,8.96,0.5
986,4,21.4,8.8,0.37
2111,3,15.0,8.85,0.89
2262,2,0.3,7.19,0.54
2267,1,12.2,7.52,0.76
1610,2,5.1,7.85,0.38
1978,6,15.5,8.64,0.59
1344,3,16.0,6.75,0.62
2972,4,13.6,11.04,0.87
2600,3,11.3,7.22,0.53
2558,4,14.5,10.55,0.74
2355,3,22.8,7.61,0.84
2163,6,20.8,11.18,0.4
928,1,0.0,6.27,0.5
2243,4,19.6,9.05,0.88
1879,4,12.7,8.5,0.63
2684,5,14.9,7.47,0.58
2365,1,10.4,7.05,0.9
2185,4,17.9,9.51,0.72
621,3,3.6,7.78,0.79
1737,1,7.8,5.78,0.81
1409,4,15.7,7.66,0.55
1976,5,17.8,8.1,0.75
1509,3,21.7,8.02,0.74
1606,3,12.8,7.71,0.63
2121,3,11.5,9.98,0.6
1497,1,3.2,5.97,0.69
1885,4,9.4,9.67,0.78
736,3,7.4,8.46,0.67
1217,5,14.6,9.01,0.63
2259,2,6.6,8.1,0.64
938,2,6.2,6.04,0.66
2672,2,9.1,8.76,0.76
1612,2,0.0,7.23,0.8
2670,0,6.8,6.0,0.97
1135,2,7.6,8.37,0.66
2322,4,9.3,9.24,0.76
1846,3,20.5,8.36,0.64
1256,4,9.2,6.43,0.75
1051,2,8.3,6.65,0.33
2496,5,20.3,10.02,0.62
1381,2,7.4,6.94,0.52
1728,6,13.7,11.02,0.59
1155,2,0.0,5.17,0.86
1276,1,6.1,7.12,0.48
1711,3,13.7,6.49,0.45
2071,2,18.5,8.49,0.8
500,3,8.2,8.03,0.56
1811,1,4.9,8.27,0.52
1277,2,10.3,6.93,0.42
2781,6,14.6,10.71,0.75
1548,2,13.5,7.77,0.61
594,1,16.5,8.65,0.9
1881,3,13.7,9.75,0.74
1656,0,11.3,7.43,0.79
3179,3,16.4,8.25,0.66
2966,3,18.9,8.54,0.68
2405,1,11.6,7.91,0.53
1389,2,6.7,6.49,0.68
2274,3,16.6,10.98,0.32
1985,3,21.7,7.44,0.68
1968,4,10.1,10.73,0.63
709,2,12.2,6.24,0.66
2543,2,13.2,8.08,0.84
1875,3,13.4,7.81,0.74
1729,2,13.2,7.96,0.83
1379,1,4.7,5.34,0.7
1244,2,15.0,10.44,0.66
2022,1,15.8,5.16,0.68
575,4,9.2,5.74,0.65
2352,1,4.3,6.97,0.68
1062,1,8.8,6.86,0.77
500,5,15.6,7.68,0.51
3075,3,11.5,10.74,0.69
1199,3,11.9,7.75,0.74
1294,2,9.0,8.47,0.98
2594,0,9.9,8.28,1.0
3098,4,3.6,7.17,0.56
726,1,5.2,6.45,0.67
1130,5,12.6,7.65,0.57
1182,3,14.3,6.02,0.54
2454,6,20.6,9.77,0.5
2947,4,19.3,8.39,0.64
1043,2,5.5,9.23,0.89
1303,3,4.8,6.13,0.56
2035,2,4.2,7.86,0.27
909,6,8.2,9.94,0.54
1714,0,3.3,7.0,0.78
1722,4,11.3,7.14,0.54
1579,1,18.3,8.55,0.77
2069,3,3.8,7.11,0.54
1095,4,13.0,7.8,0.59
1181,5,9.9,8.9,0.65
2106,2,4.2,7.74,0.71
2739,2,18.6,7.99,0.51
1784,4,10.1,9.19,0.6
2152,3,10.9,9.59,0.56
2330,3,15.4,9.35,0.81
2381,0,5.8,8.17,0.89
1132,1,1.4,8.23,0.97
1256,3,18.2,7.35,0.61
1316,1,5.4,7.17,0.75
3150,4,14.9,8.9,0.68
2155,4,10.7,8.18,0.87
2124,3,11.3,7.44,0.9
2056,1,11.1,8.24,0.64
875,0,10.1,5.77,0.61
2135,3,8.8,8.53,0.68
2306,5,8.0,7.4,0.67
564,2,3.3,5.83,0.6
2345,2,10.9,7.8,0.56
1550,0,8.9,6.54,0.97
874,2,8.8,5.32,0.62
1132,1,8.7,6.3,0.73
914,1,7.1,8.63,0.9
902,3,20.7,7.67,0.32
1842,2,4.9,6.96,0.95
1529,5,7.9,8.96,0.48
2033,7,17.2,9.95,0.41
2973,3,10.8,7.77,0.62
1709,4,8.3,10.25,0.8
500,4,8.3,7.15,0.75
1630,3,10.9,9.0,0.72
2635,5,12.4,7.0,0.54
1739,0,0.6,4.74,0.92
2870,5,15.0,10.75,0.47
2117,4,13.7,9.66,0.93
513,1,17.4,6.8,0.88
1876,0,9.5,7.89,0.82
2007,1,12.2,5.82,0.49
2556,0,10.8,6.37,0.71
3073,3,16.9,10.41,0.79
2435,3,6.2,8.28,0.7
2108,3,11.3,8.98,0.88
2273,4,11.6,9.09,0.7
1682,2,13.0,7.12,0.65
775,2,7.9,7.23,0.62
1829,4,21.6,9.14,0.77
2055,1,11.4,7.29,0.83
957,3,15.4,8.18,0.72
2728,1,5.4,8.67,0.29
2503,2,9.6,9.3,0.77
839,1,6.9,5.48,0.6
2756,2,9.0,7.93,0.64
1584,4,17.7,7.84,0.45
1255,1,10.4,5.75,0.95
2555,2,3.8,8.7,0.66
1764,6,5.9,7.35,0.64
3129,6,22.5,10.53,0.68
1202,0,0.7,6.86,0.69
587,1,6.2,6.98,0.59
2352,6,12.4,11.23,0.6
1150,1,6.9,6.35,0.91
868,1,8.0,5.94,0.67
1960,4,11.9,9.84,0.54
775,2,7.5,6.41,0.66
2014,3,8.9,7.06,0.77
1561,3,17.3,8.41,0.59
2146,2,11.9,8.45,0.69
831,1,4.5,5.53,0.59
2708,3,21.4,9.08,0.63
1671,3,18.9,7.73,0.57
2334,2,13.4,8.82,0.7
2471,3,11.6,5.31,0.66
989,1,7.2,7.1,1.0
2417,1,13.8,6.97,0.62
802,2,22.5,8.29,0.42
840,2,21.7,8.65,0.75
3174,1,5.2,7.88,0.81
2578,2,16.9,9.22,0.73
3251,7,12.6,10.47,0.57
1540,4,19.9,10.37,0.89
1871,3,10.3,6.59,0.77
2169,4,15.0,8.21,0.8
1791,3,7.3,6.53,0.63
1277,0,0.0,6.26,0.9
1172,2,12.1,7.09,0.61
1949,3,11.0,9.87,0.79
1053,3,3.6,8.13,0.67
1033,3,14.5,6.5,0.86
2075,4,8.9,10.46,0.52
1733,3,1.0,6.59,0.65
2456,4,8.7,9.11,0.45
1502,2,19.2,6.65,0.68
1393,4,16.5,6.15,0.57
2096,1,11.7,8.64,0.83
1231,2,14.3,10.08,0.57
1339,2,6.7,5.85,0.46
1367,3,3.2,7.52,0.61
1653,2,8.0,7.56,0.63
3040,2,12.4,7.51,0.74
836,4,13.3,9.15,0.65
2706,1,7.7,6.62,0.66
2316,2,11.8,8.52,0.8
2896,2,14.1,6.72,0.65
2802,6,17.8,9.99,0.64
2447,4,19.9,9.1,0.71
881,1,16.1,8.31,0.82
969,2,6.1,7.15,0.69
2052,5,19.6,6.85,0.43
611,2,7.6,7.54,0.75
2230,2,12.2,10.33,0.61
500,2,16.8,6.96,0.67
2606,5,2.2,8.07,0.52
1574,3,4.6,7.93,0.65
1888,5,11.0,9.85,0.58
1276,4,9.4,8.87,0.63
500,1,3.3,5.52,0.79
2664,0,7.7,9.52,0.73
2734,2,7.6,6.22,0.75
1553,5,15.1,9.12,0.73
2263,0,5.1,7.94,0.81
1526,3,21.3,8.81,0.87
2001,3,10.0,7.9,0.68
2331,0,10.3,6.14,0.67
2188,2,18.1,8.82,0.92
2738,1,3.6,8.86,0.65
2163,1,8.0,7.24,0.62
1819,3,5.5,8.26,0.45
1267,6,8.1,10.33,0.63
2367,3,5.6,9.82,0.55
748,5,21.2,7.45,0.83
2574,1,3.9,8.77,0.67
1603,3,13.4,8.16,0.66
1226,3,16.5,9.18,0.69
1030,2,8.8,9.79,0.69
2272,2,17.9,7.84,0.69
1789,1,8.0,7.46,0.69
2912,3,13.2,7.73,0.66
915,2,11.4,7.69,0.75
1395,4,4.0,8.75,0.37
1735,3,16.1,6.62,0.84
1273,2,14.2,6.54,0.84
1804,2,3.7,7.46,0.91
2023,1,6.0,7.46,0.81
2139,2,16.9,6.46,0.56
2854,4,10.5,9.16,0.66
887,3,20.0,8.92,0.71
2036,0,16.1,7.67,0.58
1347,0,4.1,6.35,0.8
2101,4,12.6,8.42,0.6
2101,4,5.5,9.16,0.76
1109,1,5.6,8.6,0.77
1169,2,1.5,7.77,0.59
2158,6,7.7,9.0,0.57
1816,1,8.3,7.24,0.74
1646,2,11.6,5.84,0.81
2260,1,9.2,9.08,0.84
2312,4,6.7,8.03,0.52
1429,1,16.5,7.02,0.86
1203,5,15.6,10.34,0.9
916,0,5.1,5.06,0.75
1823,2,7.8,6.96,0.4
803,2,11.9,4.98,0.54
1869,3,22.9,8.2,0.7
2651,2,15.6,8.2,0.86
1552,5,13.6,9.16,0.65
1424,3,12.0,10.48,0.71
3198,3,18.4,8.95,0.69
2856,3,17.0,9.54,0.5
1264,1,11.1,6.14,0.77
1897,4,6.9,9.61,0.51
2030,6,15.7,8.9,0.79
1942,2,15.5,10.5,0.65
3070,4,15.7,10.86,0.73
1861,1,9.1,7.02,0.64
1966,4,12.0,9.17,0.65
2282,5,18.2,8.63,0.72
2632,4,12.2,6.81,0.8
2455,2,4.1,6.53,0.58
2176,2,4.5,8.3,0.7
708,0,1.9,4.76,0.82
1458,2,7.8,9.0,0.61
2373,0,17.5,7.47,0.94
1975,1,9.0,7.05,0.63
2378,4,16.8,9.28,0.64
3121,3,9.3,7.86,0.65
976,4,6.8,7.71,0.79
2596,0,13.3,8.28,0.97
1568,5,5.8,8.24,0.42
2454,4,9.9,10.85,0.69
1771,1,3.1,5.76,0.65
3288,4,6.6,7.78,0.92
1891,1,15.6,7.84,0.8
1351,2,7.8,6.5,0.65
2093,1,11.4,8.24,0.72
2026,4,15.5,9.25,0.82
2596,4,14.2,8.68,0.74
2113,2,8.3,7.37,0.51
3532,0,0.0,4.24,0.78
1730,2,7.8,8.07,0.72
1377,2,11.9,8.93,0.64
1859,3,3.6,6.55,0.68
1961,3,0.0,10.14,0.82
1996,3,16.9,9.13,0.6
1847,3,12.1,11.6,0.81
1373,3,11.9,5.87,0.6
1182,2,11.6,7.67,0.69
1537,4,12.3,9.12,0.78
2599,2,15.9,8.94,0.69
2749,5,10.7,8.31,0.7
1746,0,6.0,6.44,0.66
1140,2,16.1,5.87,0.31
1743,3,3.5,6.38,0.77
2499,6,23.6,10.6,0.34
2185,4,11.9,9.16,0.79
2473,4,6.4,9.86,0.65
2878,5,7.5,7.45,0.57
992,0,10.9,8.52,0.76
1525,2,6.8,8.18,0.78
1429,3,17.4,8.29,0.56
2210,0,5.0,7.03,0.6
1912,3,10.4,7.29,0.52
2329,1,3.5,8.11,0.86
1445,2,13.8,6.14,0.37
2760,1,9.4,8.38,0.76
1751,1,14.3,8.79,0.56
2286,3,3.8,8.18,0.79
2636,0,3.1,7.02,0.64
2580,3,11.1,5.77,0.47
2052,3,10.7,8.89,0.25
2373,2,15.3,5.98,0.83
3019,4,10.5,10.12,0.35
2159,2,11.4,8.3,0.74
1289,2,9.1,8.03,0.7
2208,3,13.3,9.05,0.43
1773,1,6.0,7.84,0.93
500,2,9.8,7.5,0.36
2123,5,21.6,8.46,0.81
1881,3,15.9,8.96,0.67
2609,3,16.9,9.56,0.63
1274,2,4.8,8.26,0.57
746,1,13.6,6.43,0.56
1918,5,22.0,9.83,0.33
2066,1,4.2,6.79,0.72
1865,0,6.9,7.85,0.69
1814,0,5.0,5.53,0.82
1051,0,8.7,6.13,0.79
1702,2,11.7,7.95,0.83
1556,1,8.0,8.16,0.75
2550,1,9.0,10.24,0.86
2065,0,7.5,8.6,0.84
1605,4,23.8,8.07,0.77
3006,3,9.3,8.56,0.47
1611,2,24.8,9.14,0.74
2190,1,11.6,7.63,0.45
1683,4,13.4,9.64,0.64
2941,3,20.1,9.23,0.63
1860,2,14.1,8.57,0.58
1881,2,13.2,9.62,0.62
1702,0,2.9,7.83,0.58
1937,2,8.0,8.22,0.84
2639,3,7.1,7.97,0.67
2392,1,1.5,5.87,0.97
1819,0,8.5,7.54,0.79
2990,4,18.8,10.34,0.64
2411,3,10.8,8.08,0.5
1493,2,9.3,8.38,0.62
833,5,11.4,10.03,0.35
1509,3,3.3,6.25,0.66
2218,3,10.4,6.37,0.69
2751,2,17.7,9.53,0.62
1033,7,8.6,8.19,0.27
1492,3,2.0,6.55,0.6
975,2,6.5,6.82,0.72
862,1,9.8,8.16,0.86
1360,4,22.5,7.24,0.66
2056,3,10.2,8.14,0.55
2339,5,8.4,8.2,0.46
1136,4,13.2,7.33,0.73
1233,2,13.8,7.27,0.78
554,3,6.2,8.66,0.6
1950,1,5.3,8.44,0.81
1287,0,12.8,6.71,0.6
2086,1,2.8,7.97,0.6
1679,5,15.7,9.09,0.47
1351,6,13.5,9.14,0.67
753,6,13.6,9.3,0.55
1364,1,12.4,7.54,0.76
1310,3,7.1,7.69,0.73
1100,3,5.5,9.89,0.51
2063,0,10.0,5.77,0.85
2159,7,18.0,9.73,0.62
1478,3,7.6,7.24,0.87
3154,6,10.9,9.77,0.72
577,3,17.5,8.6,0.67
1840,4,10.2,10.78,0.71
1646,2,7.9,6.07,0.76
1414,0,14.2,8.22,0.93
1311,2,6.0,7.93,0.86
1795,1,4.3,6.85,0.47
1642,1,12.2,8.31,0.9
1525,4,21.5,6.09,0.49
890,2,18.6,5.94,0.61
667,2,10.3,4.79,0.39
1598,1,15.1,5.8,0.99
1662,6,10.7,9.07,0.46
1723,2,11.2,4.81,0.79
1434,4,14.0,9.58,0.7
1651,4,14.6,8.44,0.67
1202,2,9.5,8.25,0.57
2866,2,11.9,9.25,0.76
1240,3,9.3,7.54,0.54
1540,3,8.4,8.3,0.72
1293,0,8.8,6.28,0.66
1281,1,9.3,5.41,0.64
1817,2,8.5,7.68,0.9
1728,3,14.8,8.27,0.5
1478,3,19.2,6.64,0.66
1601,3,15.6,9.52,0.83
1296,1,11.1,7.15,0.81
2081,3,6.9,7.12,0.81
3238,2,9.3,9.53,0.59
1187,4,17.5,9.43,0.56
2075,5,12.7,8.8,0.58
1831,3,11.4,8.41,0.76
2268,1,11.2,5.59,0.77
2287,5,20.1,9.92,0.9
1943,6,12.4,8.15,0.53
1772,5,18.8,9.56,0.7
1495,2,13.1,7.73,0.73
1264,2,7.5,8.23,0.67
1732,3,0.0,6.29,0.81
900,3,4.1,7.0,0.76
1384,0,8.9,4.88,0.79
2574,3,14.1,8.81,0.77
1868,5,23.4,8.79,0.68
2424,0,10.6,6.6,0.51
2828,6,13.2,10.09,0.53
1676,4,1.9,6.38,0.7
1945,2,13.6,8.08,0.59
1588,2,6.9,5.79,0.62
1231,5,16.7,8.54,0.54
1132,3,4.8,5.73,0.57
2390,2,13.8,8.99,0.76
1946,2,19.2,9.01,0.66
3092,3,15.1,8.61,0.62
2480,1,7.9,7.95,0.61
1288,3,11.2,9.0,0.35
2388,3,19.0,9.81,0.54
1586,2,12.9,6.29,0.78
2651,5,17.4,10.59,0.84
1459,2,5.3,5.89,0.88
1063,1,1.6,6.83,0.79
1242,3,14.1,9.74,0.81
1278,0,1.6,6.22,1.0
1211,3,4.5,8.01,0.73
1399,4,5.1,8.69,0.53
2399,4,22.0,10.43,0.68
3057,3,7.9,8.41,0.99
868,2,7.2,7.17,0.58
2684,3,15.4,10.21,0.71
1465,0,5.9,7.63,0.67
2043,3,4.8,8.05,0.7
642,1,20.8,6.03,0.95
2166,0,12.6,8.14,0.87
500,2,13.6,5.99,0.78
2019,5,10.3,9.77,0.84
1980,1,11.5,8.91,0.65
1933,2,5.9,8.18,0.75
1285,0,5.3,6.52,0.82
2184,3,12.9,7.98,0.57
2073,4,8.8,9.86,0.53
1653,2,17.0,8.68,0.7
2270,2,13.5,11.47,0.78
1733,1,11.5,7.02,0.81
2170,2,3.8,7.09,0.7
1711,3,14.9,7.36,0.74
1951,2,7.9,7.81,0.57
2202,5,16.1,10.45,0.63
1521,4,10.4,7.78,0.86
936,3,7.0,5.24,0.56
1993,4,17.8,8.06,0.48
2632,7,12.1,9.88,0.54
2009,1,7.3,9.15,0.92
2022,3,1.4,8.07,0.9
1770,1,16.2,6.51,0.47
2317,2,10.3,6.99,0.56
1669,2,15.2,8.07,0.45
1482,3,11.2,8.8,0.79
2573,5,4.7,8.0,0.84
1428,2,16.4,7.31,0.63
2422,3,12.3,7.28,0.71
2574,7,12.3,10.36,0.68
2196,1,19.5,6.41,0.73
925,3,8.6,10.05,0.85
1819,3,7.4,6.57,0.84
1658,3,0.0,7.18,0.46
1452,0,9.3,8.79,0.93
1899,2,10.9,10.31,0.63
2338,2,9.8,10.41,0.79
1479,3,21.6,7.96,0.54
1680,2,7.6,9.22,0.64
1631,4,17.4,8.15,0.98
2614,4,6.2,8.4,0.53
1620,0,12.3,6.91,0.66
935,0,0.3,7.96,0.73
698,0,8.1,5.37,0.29
2053,3,12.7,7.02,0.75
1267,1,3.2,6.11,0.63
2268,2,9.4,7.29,0.42
868,2,6.5,9.25,0.38
1422,4,14.1,9.22,0.72
868,3,14.0,7.39,0.61
2104,4,14.9,11.48,0.92
2254,1,5.4,7.02,1.0
1039,3,8.3,9.3,0.39
1277,0,6.0,8.01,0.87
1964,3,22.9,8.87,0.55
618,3,10.4,8.63,0.55
1631,2,2.4,6.1,0.68
2861,5,22.2,11.26,0.43
758,2,3.2,5.34,0.7
1374,0,0.0,4.19,0.64
1358,5,9.0,8.78,0.46
3298,3,14.0,8.61,0.47
2965,1,12.1,9.05,0.8
2311,0,2.4,5.43,0.69
1559,2,16.3,7.25,0.72
2640,4,13.5,9.34,0.57
1006,3,10.0,7.13,0.55
2553,3,7.1,6.49,0.65
2449,4,13.6,10.95,0.36
1694,5,7.9,10.96,0.58
2597,3,12.5,10.46,0.81
1486,2,7.9,5.2,0.69
914,4,23.4,8.5,0.38
2484,6,10.7,9.73,0.49
1740,2,9.2,7.8,0.44
2221,2,10.1,7.08,0.52
3074,1,16.7,9.26,0.72
1294,3,9.6,8.14,0.43
1699,1,0.0,5.1,0.73
2898,3,14.8,7.54,0.52
2268,2,0.0,8.28,0.67
1310,6,22.5,9.59,0.72
1131,4,16.1,9.77,0.71
1430,1,3.0,8.25,0.69
1283,1,9.8,7.92,0.77
1966,3,14.6,9.54,0.62
1854,4,7.5,8.38,0.61
1995,6,22.7,9.45,0.77
1211,2,18.3,8.16,0.7
1750,4,9.2,5.43,0.47
500,0,9.9,7.21,0.52
1901,2,13.3,7.5,0.72
2622,6,5.2,11.25,0.41
802,2,5.5,6.78,0.58
2138,2,11.0,9.69,0.82
1372,4,9.2,6.78,0.66
2361,4,16.5,7.51,0.54
1911,4,8.6,9.03,0.68
2083,1,6.3,8.34,0.52
1845,4,14.4,9.94,1.0
2729,6,18.5,9.51,0.4
2043,2,1.4,7.82,0.58
1306,3,11.5,6.51,0.71
1869,4,18.4,9.86,0.77
1541,0,12.0,6.35,0.58
1913,4,14.2,9.74,0.65
1506,0,9.7,8.22,0.68
1326,3,8.6,6.79,0.44
1939,3,11.5,10.45,0.51
1839,1,10.0,8.13,0.64
2544,3,18.9,8.99,0.68
1509,2,13.4,7.64,0.6
500,1,11.6,7.43,0.67
1545,1,5.1,6.79,0.52
661,3,11.9,7.46,0.64
2090,2,7.3,6.33,0.47
628,3,9.8,6.63,0.8
1108,2,13.3,7.2,0.8
1546,3,14.5,4.7,0.6
2880,5,12.2,7.68,0.96
1048,2,9.3,6.3,0.67
1808,2,8.4,7.03,0.85
2205,3,11.1,6.89,0.86
2838,2,10.8,7.15,0.68
2344,2,8.9,8.75,0.52
2565,2,10.7,6.43,0.66
2405,6,21.9,8.61,0.47
953,1,6.4,5.11,0.8
2051,1,12.1,8.85,0.73
2394,3,16.1,8.32,0.56
1130,1,12.5,5.48,0.9
1394,3,7.4,5.53,0.82
1237,0,11.9,6.43,0.69
2340,5,16.2,7.92,0.51
1751,1,15.2,7.48,0.55
1575,4,16.4,7.07,0.53
902,1,8.7,5.21,0.6
1752,1,14.4,6.15,0.7
1402,2,4.1,6.73,0.43
1970,1,6.6,8.73,0.6
999,3,13.2,9.5,0.43
1924,2,1.9,7.26,0.75
1492,4,14.3,5.07,0.71
925,2,8.6,7.19,0.79
870,1,6.9,6.92,0.79
976,3,6.2,11.1,0.56
1655,1,9.9,8.53,0.62
1884,2,9.7,6.61,0.77
2015,3,17.2,9.8,0.73
1269,5,18.7,8.33,0.63
2540,4,11.9,7.5,0.71
1490,5,17.6,9.01,0.37
2115,3,5.4,8.27,0.62
1685,0,5.6,8.64,0.58
2062,3,0.0,9.62,0.8
2075,1,5.1,6.0,0.71
1794,2,9.7,8.5,1.0
2369,1,15.0,7.5,0.59
1226,1,5.2,4.98,0.77
561,1,15.1,7.97,0.75
1118,2,5.9,7.73,0.68
2548,5,15.1,9.43,0.53
1691,2,10.0,7.62,0.63
1864,2,14.6,9.09,0.83
1062,4,12.6,7.68,0.59
1845,2,5.2,5.71,0.37
1084,3,19.9,6.76,0.78
1186,4,22.3,10.02,0.82
1518,3,5.5,7.74,0.35
2111,1,12.9,7.97,0.8
2186,3,10.9,7.96,0.81
2205,3,8.0,6.62,0.62
688,3,5.1,6.64,0.4
1795,3,16.1,10.06,0.55
1662,5,18.1,9.21,0.65
727,3,15.0,7.36,0.6
1811,0,11.5,9.37,0.97
1624,0,0.8,5.37,0.55
2158,1,9.0,6.85,0.71
1856,3,8.9,6.38,0.5
1415,5,18.1,9.56,0.64
2448,4,8.9,7.1,0.55
500,2,20.6,9.71,0.87
1755,3,13.2,6.84,0.82
565,0,14.9,6.42,0.99
1161,4,6.2,7.9,0.56
2167,2,8.0,7.99,0.77
908,2,0.0,9.33,0.54
803,5,10.7,7.9,0.74
3467,5,19.4,8.82,0.49
848,2,12.0,6.51,0.65
2955,2,18.2,9.11,0.86
1679,1,15.1,7.29,0.73
1432,1,16.3,8.25,0.66
2196,2,7.3,10.47,0.69
2735,1,1.5,7.27,0.96
997,3,7.4,9.07,0.7
1442,3,3.0,8.17,0.32
2392,7,11.6,10.18,0.5
2001,0,0.0,7.56,0.9
2571,3,9.4,7.38,0.61
2160,3,15.5,9.01,0.76
1925,3,12.1,5.42,0.76
1955,1,14.0,9.33,0.49
2025,2,20.0,6.84,0.71
1700,3,16.5,8.19,1.0
2393,1,11.2,7.58,0.73
1965,2,6.3,5.62,0.9
2351,2,9.2,7.09,0.93
2461,2,16.4,7.11,0.63
2099,2,11.9,7.15,0.92
2151,3,8.9,8.85,0.75
1092,0,1.1,6.49,0.83
1414,3,11.3,8.41,0.62
2390,7,12.4,10.19,0.54
2796,1,14.8,10.12,0.83
500,2,4.0,6.44,0.44
1402,5,21.8,9.1,0.88
1816,1,5.0,6.21,0.59
1184,3,14.3,7.76,0.89
1224,2,7.2,5.7,0.93
2132,3,9.6,5.01,0.51
2906,1,0.0,8.56,0.91
500,0,11.4,5.88,0.87
1680,2,6.5,8.33,0.52
2124,3,14.5,8.31,0.86
2346,1,7.7,8.5,0.76
2023,2,8.9,8.14,0.77
3032,3,0.0,7.84,0.8
1820,3,23.1,10.7,0.57
2718,6,11.0,9.97,0.65
1347,1,16.6,9.11,0.7
1840,1,18.6,7.92,0.69
951,1,6.5,4.84,0.77
2430,2,6.4,8.97,0.66
1715,1,9.5,5.58,0.83
2050,3,11.6,7.67,0.62
1580,2,2.7,9.81,0.65
2210,5,8.3,10.99,0.52
2078,5,19.5,11.62,0.42
1103,5,11.9,9.13,0.82
1144,1,12.7,7.04,0.78
1780,2,11.7,6.86,1.0
2261,4,14.4,7.07,0.7
3104,3,9.1,9.86,0.48
2012,4,18.7,9.63,0.73
2505,3,10.4,8.34,0.66
671,1,6.7,5.96,0.84
3209,2,8.6,7.47,0.59
2223,2,5.9,6.79,0.52
1765,0,12.3,5.82,0.8
1684,2,2.5,11.05,0.54
1024,1,8.9,5.58,0.57
1225,1,11.7,4.75,0.73
3137,3,21.9,8.97,0.65
1107,0,17.1,6.5,0.76
1094,3,13.5,7.71,0.73
1308,4,12.2,9.03,0.59
961,0,3.4,8.47,0.6
1810,1,2.9,8.23,1.0
2562,3,7.3,11.78,0.52
1372,3,14.9,8.01,0.84
838,2,7.7,8.66,0.37
2004,2,16.9,6.76,0.72
1760,2,10.5,10.09,0.55
2501,4,10.1,10.99,0.54
1481,6,6.0,7.92,0.57
1617,5,8.5,9.07,0.75
1695,2,2.6,5.39,0.75
1862,1,4.4,5.6,0.61
1525,2,12.4,8.65,0.84
504,1,6.2,5.2,1.0
1404,2,16.4,7.59,0.85
2300,6,13.4,8.62,0.61
2395,3,16.4,8.02,0.7
1470,3,17.8,9.06,0.81
2709,5,9.3,9.78,0.52
1779,4,9.2,7.0,0.8
863,4,23.0,8.69,0.59
643,4,17.8,10.44,0.52
2652,3,9.6,9.91,0.57
1538,0,13.0,7.51,0.61
950,0,1.8,6.2,0.53
500,2,4.3,6.81,0.71
1522,4,7.2,8.54,0.5
2083,4,15.0,10.52,0.85
1311,3,17.7,8.4,0.44
1062,2,8.9,6.88,0.65
1415,1,16.3,8.18,0.93
2670,3,10.5,10.87,0.9
824,2,5.6,6.88,0.4
1350,1,12.4,6.12,0.88
2647,3,0.0,7.77,0.5
2145,4,19.7,10.26,0.59
1925,3,9.4,6.59,0.88
1346,2,13.2,8.17,0.68
1821,5,18.5,9.47,0.7
1423,2,2.1,5.61,0.52
1198,4,19.2,7.38,0.4
1043,0,7.2,5.64,0.7
2348,4,17.2,9.15,0.57
1757,2,16.7,9.42,0.59
2020,4,10.5,7.5,0.59
1906,2,14.2,6.83,0.93
2108,1,18.3,9.5,0.49
1621,2,6.2,6.56,0.34
1462,1,14.9,7.69,0.86
1229,1,14.7,8.76,0.79
810,2,15.6,9.12,0.94
1014,2,5.8,4.26,0.4
1544,3,13.4,8.94,0.65
832,2,15.6,8.03,0.76
2529,3,6.6,7.66,0.79
1956,5,16.3,7.67,0.37
1483,2,0.5,6.19,0.7
3390,1,13.1,8.47,0.69
646,3,19.2,7.68,0.79
2482,1,11.2,6.9,0.66
1721,4,4.6,7.89,0.8
2349,6,13.1,9.15,0.33
1876,3,11.0,8.93,0.81
500,2,13.3,5.77,0.54
1866,5,9.5,7.06,0.73
2034,2,2.4,7.54,0.53
500,3,11.5,5.76,0.7
3160,2,10.0,7.64,0.67
2017,4,9.7,7.67,0.58
2270,4,7.6,8.32,0.61
984,2,2.9,6.13,0.83
2283,1,6.3,6.12,0.54
2562,1,14.1,7.64,0.79
1977,3,23.6,7.0,0.63
1793,3,18.4,9.13,0.76
1174,2,13.7,8.82,0.58
1648,4,9.3,9.02,0.64
1441,1,10.7,6.53,1.0
2200,1,14.1,8.56,0.88
1205,2,11.7,8.67,0.83
2195,3,16.8,8.62,0.52
1212,4,16.1,9.87,0.45
1616,1,22.9,7.33,0.95
2231,2,16.4,8.31,0.56
1307,2,0.0,5.83,0.28
2255,2,4.0,9.13,0.74
2187,2,9.9,6.02,0.6
1610,6,23.7,8.67,0.55
2613,6,11.7,9.23,0.49
1854,4,11.0,11.08,0.38
2571,1,5.1,8.01,0.61
3055,7,15.6,8.97,0.6
1631,3,18.1,9.33,0.59
2251,3,0.1,7.68,0.54
1353,7,14.9,10.33,0.56
1077,3,5.4,7.78,0.66
1663,4,17.6,10.48,0.7
846,3,13.4,8.34,0.6
1143,2,7.2,7.24,0.79
2214,6,23.3,10.1,0.67
1440,5,13.9,8.46,0.72
2297,2,14.4,8.55,0.71
2009,5,21.0,10.34,0.51
3095,4,11.8,10.17,0.63
2167,4,10.9,8.97,0.56
2579,1,7.3,6.74,0.66
2081,4,12.5,9.37,0.63
2017,5,13.8,10.14,0.49
2615,4,22.3,10.4,0.59
2268,3,16.6,8.7,0.7
1947,2,5.7,6.47,0.93
1943,2,20.0,9.33,0.74
2176,1,12.9,7.38,0.72
1330,2,6.3,8.83,0.82
1300,3,12.0,9.69,0.76
2797,1,9.6,7.73,0.84
3105,3,13.3,8.28,0.88
1149,2,7.0,7.25,0.67
1331,3,14.6,5.64,0.72
2599,4,20.8,9.09,0.73
2173,0,12.9,7.81,0.89
2273,5,4.3,10.39,0.3
2427,4,9.6,7.89,0.52
1631,2,11.2,7.65,0.92
2030,0,8.3,6.73,0.93
1976,2,17.7,7.81,0.68
1199,4,20.1,9.66,0.6
2020,1,4.0,6.93,0.98
2666,5,10.9,9.47,0.82
1566,2,14.6,10.37,0.77
1906,2,19.1,8.39,0.54
1944,2,14.4,7.25,0.75
1600,3,13.8,6.41,0.63
2273,0,7.3,8.84,0.6
1323,2,17.7,6.32,0.64
2732,3,4.3,8.14,0.69
2238,1,1.2,7.65,0.94
1144,4,21.9,7.0,0.68
2988,3,11.1,8.49,0.79
1917,2,7.8,7.97,0.72
1293,5,20.6,10.19,0.68
2573,4,14.6,7.58,0.63
2146,5,13.6,8.75,0.64
559,3,9.7,6.78,0.53
1432,1,11.8,4.54,0.7
1995,3,15.1,9.96,0.49
500,1,8.8,6.17,0.85
1859,1,11.1,7.53,0.86
1910,0,7.0,4.28,0.81
971,1,1.8,4.53,0.63
1989,2,2.8,7.82,0.67
1805,2,13.3,6.34,1.0
966,2,9.2,7.34,0.89
2443,2,13.9,8.75,0.68
2386,3,5.3,8.64,0.56
1597,3,17.7,8.23,0.68
1660,4,11.8,7.82,0.65
2308,5,15.0,9.89,0.37
1659,1,15.3,7.69,0.63
500,2,8.4,8.07,0.67
2140,3,15.0,7.39,0.65
1230,1,11.6,8.92,0.89
1527,3,12.2,9.58,0.48
2820,6,19.9,9.58,0.5
1706,2,8.8,8.08,0.77
1801,3,16.3,8.02,0.79
2153,4,17.8,9.02,0.45
1156,1,9.9,7.75,0.81
1757,0,3.6,6.11,0.74
1825,7,24.2,10.21,0.6
1990,3,13.5,7.48,0.73
2002,1,8.4,7.7,0.48
3611,4,17.9,9.46,0.62
976,2,13.1,6.73,0.57
2486,4,13.8,7.86,0.71
2628,5,13.1,10.06,0.49
2144,5,16.4,9.62,0.81
1344,0,10.3,6.68,0.56
2965,4,4.2,8.63,0.62
500,2,9.8,8.13,0.68
1321,4,18.8,10.57,0.67
2620,4,11.0,8.75,0.38
1540,6,21.7,10.34,0.74
2917,3,12.1,8.18,0.7
741,3,16.7,7.58,0.25
1021,1,10.8,6.98,0.78
1427,2,12.7,6.44,0.81
2092,2,6.8,7.32,0.63
1644,5,9.3,8.6,0.45
1456,2,5.0,8.31,0.83
2794,1,5.2,8.82,0.73
2859,3,10.4,8.91,0.41
1509,3,10.0,8.39,0.48
603,1,8.8,6.59,0.77
500,5,22.0,8.69,0.5
1967,3,14.7,8.46,0.74
2259,3,7.0,6.12,0.78
1844,7,13.6,9.52,0.72
1750,3,7.8,9.23,0.46
1236,2,10.4,6.49,0.7
2258,2,6.6,6.0,0.66
2974,0,0.0,8.53,0.68
500,4,17.9,10.76,0.95
1745,4,11.3,8.35,0.54
1120,1,1.1,7.44,0.65
756,0,5.0,6.62,0.67
1009,3,2.1,6.54,0.52
2065,3,6.0,7.77,0.75
2083,2,3.4,7.32,0.94
2822,1,8.3,7.1,0.71
1806,5,25.4,8.28,0.31
569,5,3.5,5.41,0.61
1633,2,2.0,7.53,0.59
829,1,3.8,6.28,0.38
955,4,17.9,8.02,0.55
2206,2,16.5,6.83,1.0
1935,2,13.1,7.39,0.89
2211,5,4.7,8.23,0.53
1549,0,7.8,7.01,0.8
2353,2,4.8,9.26,0.78
1510,2,3.5,8.57,0.71
2581,2,10.4,10.53,0.5
2041,1,7.5,7.24,0.74
1655,2,8.9,8.08,0.69
1948,1,11.2,9.05,0.43
1787,2,13.5,5.58,0.71
2917,4,15.2,8.32,0.76
1971,0,5.9,7.62,0.88
1798,3,6.1,7.22,0.75
1633,3,5.1,5.99,0.6
2390,2,11.0,7.29,0.33
2295,7,15.3,11.11,0.38
1608,3,10.3,9.66,0.59
991,1,1.7,5.88,0.85
1168,0,10.0,5.49,0.69
1671,1,6.6,6.44,0.64
2744,3,15.2,10.31,0.75
1624,2,10.3,9.79,0.61
1384,2,12.4,5.62,0.65
567,1,0.0,8.98,0.48
2859,3,17.7,7.37,0.53
2198,4,14.3,9.48,0.62
2357,4,6.9,11.06,0.83
2473,1,10.3,6.92,0.68
1684,3,5.6,8.27,0.63
1859,3,13.5,6.99,0.6
2842,2,9.0,10.16,0.71
1925,3,6.0,5.48,0.64
2211,1,10.5,4.91,0.62
2409,4,5.6,8.52,0.81
2250,3,16.1,8.4,0.66
1710,6,20.3,10.62,0.61
1776,1,9.9,7.68,0.72
2344,4,12.1,8.57,0.81
2343,1,6.2,7.41,0.6
2617,2,8.4,4.71,0.78
2185,4,10.3,8.13,0.73
2217,0,7.6,6.06,0.95
1487,0,9.5,6.5,0.84
1393,2,4.5,6.63,0.65
2346,4,12.7,10.47,0.9
1398,3,10.4,8.19,0.78
1785,0,4.4,6.91,0.99
2765,0,12.3,8.86,0.89
2654,0,12.5,6.62,0.7
2011,3,13.0,8.89,0.73
1592,1,11.5,7.33,0.64
1713,1,14.4,8.01,0.65
2407,3,5.2,10.29,0.47
1774,5,7.5,7.9,0.41
1409,2,8.6,7.69,0.82
2651,6,17.1,10.93,0.79
1927,1,7.0,5.76,0.73
1395,1,12.7,6.42,0.89
2135,3,14.7,7.9,0.56
2479,5,18.6,9.01,0.51
1094,1,5.8,6.4,0.93
1659,5,13.2,8.51,0.57
1627,1,4.1,5.75,0.92
2116,2,8.7,10.65,0.97
2242,3,5.8,8.25,0.73
1413,2,8.1,7.7,0.62
755,2,12.5,6.22,0.72
2522,4,17.4,7.85,0.59
1016,1,8.7,7.34,0.91
1989,3,1.7,6.3,0.82
1707,2,11.0,7.57,0.81
1913,5,15.5,8.56,0.69
2955,1,9.4,8.47,0.62
656,1,8.9,7.68,0.78
2488,7,14.9,10.98,0.56
1690,0,11.1,8.74,0.88
2533,3,13.0,8.7,0.64
2470,5,15.3,9.81,0.69
2786,3,16.8,8.2,0.51
1999,2,13.5,5.63,0.57
1177,0,14.3,4.28,0.6
2449,3,12.3,9.57,0.77
1882,4,22.9,9.74,1.0
1636,4,16.5,8.83,0.76
1466,2,8.1,6.55,0.76
2504,2,1.8,7.11,0.91
2922,6,15.8,7.32,0.37
963,2,17.5,7.33,0.67
2235,5,16.0,11.64,0.68
1539,5,18.0,8.61,0.77
772,1,0.8,6.07,0.61
1903,1,12.8,6.29,0.67
1216,2,18.8,8.54,0.71
695,3,12.2,6.89,0.96
1252,3,14.4,9.27,0.71
1080,2,18.8,10.33,0.73
1347,5,17.7,8.5,0.42
1523,5,8.7,10.27,0.53
1300,1,3.0,6.41,0.74
2062,1,14.0,7.88,0.71
2215,4,24.4,9.52,0.76
1982,2,16.7,9.39,0.67
1635,2,9.0,6.23,0.71
1616,2,20.8,7.57,0.75
1214,0,2.9,5.2,0.81
1230,3,14.2,7.88,0.54
2292,3,8.5,10.65,0.69
568,4,1.3,6.46,0.73
1573,0,12.1,7.62,0.69
2219,2,4.4,8.0,0.28
802,0,11.2,6.63,0.33
1808,2,9.5,7.62,0.83
2040,5,13.6,9.74,0.63
500,1,8.1,7.61,0.78
1047,2,19.2,6.61,0.84
1735,4,15.9,10.9,0.55
2159,4,14.3,7.72,0.7
1927,2,8.0,9.6,0.7
2192,4,14.3,10.44,0.48
1044,5,15.6,10.35,0.4
687,3,14.0,8.71,0.81
1859,3,24.4,10.85,0.56
939,2,12.0,6.1,0.78
1194,0,5.4,5.02,0.96
1932,3,10.3,9.43,0.63
1402,3,12.1,6.92,0.7
1311,0,1.2,7.19,0.77
2234,6,12.6,10.18,0.65
1948,1,2.8,8.11,0.8
949,0,4.4,5.94,0.73
500,3,9.9,6.23,0.64
3117,4,3.6,8.44,0.74
944,2,14.0,7.7,0.67
2169,4,5.4,8.45,0.82
2857,4,9.6,9.02,0.43
1903,3,8.2,7.52,0.82
1379,2,4.3,7.3,0.67
801,3,17.4,7.29,0.72
791,5,17.7,7.87,0.84
2063,3,14.2,9.93,0.75
2815,1,10.6,10.01,0.76
1523,2,11.7,7.19,0.75
1410,2,10.5,7.62,0.56
2288,5,20.7,9.68,0.9
1319,2,11.8,9.42,0.63
1992,2,14.0,8.56,0.75
1829,3,3.5,8.24,0.69
1789,2,13.3,7.31,0.78
3034,3,13.8,11.85,0.63
2223,3,14.5,7.81,0.49
2564,1,6.8,7.13,0.86
1156,0,14.3,5.29,0.44
2567,1,14.7,5.16,0.77
2247,1,8.1,6.89,0.36
750,2,5.1,6.85,0.51
2177,0,7.7,7.0,1.0
1440,4,18.6,7.77,0.36
717,1,8.7,6.62,0.73
1890,3,16.3,7.55,0.56
2177,2,12.1,7.41,0.85
1906,3,17.9,9.7,0.62
1723,3,3.0,9.71,0.98
1568,4,13.4,9.09,0.48
3526,4,20.5,9.8,0.43
972,2,3.2,7.07,0.66
2411,5,22.4,8.92,0.38
1810,5,14.4,8.82,0.5
1766,1,5.5,8.44,0.93
824,2,8.3,6.38,0.53
1383,4,12.7,6.99,0.82
1767,2,14.9,8.08,0.78
714,3,14.3,8.64,0.53
2154,3,6.1,9.19,0.63
1125,1,7.7,7.49,0.66
783,1,8.1,6.35,0.75
1043,2,13.9,9.55,0.53
3323,2,11.4,8.21,0.64
500,2,15.7,8.66,0.83
2105,3,17.0,6.42,0.57
1273,1,12.9,6.76,0.71
1554,3,0.0,7.81,0.85
2222,1,4.7,5.95,0.77
2188,2,5.9,5.58,0.7
1323,4,15.8,9.08,0.47
849,2,14.0,6.44,0.81
2235,5,20.5,10.06,0.71
2186,4,18.3,7.38,0.76
1600,3,12.6,9.82,0.78
2109,3,9.2,10.55,0.86
1487,1,14.3,4.86,0.73
1221,1,3.1,4.56,0.8
1802,4,8.1,9.53,0.65
2163,0,0.0,5.13,0.87
2016,3,14.0,9.65,0.58
2156,1,1.2,5.91,0.93
1267,5,8.3,8.53,0.69
2907,1,10.4,7.1,0.98
1560,1,8.3,7.28,0.64
1716,2,7.7,6.52,0.8
876,6,1.7,7.61,0.74
1664,2,16.9,7.46,0.84
2172,3,17.0,8.62,0.72
2333,5,14.3,7.36,0.62
2893,5,17.7,8.35,0.48
2164,2,19.3,5.63,0.73
1993,2,8.4,8.1,0.57
1487,1,0.2,7.66,0.79
1336,1,13.6,5.9,0.56
2479,1,1.8,6.3,0.71
2465,1,9.7,9.06,0.86
1046,1,9.0,6.24,0.73
2306,1,19.8,8.14,0.81
2255,3,16.9,9.4,0.74
1020,1,16.2,5.86,0.76
2178,2,17.9,6.26,0.55
1065,3,11.5,6.58,0.74
500,4,9.7,6.7,0.6
1687,3,18.7,8.52,0.57
1980,2,17.9,9.38,0.48
1719,1,11.4,5.14,0.69
2065,3,17.9,7.87,0.48
1902,2,7.7,7.69,0.7
2100,2,13.6,10.05,0.81
1491,4,11.5,8.09,0.75
2450,6,17.0,10.17,0.39
2052,4,15.9,9.39,0.52
2020,5,0.8,7.7,0.53
1363,3,16.9,8.7,0.7
704,2,5.3,7.11,0.6
1449,4,18.0,9.31,0.82
1997,6,17.3,7.19,0.69
1488,1,9.1,6.85,0.72
2004,2,11.3,8.43,0.58
1637,1,8.0,6.32,0.85
2101,0,15.1,8.07,0.78
1116,1,6.8,4.79,0.83
1935,1,5.7,8.49,0.78
1351,3,16.1,7.07,0.81
723,3,1.0,6.17,0.75
1684,2,10.1,7.43,0.73
2875,2,11.3,8.51,0.55
778,5,11.0,8.53,0.54
1883,4,5.9,9.8,0.31
2358,4,8.5,9.1,0.61
3410,4,15.7,9.13,0.76
1454,1,1.7,6.68,0.88
1357,5,7.0,6.5,0.65
983,2,5.6,7.3,0.79
2598,1,10.9,8.8,0.56
1192,6,9.4,6.7,0.4
1540,4,14.0,9.75,0.42
505,3,16.3,7.79,0.64
2418,5,15.8,10.17,0.52
2610,6,11.7,8.59,0.51
2392,3,20.5,9.64,0.8
676,2,21.8,6.11,0.68
2225,3,8.6,8.88,0.72
629,1,0.0,6.45,0.66
1840,2,12.2,9.83,0.84
1943,3,16.4,7.95,0.54
2017,1,0.0,6.28,0.46
2174,4,15.1,5.39,0.6
1794,3,5.6,6.64,0.58
500,0,12.9,8.21,0.6
1868,5,16.2,10.24,0.68
1168,5,15.5,9.53,0.67
701,4,12.0,5.75,0.6
2878,4,0.0,9.15,0.38
2661,4,9.6,10.41,0.73
2294,4,8.6,7.41,0.61
1326,5,6.5,10.39,0.68
500,3,9.0,6.76,0.76
2335,6,15.9,10.95,0.64
2056,1,13.1,7.78,0.71
1537,2,17.8,6.55,0.61
2587,3,16.7,8.59,0.6
2393,3,17.4,7.96,0.64
1923,2,11.0,7.85,0.78
1824,6,20.2,10.78,0.77
1835,0,0.0,6.25,0.59
2275,3,19.0,9.46,0.6
1199,2,18.2,7.16,0.71
2098,1,10.9,7.63,0.51
1155,1,5.8,8.0,0.6
2735,5,19.4,9.47,0.78
2172,2,20.2,9.3,0.83
1856,2,11.0,6.8,0.54
1202,2,9.8,6.04,0.69
2852,2,5.7,7.43,0.6
2936,1,12.3,6.75,0.82
2287,5,14.1,10.97,0.8
2889,7,19.7,9.16,0.55
1906,5,11.9,9.46,0.66
2334,2,12.4,7.3,0.7
2657,2,14.3,6.98,0.74
1795,2,10.8,7.78,0.68
1849,2,10.9,6.52,0.81
2453,3,18.5,9.14,0.38
2252,5,13.1,7.85,0.48
1271,2,15.4,8.83,0.86
500,2,13.3,7.09,1.0
1677,4,20.9,8.3,0.56
500,3,16.3,8.53,0.63
1106,4,17.4,8.82,0.69
1187,2,17.3,6.81,0.63
1401,1,4.2,7.59,0.7
2374,4,16.5,8.08,0.24
2526,3,19.6,8.79,0.46
2156,2,3.8,5.6,0.81
2242,3,14.3,8.9,0.76
2259,2,19.1,7.97,0.68
500,2,6.3,7.45,0.52
1807,2,15.8,9.32,0.78
542,2,11.2,6.81,0.41
2156,2,7.0,6.43,0.76
500,4,17.5,8.13,0.47
1673,6,17.6,9.25,0.47
2183,2,15.8,7.93,0.61
1017,1,8.4,6.52,0.98
2473,2,9.3,8.71,0.33
2154,2,0.0,8.24,0.97
2066,3,12.5,8.59,0.94
2288,2,15.8,8.98,0.82
1548,4,7.7,8.17,0.89
1906,3,7.7,6.78,0.58
1807,3,14.2,8.81,0.77
1791,1,12.8,6.63,0.76
1329,1,13.4,6.58,0.65
930,3,11.6,7.14,0.67
1564,3,8.6,7.24,0.85
1525,6,10.8,6.94,0.75
1284,0,3.9,5.24,0.46
2396,4,8.4,7.82,0.53
979,4,8.1,8.37,0.45
1679,2,10.2,6.71,0.82
2616,3,8.1,9.14,0.51
2436,3,14.8,8.8,0.96
2651,3,5.4,8.54,0.75
1386,7,19.2,10.83,0.76
2349,6,13.7,10.21,0.49
1055,3,13.7,6.23,0.77
1606,3,12.7,6.52,0.8
1672,2,13.1,7.87,0.7
1546,3,10.8,8.62,0.45
1454,5,18.6,7.87,0.53
1112,2,8.6,6.11,0.71
2399,5,7.0,9.52,0.33
1672,1,10.3,6.37,0.78
1941,0,6.7,5.84,0.51
1914,6,12.8,9.28,0.62
1838,0,10.2,9.16,1.0
1864,0,10.4,6.42,0.65
1586,5,20.0,9.0,0.47
2792,3,15.8,8.81,0.31
2332,3,15.4,10.08,0.47
1812,5,12.3,9.4,0.52
1487,3,6.5,7.93,0.7
1716,1,6.2,7.29,0.72
2092,3,4.7,10.14,0.68
2849,5,13.9,8.58,0.44
838,2,1.6,6.51,0.7
2261,2,16.7,8.61,0.51
2588,4,15.1,9.91,0.3
759,3,13.9,8.11,0.61
1673,2,21.3,5.88,0.55
1054,5,12.2,8.49,0.61
2101,5,7.2,9.87,0.59
1549,4,16.8,9.43,0.45
1708,7,15.2,9.9,0.38
1512,1,2.7,5.53,0.92
2304,1,16.8,8.56,0.94
1960,4,18.1,7.67,0.5
1961,2,17.3,8.19,0.56
1912,1,6.7,7.29,0.47
2200,1,6.9,8.29,0.61
1616,1,14.6,8.69,1.0
2990,1,6.4,8.01,0.73
935,3,10.1,8.8,0.73
591,5,16.6,8.1,0.7
533,2,18.7,9.06,0.56
500,1,0.0,5.79,0.55
2271,1,7.4,5.18,0.89
2185,0,3.1,8.14,0.93
2645,4,17.5,11.74,0.53
1060,5,7.5,7.02,0.89
2321,3,13.9,10.18,0.6
1839,1,0.0,5.96,0.82
1916,2,14.4,6.65,0.79
2237,2,14.8,5.45,0.72
1270,2,10.8,9.13,0.53
3611,3,2.9,7.76,0.64
1427,1,10.0,8.31,0.74
1036,0,8.5,7.63,0.82
1738,1,12.4,5.97,0.74
1927,3,3.4,7.53,0.87
2545,2,15.1,6.91,0.78
981,2,16.1,8.34,0.66
1999,6,4.2,8.64,0.55
2105,4,12.7,8.88,0.57
1724,4,6.1,7.53,0.71
3155,1,11.6,9.24,0.73
717,2,13.4,6.87,0.72
2759,5,17.4,9.64,0.61
607,3,2.3,6.04,0.52
870,0,4.8,7.33,0.72
626,2,10.1,6.73,0.61
1975,4,6.1,8.01,0.71
978,0,4.4,7.07,0.54
856,1,10.2,6.4,0.56
1941,2,9.6,8.01,0.74
2116,3,14.8,8.3,0.66
1827,1,0.0,7.9,0.94
1686,2,11.1,6.91,0.73
3080,0,7.0,5.66,0.91
1902,3,11.1,9.4,0.99
2363,5,12.6,9.82,0.56
1900,3,8.3,7.53,0.55
1031,2,8.8,7.95,0.83
2184,2,8.4,6.18,0.55
1340,3,6.9,8.23,0.95
1736,3,11.9,8.69,0.85
2013,3,13.3,7.06,0.47
500,2,1.9,6.0,0.4
673,5,14.7,8.78,0.82
2436,2,6.1,7.54,0.55
1335,2,6.8,8.7,0.61
1368,3,17.0,8.15,0.46
1916,1,0.0,4.94,0.76
1530,1,7.9,7.1,0.6
2092,1,15.2,6.1,0.58
1764,6,11.9,9.72,0.7
1939,1,13.4,7.53,0.66
1935,2,0.9,7.83,0.51
2573,1,11.9,7.94,0.62
1402,2,8.1,8.47,0.58
2440,3,10.9,9.04,0.85
1763,3,10.5,6.68,0.75
2314,2,11.1,7.04,0.84
1890,2,19.3,9.48,0.82
1776,5,13.8,10.34,0.79
2044,0,5.7,7.75,0.53
2649,4,11.6,8.7,0.68
1965,2,4.4,7.33,0.66
2134,2,4.3,7.71,0.84
1542,3,14.2,8.39,0.54
2899,3,4.6,6.9,0.73
2248,1,6.7,9.42,0.74
1854,3,6.6,7.03,0.82
1714,4,11.2,7.71,0.81
2484,4,5.5,11.38,0.31
1375,2,11.4,6.81,0.78
551,3,14.2,9.45,0.83
1850,3,15.7,7.39,0.33
2633,1,9.5,8.84,0.56
2913,5,14.6,7.77,0.8
1724,6,12.7,8.73,0.5
1830,3,11.3,9.35,0.76
2163,4,13.3,9.46,0.65
1614,3,17.1,7.15,0.84
2161,4,12.9,8.96,0.44
1740,1,0.0,5.93,0.64
2507,5,12.5,8.26,0.48
2367,2,5.2,7.33,0.64
1656,1,6.6,7.61,0.62
3148,0,3.4,6.21,1.0
2138,4,10.5,10.19,0.79
1973,2,12.3,8.23,0.87
1267,0,7.8,6.84,0.64
1732,7,18.8,10.95,0.52
1880,1,12.5,9.16,0.54
1248,2,18.4,8.9,0.71
1595,2,13.9,8.9,0.83
1683,4,16.8,5.44,0.71
1839,1,3.8,8.24,0.59
566,1,7.2,6.48,0.75
1705,3,11.0,7.2,0.63
1785,2,17.5,8.94,0.77
2524,1,13.1,10.92,0.52
2274,3,14.5,7.72,0.43
935,4,15.7,9.25,0.76
1558,3,13.1,7.79,0.74
2138,1,3.4,7.48,0.57
2491,1,8.8,9.24,0.67
1731,3,12.0,9.01,0.65
1545,1,9.7,7.87,0.79
3026,2,16.8,7.99,0.66
1841,2,8.0,8.25,0.62
1088,2,15.8,8.5,0.91
2832,3,12.6,9.05,0.58
752,2,5.9,8.55,0.89
500,2,5.8,7.64,0.5
2338,2,3.7,5.28,0.6
2437,5,12.2,8.72,0.46
2089,7,10.2,9.01,0.76
888,1,12.1,4.62,0.71
1758,6,11.5,9.1,0.85
1605,2,8.3,7.73,0.83
1423,0,6.7,5.38,0.79
2788,6,17.7,11.19,0.64
1067,1,8.0,6.0,0.77
2021,4,6.1,9.46,0.49
2635,2,8.8,7.51,0.45
2067,4,11.0,9.18,0.83
2668,3,3.2,8.65,0.78
2194,3,13.8,8.43,0.62
2100,3,10.5,8.82,0.63
2056,6,23.0,10.85,0.43
2229,5,10.3,7.63,0.72
1530,3,0.0,6.89,0.79
888,4,12.7,9.52,0.62
2467,3,7.3,8.8,0.46
2613,4,9.5,10.22,0.61
1976,2,11.0,5.8,0.65
1416,1,0.0,7.98,0.77
709,3,16.3,7.78,0.63
1860,5,8.8,8.25,0.47
855,3,11.9,8.19,0.44
757,5,11.6,10.35,0.48
1785,2,13.9,6.09,0.62
1265,2,11.9,7.96,0.76
2041,2,2.2,5.95,0.73
1688,3,7.5,6.97,0.63
1375,5,17.7,8.25,0.59
606,2,12.2,6.83,0.68
1202,3,13.0,8.09,0.65
1228,3,17.5,7.79,0.86
942,1,6.0,6.4,0.8
1569,2,12.3,7.86,0.46
996,1,9.2,5.88,0.85
1685,1,7.0,5.91,0.87
1968,3,12.7,8.0,0.76
1221,4,12.3,9.93,0.68
2097,3,2.4,7.68,0.63
847,2,18.5,10.36,0.77
1021,5,12.0,9.51,0.49
1720,3,15.9,8.85,0.58
2280,4,4.1,8.16,0.83
2407,4,10.9,7.77,0.65
2928,1,8.3,7.64,0.52
1536,1,9.3,7.79,0.61
1710,0,11.1,5.32,0.83
1077,2,7.6,7.38,0.61
922,2,12.0,7.55,0.49
1960,5,18.1,9.05,0.69
1256,1,10.2,6.54,0.74
2662,2,12.0,9.5,0.79
776,3,12.8,7.39,0.67
2140,4,13.4,9.55,0.49
1095,2,10.6,7.47,0.74
1225,1,0.0,7.02,0.66
2177,2,16.0,6.27,0.85
1326,3,7.4,6.78,0.77
1438,3,16.4,6.14,0.51
1231,3,10.8,7.95,0.76
3049,6,18.8,10.48,0.44
1367,3,16.9,9.74,0.91
1836,4,8.3,11.11,0.64
1658,3,10.8,8.08,0.55
1954,0,7.6,6.0,0.55
1369,3,7.4,6.75,0.86
1659,1,8.5,4.62,0.51
2075,1,8.6,5.72,0.83
1195,3,12.1,7.47,0.64
2562,2,15.9,10.29,0.77
2629,3,16.7,8.78,0.86
2224,2,16.8,8.26,0.47
1848,3,5.6,9.65,0.69
500,0,2.6,6.34,0.49
2097,5,10.6,10.48,0.47
1526,1,13.6,8.77,0.74
1627,2,7.6,7.14,0.99
785,0,0.0,5.68,0.84
1882,4,11.4,10.17,0.51
2433,3,10.5,8.33,0.6
1471,1,8.4,5.63,0.71
2651,3,16.4,7.39,0.67
1277,6,6.0,9.69,0.63
2220,4,7.7,10.91,0.41
886,2,10.9,5.38,0.79
2521,5,16.9,8.23,0.65
2413,2,16.9,6.02,0.79
2127,4,18.1,9.49,0.65
1524,1,7.2,8.1,0.61
818,3,4.3,6.98,0.31
1526,1,9.4,5.8,0.63
2577,4,12.5,10.51,0.51
1890,4,16.9,9.42,0.59
712,7,21.4,9.96,0.45
1012,0,6.1,5.52,0.41
2677,2,5.8,8.16,0.81
2141,3,16.5,7.69,0.73
936,2,6.8,6.85,0.34
563,2,5.9,4.93,0.61
1362,7,10.5,11.04,0.53
504,2,4.5,6.76,0.5
1690,1,21.7,8.61,0.67
3516,0,8.4,9.81,0.48
682,3,9.5,7.06,0.73
1669,5,6.0,9.29,0.64
2718,1,6.6,9.67,0.74
2324,4,22.4,10.81,0.68
1695,2,7.1,8.55,0.71
1697,1,9.7,7.68,0.72
990,3,9.6,6.99,0.58
1612,3,18.0,11.85,0.56
1970,1,8.1,5.19,0.75
2573,4,18.6,8.89,0.85
1365,0,3.1,6.39,1.0
1667,2,11.6,9.39,0.5
1135,3,1.5,7.49,0.47
1957,3,12.0,7.47,0.41
2348,4,14.5,7.69,0.56
2240,3,10.6,10.39,0.43
980,3,17.3,10.69,0.59
1902,5,12.0,9.91,0.55
1325,4,15.4,7.7,0.9
2507,1,12.4,9.01,0.86
1687,3,6.3,8.6,0.7
736,3,18.6,6.99,0.85
1646,2,12.7,8.87,0.62
2120,3,11.5,9.18,0.32
1970,2,13.5,9.95,0.8
1441,3,5.8,6.12,0.57
1390,3,8.2,7.3,0.72
1108,3,14.1,7.33,0.59
1523,4,7.1,8.32,0.63
1201,4,12.7,8.28,0.62
2479,1,21.7,6.35,1.0
1169,4,17.7,10.59,0.29
1885,0,8.0,6.21,1.0
2461,1,12.8,6.06,0.77
2562,3,12.2,10.03,0.86
2287,4,16.5,8.1,0.67
2047,1,9.8,7.71,1.0
1065,4,14.5,7.43,0.51
1051,6,14.9,9.58,0.46
1208,3,19.8,8.62,0.64
2326,2,11.3,7.43,1.0
1851,3,13.0,6.37,0.7
2408,2,9.0,8.55,0.84
1291,2,18.4,9.63,1.0
1822,1,7.3,5.45,0.64
1790,2,13.3,9.58,0.57
1570,3,17.6,10.18,0.59
1425,1,8.5,8.57,0.79
2629,5,21.6,10.68,0.39
1836,2,7.3,5.64,0.55
1809,5,4.2,9.01,0.65
1238,1,5.4,6.29,0.54
2272,2,12.1,7.19,0.64
1096,3,12.0,6.99,0.65
2118,0,10.5,7.39,0.9
2137,1,6.8,8.3,0.69
1511,2,0.0,6.88,0.58
2022,1,10.3,6.75,0.77
1929,1,11.0,6.97,0.62
1772,2,12.1,7.07,0.79
1809,1,7.6,7.02,0.57
1843,6,16.0,8.95,0.55
1890,6,15.5,7.96,0.62
1842,2,10.7,5.82,0.72
1027,1,12.7,7.35,0.67
1693,4,5.1,8.8,0.7
1985,2,9.1,7.41,1.0
1868,5,16.5,10.28,0.61
2467,3,7.8,7.52,0.57
2234,7,15.6,11.29,0.41
1190,2,3.6,8.86,0.69
1683,4,4.4,7.4,0.6
1582,2,0.9,8.4,0.87
1796,6,15.8,10.36,0.24
1797,1,6.1,5.64,0.85
2228,3,12.4,8.66,0.78
1924,2,17.3,7.44,0.46
2661,4,11.3,8.67,0.8
1968,1,11.2,7.07,0.39
1218,3,4.9,8.41,0.37
1472,1,3.6,6.22,0.65
2222,3,0.0,8.24,0.5
670,2,3.1,4.41,0.57
857,1,5.0,7.17,0.77
1807,3,9.6,9.32,0.78
2465,3,8.3,8.76,0.72
2714,0,6.4,8.66,0.96
1648,2,12.1,7.21,0.96
2542,2,6.4,6.77,0.57
1850,6,14.2,10.44,0.8
728,0,8.9,7.0,0.77
1794,4,9.5,8.11,0.7
1366,5,11.9,7.37,0.62
2442,3,13.6,10.44,0.71
1782,3,20.0,7.64,0.6
905,1,12.2,6.33,0.69
750,2,4.3,8.37,0.64
1785,1,5.3,4.82,0.57
500,1,3.5,5.75,0.66
1437,4,14.9,7.02,0.73
1961,3,15.6,8.53,0.87
1060,2,1.6,7.68,0.83
2495,4,12.4,9.22,0.62
2633,3,8.8,7.35,0.45
1088,1,6.3,5.87,0.82
1591,4,11.4,7.95,0.54
2496,5,12.4,9.48,0.53
1799,3,7.7,10.13,0.52
823,5,15.8,8.08,0.57
1699,4,8.9,9.53,0.76
1202,4,11.1,7.62,0.51
2575,2,8.1,6.06,0.47
2224,3,17.9,10.44,0.41
1580,4,10.9,8.76,0.55
1899,1,19.1,8.96,0.52
884,3,14.5,8.3,0.64
1272,3,3.7,8.85,0.66
2887,1,3.8,8.34,0.77
1837,2,6.5,8.41,0.63
2451,3,18.8,8.18,0.77
1962,0,13.6,7.48,0.69
2719,1,18.3,8.84,0.86
500,4,12.9,8.4,0.65
1668,4,10.9,7.82,0.44
2951,1,4.4,7.8,0.71
2469,3,16.4,9.61,0.77
2727,4,7.3,9.9,0.64
1795,0,9.5,6.76,0.99
1424,2,8.5,7.38,0.64
1080,4,17.0,9.37,0.72
1032,1,8.2,5.99,0.68
2364,0,11.5,6.95,0.8
2159,1,8.9,5.79,0.63
1753,1,8.3,7.17,0.99
2155,2,13.3,8.71,0.75
1899,2,17.0,6.24,0.72
2473,0,11.2,6.23,0.66
2466,4,18.1,8.44,0.8
1053,3,4.6,8.15,0.55
1991,2,13.9,8.29,0.61
631,2,13.4,7.89,0.55
1893,2,11.2,9.83,0.91
2223,4,9.5,9.56,0.42
880,3,13.9,5.7,0.66
1508,3,18.3,7.46,0.86
1806,0,7.3,5.59,0.82
1963,5,12.5,8.67,0.51
1604,5,11.0,8.48,0.44
979,2,22.8,7.99,0.65
1762,1,9.8,7.54,0.73
643,3,6.8,8.51,0.56
1637,1,7.0,6.28,0.74
1491,1,5.6,7.67,0.88
1706,1,7.0,5.63,0.64
1408,0,11.5,7.36,0.8
744,4,23.2,7.2,0.63
1543,1,8.9,5.06,0.81
2451,4,6.6,7.88,0.84
2683,3,3.4,7.91,0.61
3507,5,16.6,11.61,0.57
2984,2,12.2,9.72,0.54
962,0,6.3,6.44,0.98
1514,2,6.7,6.26,0.67
1784,2,1.9,6.67,0.77
1740,4,12.7,10.27,0.9
1848,3,12.1,7.61,0.7
3485,3,4.0,9.65,0.92
1042,2,4.9,9.03,0.73
1300,1,12.4,6.16,0.85
2950,5,7.8,9.68,0.8
1368,1,5.2,7.76,0.69
2075,4,16.0,9.88,0.58
2524,5,22.3,10.52,0.7
2140,4,15.3,9.47,0.78
1934,4,16.0,10.05,0.58
2457,2,11.0,8.05,0.59
1174,3,6.5,7.4,0.66
1452,6,16.1,10.38,0.48
2174,2,11.4,10.24,0.65
500,1,16.6,7.47,0.69
2791,5,11.7,8.35,0.41
2012,1,11.1,8.79,0.72
1907,2,14.2,8.74,0.51
658,0,6.6,4.99,0.91
899,1,4.4,6.15,1.0
1520,0,9.2,6.89,0.76
2365,1,9.4,8.22,0.67
500,7,13.7,10.04,0.56
2351,1,6.5,7.13,1.0
1547,1,18.8,5.91,1.0
1643,2,6.2,8.84,0.66
1977,1,9.1,7.0,0.85
1988,5,20.3,8.81,0.25
1301,2,4.6,5.22,0.62
2237,0,1.0,5.69,0.95
500,2,8.1,6.14,0.6
1484,6,9.5,6.72,0.7
1907,3,11.4,5.83,0.76
1558,3,19.9,8.69,0.86
521,2,1.7,6.83,0.57
2330,3,12.9,6.01,0.25
926,2,9.3,5.6,0.61
1752,3,8.9,9.72,0.41
1907,1,8.4,6.94,0.63
1813,5,14.8,8.42,0.56
1762,6,19.1,8.03,0.72
2099,5,10.4,7.05,0.64
1760,2,13.5,10.05,0.57
2229,4,9.9,7.61,0.86
2775,0,6.5,9.23,0.41
1896,5,23.1,7.97,0.72
2347,5,12.7,9.9,0.44
2818,3,9.3,8.16,0.94
2750,1,9.4,8.2,0.6
1530,3,18.0,6.5,0.83
2525,2,20.6,8.06,0.73
1974,2,12.5,10.29,0.79
2582,6,20.5,9.31,0.61
2198,3,19.2,8.17,0.61
1992,6,12.4,7.61,0.35
2103,1,13.7,6.0,0.63
1978,1,14.9,8.79,0.63
2006,3,13.1,10.12,0.39
1688,2,12.0,7.25,0.79
1623,2,14.5,7.02,1.0
3034,3,12.9,9.68,0.52
2134,4,7.7,7.41,0.65
1398,1,6.1,6.88,0.77
1605,4,12.2,10.62,0.48
2539,2,17.1,8.47,0.88
1284,3,12.2,6.84,0.78
762,2,2.3,6.92,0.94
814,3,11.8,9.45,0.59
589,2,2.1,7.13,0.73
890,2,7.5,6.14,0.81
973,2,2.7,7.38,0.63
2769,2,10.6,7.46,0.91
1767,3,16.6,6.83,0.67
1545,1,5.2,7.03,0.81
789,4,9.5,7.78,0.5
1699,3,16.8,7.01,0.61
583,2,9.6,5.64,0.7
1541,2,7.5,8.31,0.89
3245,2,13.5,7.57,0.72
2264,2,11.7,8.87,0.64
1653,1,5.5,7.26,0.7
2288,5,16.7,5.74,0.55
1434,2,0.4,7.99,0.34
1239,1,9.0,8.12,0.89
2992,4,10.6,11.2,0.86
1000,3,7.6,7.31,0.47
1552,2,3.7,6.5,0.58
2014,6,16.7,7.93,0.52
1144,2,16.5,6.21,0.72
2255,4,10.8,10.58,0.7
1585,2,5.2,10.78,0.44
2264,4,10.3,9.37,0.98
2210,0,14.0,9.28,0.82
1629,0,4.0,7.01,0.88
2997,4,16.9,9.86,0.74
1334,2,2.9,7.37,0.36
2622,5,16.2,10.21,0.73
3039,4,11.4,10.75,0.51
1921,7,22.3,10.65,0.46
1247,4,15.8,8.46,0.64
3253,2,12.1,7.73,0.91
1565,2,9.4,6.61,0.67
1230,1,12.2,7.38,0.75
1667,2,10.5,6.45,0.38
1112,5,15.4,8.16,0.51
2168,4,10.5,10.11,0.6
1376,4,19.9,9.87,0.7
1598,1,15.2,7.15,0.71
2477,3,5.7,7.01,0.72
2236,1,2.6,9.42,0.96
1810,3,8.6,8.49,0.3
1919,3,15.0,8.66,0.57
1808,5,3.6,7.37,0.39
1498,5,14.1,7.91,0.55
1798,3,8.7,9.07,0.49
2143,3,3.5,8.6,0.78
1711,4,11.2,10.18,0.44
2093,3,12.2,8.06,0.53
1214,4,10.0,6.26,0.6
1377,5,20.2,8.31,0.87
1285,1,8.9,6.99,0.79
1404,2,10.6,7.61,0.7
2701,2,14.6,10.51,0.84
2308,1,4.7,6.33,0.9
1046,3,8.7,8.4,0.57
2106,2,9.9,8.67,0.7
1526,3,8.3,8.51,0.72
1322,2,3.0,7.72,0.48
759,3,11.5,7.28,0.83
2480,4,13.5,9.19,0.9
845,2,9.2,6.14,0.6
1763,2,15.5,7.41,0.69
1137,2,11.0,7.74,0.68
2343,4,16.6,9.3,0.9
1565,2,11.7,7.3,0.77
1705,1,13.5,4.23,0.73
1729,3,20.8,8.56,0.87
2011,3,12.4,6.67,0.92
1809,2,14.8,8.34,0.78
1769,4,14.6,10.38,0.85
1437,3,16.6,11.79,0.71
697,3,14.8,6.56,0.42
1017,3,8.4,9.03,0.85
2302,3,12.4,8.69,0.67
1585,1,7.2,7.32,0.53
1335,2,11.8,7.2,0.49
815,1,13.9,8.15,0.66
596,4,12.4,5.8,0.6
1307,6,16.6,9.85,0.63
2421,5,24.1,10.0,0.63
1410,1,9.9,7.88,0.88
2080,3,9.5,6.59,0.83
1377,4,6.1,10.03,0.84
2247,3,16.9,8.4,0.66
1553,2,11.6,7.85,0.52
937,6,21.5,8.8,0.47
1611,6,16.9,11.73,0.33
3083,2,17.3,8.4,0.44
3052,3,14.0,10.84,0.63
1704,6,16.4,10.53,0.77
2012,0,10.3,7.82,0.92
2021,2,15.8,7.33,0.73
1772,2,10.7,8.95,0.58
2108,2,2.6,7.23,0.56
963,2,12.0,6.97,0.78
1477,0,8.5,5.87,0.99
2359,3,13.0,9.25,0.69
1777,4,13.0,6.69,0.67
2010,1,7.7,5.6,0.93
1058,1,11.0,9.12,0.52
1632,2,8.0,9.3,1.0
1084,5,17.5,9.09,0.48
1039,2,13.3,8.16,0.72
2643,1,10.7,8.28,0.55
1505,4,4.6,7.78,0.55
1280,3,9.5,7.71,0.58
2932,3,9.0,9.24,0.74
2370,3,4.2,8.01,0.67
1539,1,0.5,7.13,0.65
2099,4,10.9,10.69,0.59
1634,5,16.0,8.75,0.35
1315,5,13.7,6.29,0.72
2132,1,13.6,7.78,0.7
1852,3,5.6,10.7,0.48
2514,4,18.6,9.43,0.84
2437,5,12.3,7.51,0.58
1414,0,5.6,6.29,0.68
2140,3,15.1,8.37,0.69
1010,2,16.8,6.14,0.89
2115,0,1.4,7.88,1.0
1903,2,12.7,7.32,0.38
2065,3,14.3,6.43,0.59
1591,3,13.3,8.88,0.7
3258,6,15.1,8.49,0.49
1169,2,12.5,6.61,0.71
2480,3,7.6,9.64,0.74
1077,1,8.1,7.32,0.66
2153,2,10.3,10.81,0.75
2203,3,14.4,6.68,0.48
1838,3,11.4,6.86,0.53
1453,2,8.3,9.51,0.81
1898,4,13.9,9.2,0.73
1986,2,20.8,7.06,0.91
3052,3,10.6,8.81,0.77
1189,1,1.1,6.4,0.9
1410,3,9.3,9.02,0.64
1999,3,8.2,8.54,0.45
1620,2,12.0,6.44,0.54
1729,0,3.3,6.97,0.9
2549,3,14.1,7.35,0.79
500,1,4.6,5.16,0.92
1381,7,16.2,9.67,0.67
580,2,12.9,6.44,0.74
962,4,16.2,6.79,0.84
3483,3,7.0,9.97,0.7
2218,1,6.3,5.63,0.62
2466,3,8.1,9.64,0.66
1743,2,13.9,8.2,0.92
2331,2,4.9,6.17,0.67
563,4,9.7,8.32,0.53
2526,4,11.5,9.61,0.79
1226,2,1.3,7.0,0.55
1428,2,13.2,8.16,0.81
2153,6,18.7,8.18,0.78
2021,3,11.6,8.3,0.42
1859,3,5.4,5.92,0.62
845,2,11.9,6.19,0.76
1869,4,24.4,7.81,0.71
2472,1,11.1,7.59,0.82
1427,4,5.6,8.62,0.68
2720,1,9.5,8.17,0.67
1189,4,14.8,9.35,0.53
1804,0,10.6,6.95,0.87
2874,4,3.6,8.3,0.62
1323,5,16.5,9.54,0.59
2537,2,12.5,6.89,0.62
3182,6,22.2,10.1,0.67
1919,2,5.9,8.26,1.0
1431,4,11.5,10.95,0.66
1259,1,11.9,8.69,0.69
2713,6,8.5,9.53,0.73
2693,2,10.1,10.41,0.95
2814,6,12.1,9.79,0.58
1777,2,7.2,9.03,0.73
2526,3,1.6,8.87,0.64
1765,3,9.3,7.38,0.58
1181,3,18.3,7.95,0.57
2586,0,15.3,8.04,0.92
2943,5,17.4,8.55,0.47
1085,3,16.9,7.78,0.65
1072,4,16.0,8.15,0.97
1827,3,7.8,7.2,0.55
2469,0,9.2,7.23,0.74
1006,2,10.0,8.51,0.65
1958,3,1.7,6.67,0.6
1386,3,8.2,7.28,0.58
2290,3,16.7,9.62,0.77
1241,3,12.9,9.17,0.58
2340,3,13.3,10.92,0.36
1689,0,4.7,10.26,0.73
1144,1,14.5,6.71,0.74
1844,1,12.9,5.8,0.54
500,1,1.3,5.33,0.35
1408,1,9.9,6.87,0.54
2036,5,14.5,9.51,0.76
559,3,8.6,7.85,0.55
500,1,14.5,7.82,0.83
500,1,4.3,5.35,0.75
2728,2,13.4,9.6,0.76
1746,1,1.4,5.94,0.42
1427,4,6.7,7.87,0.65
2461,5,11.5,10.97,0.57
1516,1,15.3,9.91,0.86
1987,4,6.7,7.81,0.61
1818,3,11.6,9.01,0.88
1470,2,8.9,7.1,0.89
2005,5,15.7,10.87,0.56
2341,6,9.1,8.4,0.68
1670,1,9.7,5.31,0.67
1477,5,20.8,10.14,0.42
1560,3,19.9,10.27,0.42
500,4,4.8,9.79,0.59
1998,4,16.7,9.22,0.59
953,2,13.1,6.23,0.72
2240,2,12.1,9.86,0.81
1736,2,11.2,9.3,1.0
1873,4,23.5,8.56,0.33
2290,4,9.5,6.45,0.46
1151,1,0.0,7.25,0.51
2058,1,12.2,8.44,0.67
1987,1,4.5,8.04,0.84
1670,5,4.4,9.2,0.57
1150,6,15.6,10.15,0.67
2292,6,10.8,10.28,0.58
1879,1,4.7,6.74,0.55
1050,1,11.5,9.59,0.62
1430,2,16.0,7.47,0.79
1757,2,0.0,7.74,0.95
2281,1,13.6,7.46,0.72
691,3,18.3,8.25,0.73
1405,5,13.3,9.07,0.44
1518,4,5.4,6.22,0.38
1741,2,5.9,6.38,0.72
889,2,2.9,5.97,0.92
1647,4,7.2,9.18,0.61
1582,3,12.0,6.88,0.74
1073,1,7.7,4.69,1.0
1717,1,12.1,7.65,0.74
1421,3,11.4,7.07,0.76
2146,1,6.5,7.32,0.68
1180,3,10.8,9.1,0.6
1862,4,6.9,8.85,0.83
1234,2,9.2,9.25,0.6
1380,0,9.7,5.94,0.94
2008,4,11.6,9.34,0.37
1964,1,13.7,6.13,0.73
1508,2,10.6,8.04,0.57
1611,2,17.5,7.78,0.79
782,3,7.3,7.52,0.84
2781,1,7.4,8.28,0.86
2281,2,1.7,7.93,0.95
683,4,8.5,8.11,0.48
1383,0,15.5,7.88,0.65
1565,1,0.0,9.44,0.51
500,3,8.2,10.7,0.99
2422,3,18.9,7.93,0.73
2817,5,18.4,9.62,0.46
3243,2,0.0,8.67,0.4
1067,1,11.2,8.14,0.81
1882,5,9.5,9.39,0.61
2725,4,16.8,9.11,0.47
1622,2,8.1,7.96,1.0
1403,5,17.6,11.43,0.55
500,1,2.5,5.56,0.62
2592,1,8.2,8.03,0.96
1786,3,13.2,7.09,0.74
1289,4,8.2,7.58,0.61
1998,1,7.6,7.58,0.89
1907,0,15.8,7.92,0.75
1917,3,13.7,6.48,0.77
1648,0,0.0,6.53,0.63
2935,2,9.2,6.79,0.53
1706,3,16.0,10.53,0.46
2933,5,11.5,9.44,0.8
2194,2,13.2,9.72,0.46
2045,2,15.4,8.63,0.66
1720,5,7.0,9.08,0.7
2481,3,13.8,9.11,0.43
1879,0,9.4,7.28,0.86
1147,1,14.7,5.41,0.95
1124,1,7.6,5.04,0.86
2095,0,9.9,8.29,0.77
1164,2,17.8,7.87,0.55
1756,3,16.8,8.53,0.63
2540,1,6.9,5.98,0.84
2012,5,14.1,7.6,0.48
1294,3,20.6,10.03,0.54
2786,3,0.2,7.61,0.61
2183,3,3.7,6.79,0.7
2512,2,16.0,9.95,0.58
500,1,10.6,5.91,1.0
2031,2,15.9,8.55,0.59
2389,1,9.9,7.41,0.41
2990,2,13.6,9.34,1.0
775,6,20.8,11.32,0.52
2644,2,12.5,9.46,0.75
2951,7,16.1,9.18,0.55
500,1,16.0,6.22,0.67
2135,1,11.1,7.31,0.86
2232,3,12.6,10.38,0.71
1571,4,22.5,8.95,0.7
1456,1,3.7,7.38,0.75
2267,2,2.9,5.88,0.77
1369,2,20.3,6.4,0.47
1647,1,0.3,7.0,0.74
2368,4,22.2,8.31,0.81
3027,2,10.9,7.44,0.77
2176,0,1.4,4.61,0.67
1893,1,11.3,5.74,0.96
1438,3,6.6,9.05,0.91
1092,1,6.1,6.11,0.64
2576,6,17.5,9.69,0.65
1692,1,4.9,6.87,1.0
2605,2,6.0,8.12,0.8
1569,0,12.2,8.93,0.83
1345,2,7.2,7.09,0.73
2094,5,9.0,10.09,0.42
1746,6,5.2,9.75,0.78
956,2,5.8,5.28,0.68
3072,6,10.8,10.35,0.62
1361,5,9.0,8.04,0.78
2449,0,15.6,7.28,0.7
2389,1,16.1,7.34,0.52
918,5,14.8,10.37,0.51
1098,2,7.6,7.81,0.61
1588,4,9.3,8.65,0.72
1194,6,15.6,7.63,0.51
3008,7,16.6,11.79,0.25
1659,3,6.1,8.55,0.42
2422,4,17.9,7.62,0.52
2159,1,6.1,5.62,0.67
1984,0,8.7,8.12,0.66
1828,1,4.6,7.2,0.64
2665,3,4.9,9.19,0.66
1222,1,0.0,5.35,0.78
898,3,11.0,6.68,0.81
2347,6,10.1,10.62,0.59
816,3,11.3,10.1,0.49
1579,1,8.2,6.71,0.57
1865,4,16.5,9.0,0.85
1459,4,5.9,7.38,0.5
1672,3,14.2,10.36,0.63
829,0,3.7,4.53,0.72
1108,0,7.8,6.36,0.84
2148,3,0.0,7.41,0.42
1820,1,4.3,8.09,0.56
1316,2,8.6,7.99,0.6
2726,5,13.3,8.32,0.76
946,4,12.1,7.76,0.36
1546,2,3.5,4.77,0.78
1446,2,14.9,9.25,0.71
2230,6,8.8,8.52,0.53
1833,3,14.3,8.63,0.9
1724,3,7.1,6.53,0.58
509,0,12.1,5.93,0.96
2405,7,17.5,8.61,0.43
1647,1,14.0,10.08,0.43
1880,3,13.5,9.67,0.79
1276,4,12.0,9.08,0.47
1165,2,11.0,7.6,0.68
2849,4,9.8,9.45,0.95
558,1,12.5,7.01,0.95
1062,2,14.2,7.75,0.61
2836,1,3.4,6.13,0.63
2248,0,2.5,7.72,0.91
1572,2,16.4,5.88,0.7
2672,7,23.7,11.2,0.65
2112,3,5.5,7.4,0.85
1962,3,7.1,9.47,0.75
1957,4,7.4,9.21,0.53
2125,3,6.6,9.37,0.83
2153,2,15.3,6.74,0.82
3337,4,19.2,9.78,0.58
1663,4,14.4,9.09,0.62
1685,3,19.4,8.94,0.66
934,5,18.2,9.37,0.98
1763,1,7.1,5.96,0.74
3104,1,24.2,7.65,0.77
2489,5,13.8,6.95,0.54
1419,3,11.5,6.84,0.59
1821,5,22.3,9.36,0.46
892,3,10.5,8.03,0.8
1121,2,9.2,5.81,0.87
1904,2,12.9,8.04,0.86
1453,2,13.2,8.26,0.79
1068,2,10.6,8.37,0.7
2142,1,7.5,4.65,0.74
1742,4,8.2,7.61,0.82
702,2,9.3,8.95,0.97
500,0,11.6,4.78,0.91
1400,2,10.4,7.16,0.87
688,1,21.0,8.32,0.83
500,2,7.6,7.67,0.83
2590,5,6.3,10.02,0.72
1731,4,10.9,7.9,0.55
1614,4,11.3,7.01,0.48
1668,5,19.5,10.75,0.53
1003,1,9.1,5.97,0.9
2087,0,10.0,8.07,0.57
1708,3,16.5,9.96,0.83
1269,4,22.5,7.94,0.49
1374,4,5.6,7.73,0.65
940,0,12.2,8.52,0.79
1515,1,8.5,8.27,0.71
1632,4,12.6,9.17,0.77
1497,3,9.7,8.48,0.69
1838,3,4.5,7.17,0.72
1745,1,5.2,8.76,0.61
1961,5,10.8,8.11,0.24
2460,3,17.3,10.03,0.88
2215,3,21.6,9.18,0.77
2468,4,13.0,7.19,0.63
1206,6,20.1,11.1,0.53
1443,1,1.1,8.15,0.84
2257,1,10.9,7.14,0.72
2270,3,7.6,7.84,0.55
1324,4,12.7,8.74,0.57
2228,2,15.7,7.19,0.82
1139,1,11.5,7.3,0.68
2136,3,9.6,8.64,0.76
1781,2,13.4,7.78,0.81
830,0,17.1,7.0,0.87
1496,0,10.3,6.41,0.81
3327,5,11.1,8.92,0.56
1941,5,7.4,8.67,0.5
3410,2,14.8,11.22,0.83
789,2,6.8,6.13,0.79
2325,1,9.5,7.33,0.5
500,1,14.9,5.14,0.77
1799,3,9.5,7.55,0.72
2241,3,17.4,9.49,0.45
2386,4,10.3,6.79,0.73
1240,2,5.9,7.33,0.94
2527,5,11.9,7.89,0.45
1426,4,14.9,9.26,0.79
1685,3,7.0,6.73,0.33
1496,4,12.7,8.96,0.52
1004,1,19.6,8.81,1.0
2898,2,16.0,8.03,0.82
1833,4,9.4,9.53,0.6
2561,2,19.7,6.62,0.7
2531,5,18.0,9.42,0.66
1122,4,17.6,10.13,0.67
2651,3,13.9,8.82,0.68
1071,3,19.5,8.89,0.78
2114,1,12.7,8.65,1.0
1083,5,18.9,10.73,0.47
2924,3,9.7,6.05,0.64
2369,3,11.5,8.05,0.59
2685,5,15.7,10.63,0.72
692,1,11.0,8.4,0.61
1275,6,17.1,8.97,0.42
1623,3,11.7,8.66,0.61
3364,2,10.4,7.65,0.49
1050,2,15.5,9.22,0.85
604,3,15.4,8.89,0.56
788,2,18.2,7.54,0.73
2434,3,12.7,7.36,0.68
1384,2,3.5,7.0,0.72
1688,3,18.0,10.28,0.59
2333,4,9.4,9.48,0.51
1689,3,12.8,8.82,0.73
1942,2,16.1,7.97,0.54
2174,2,19.6,6.51,0.72
1498,4,10.6,7.93,0.49
1683,0,8.7,6.47,0.76
1969,5,3.9,8.53,0.68
2407,3,13.2,6.84,0.36
1245,3,8.7,8.62,0.53
500,3,13.9,6.62,0.64
2275,3,6.2,8.61,0.82
2449,2,12.4,9.1,0.63
1940,2,13.4,7.96,0.46
1987,3,19.2,9.1,0.5
1404,2,0.7,5.92,0.42
2150,6,21.5,11.64,0.59
2397,2,2.8,8.39,0.54
1839,4,6.9,10.48,0.85
3543,2,3.6,9.1,0.72
705,1,17.1,5.19,0.61
1914,4,10.3,6.35,0.83
977,2,12.2,7.74,0.73
2415,4,8.7,9.36,0.56
692,4,16.6,6.96,0.63
866,1,14.5,9.77,0.88
1356,3,17.7,8.97,0.5
1986,3,14.0,7.73,0.61
1383,4,14.4,8.6,0.69
1390,4,10.2,9.47,0.49
1673,1,15.7,9.43,0.81
1630,2,12.1,8.98,0.65
2841,1,16.9,10.47,0.76
2280,1,3.3,7.89,0.68
1572,4,6.3,8.95,0.55
3267,1,11.4,7.38,0.91
2144,4,16.0,8.63,0.41
1121,2,7.2,9.26,0.7
1979,3,17.0,6.34,0.79
2174,2,5.0,6.96,0.84
1318,5,13.8,9.57,0.61
1063,1,13.4,7.19,0.68
1860,2,16.9,9.14,0.59
1547,3,11.2,7.38,0.75
2835,2,2.8,5.57,0.58
2318,2,11.3,5.99,0.73
1351,3,13.9,8.65,0.55
2098,4,16.2,8.8,0.73
2686,0,10.7,10.65,0.91
824,2,11.5,6.31,1.0
1084,7,24.6,8.0,0.58
1792,2,18.2,10.38,0.55
1824,0,1.1,7.43,0.6
1763,1,9.7,6.6,0.74
1582,4,5.8,11.22,0.76
1571,4,1.7,7.43,0.55
2068,3,8.1,10.92,0.75
2593,4,12.3,8.36,0.62
1463,2,5.6,8.46,0.61
3506,5,4.8,9.18,0.65
3172,1,4.5,8.27,0.94
2235,2,13.4,6.03,0.6
3205,3,11.6,9.98,0.29
1596,2,10.3,5.7,0.56
1217,2,10.6,7.37,0.77
1431,7,16.4,11.4,0.56
1097,3,14.8,10.96,0.89
1885,1,21.9,9.63,0.61
2009,4,1.8,5.52,0.59
1940,2,3.3,7.64,0.73
1791,1,11.4,6.08,0.72
1893,3,10.7,7.58,0.85
3015,2,11.2,9.51,0.39
2234,3,1.3,8.52,0.98
2445,1,2.8,5.21,0.86
1933,2,11.0,7.04,0.81
669,1,6.3,7.2,0.95
530,6,12.6,9.83,0.49
3257,4,7.4,7.9,0.53
1427,2,9.3,7.08,1.0
1368,3,5.3,7.58,0.74
1971,4,6.6,7.82,0.61
2185,4,15.5,9.14,0.65
2273,5,14.5,8.92,0.66
3042,4,16.3,8.07,0.51
2850,4,10.5,9.07,0.55
1232,5,17.5,9.19,0.56
2478,1,20.7,7.97,0.66
1531,3,7.5,9.3,0.97
1703,5,9.6,9.39,0.37
1034,5,16.9,7.45,0.63
614,1,9.6,4.52,0.46
1777,5,14.9,7.91,0.47
1130,2,22.3,7.46,0.96
2449,1,11.8,7.54,0.66
1603,3,10.6,7.27,0.64
2016,2,7.3,8.25,0.46
2757,3,7.4,5.98,0.59
760,1,5.5,6.92,0.56
1292,2,10.5,8.65,0.69
1926,1,4.8,10.28,0.6
2018,2,16.0,8.32,0.6
2572,6,10.5,11.21,0.53
2407,2,9.3,7.93,0.78
1867,5,20.9,9.87,0.71
2012,3,8.3,8.08,0.74
2031,4,14.6,9.48,0.79
771,4,12.9,8.73,0.52
1690,3,4.5,10.92,0.68
1973,3,13.0,7.49,0.77
2120,5,13.6,10.51,0.55
1152,2,15.9,8.72,0.69
911,4,17.0,6.22,0.64
1635,0,14.4,7.74,0.82
3177,3,11.5,9.52,0.86
1226,1,6.9,7.84,0.74
2621,2,4.6,6.18,0.79
2909,2,10.4,8.35,0.65
1324,4,7.1,7.47,0.73
2158,2,13.3,8.93,0.55
1936,6,23.6,11.65,0.5
1198,7,19.7,10.89,0.49
1338,0,14.9,5.54,0.73
2117,4,19.3,8.65,0.81
2453,5,12.9,10.37,0.7
1574,4,13.5,10.37,0.42
1751,3,17.9,6.96,0.62
2268,2,10.5,9.18,0.75
1679,0,5.5,6.59,0.71
1590,2,13.5,6.9,0.8
1271,2,13.4,7.21,0.66
1259,3,10.6,6.11,0.64
3668,2,12.6,10.1,0.63
1662,4,6.0,7.89,0.71
2755,2,3.7,7.22,0.82
2978,5,13.3,10.88,0.49
1671,7,13.1,9.93,0.66
2057,2,9.2,8.33,0.74
1871,2,18.7,9.75,0.85
671,2,6.1,7.83,0.65
713,1,3.1,6.44,0.76
1834,6,12.1,9.34,0.7
1502,6,24.7,8.4,0.45
3124,1,10.0,6.04,0.7
1634,1,8.7,9.11,0.47
3165,4,14.5,6.59,0.42
1466,3,7.6,6.4,0.52
3138,3,4.0,7.97,0.6
2154,5,13.3,7.8,0.54
2194,1,11.4,7.56,0.91
1441,3,15.8,10.06,0.84
2203,3,14.5,9.97,0.55
2984,3,6.4,9.59,0.64
1698,2,5.2,5.8,0.79
1562,1,7.3,7.47,0.63
1627,3,8.0,8.47,0.7
2934,3,11.2,7.57,0.7
2398,3,2.5,6.92,0.51
2813,2,7.1,8.0,1.0
2019,2,15.8,8.8,0.64
1827,3,11.5,5.86,0.73
2096,3,12.2,8.1,0.55
2549,1,15.4,8.2,0.91
1627,3,11.2,5.89,0.43
2758,3,14.9,7.4,0.8
2056,2,13.2,8.26,0.71
500,2,17.4,6.27,0.78
2418,1,2.2,6.55,0.71
909,1,14.5,7.96,0.71
2401,4,5.9,9.43,0.6
2431,4,9.7,9.36,0.55
2030,3,9.9,8.28,0.66
2180,1,12.0,7.55,0.56
2569,3,14.9,8.9,0.78
1453,5,21.8,10.15,0.67
2355,2,15.0,9.35,0.68
2614,2,9.2,7.47,0.63
3032,2,16.3,8.14,0.6
1025,3,7.3,9.32,0.64
2085,0,8.0,7.55,0.44
1126,1,9.3,5.94,0.74
1097,4,13.6,8.02,0.66
2051,2,15.6,9.62,0.58
1854,3,23.6,6.95,0.63
2601,3,18.4,9.21,0.67
1557,2,9.4,7.0,0.51
1706,2,9.0,8.8,0.63
1948,3,8.8,7.38,0.91
1196,1,3.0,4.5,0.92
1293,3,23.6,7.42,0.84
2581,3,15.2,10.06,0.74
1415,4,10.0,4.96,1.0
2627,2,17.0,8.24,0.61
2225,3,14.9,6.79,0.6
716,2,17.3,7.34,0.66
2171,3,12.0,8.92,0.79
2165,1,10.7,7.93,0.62
2096,0,1.8,6.66,0.89
1700,5,11.9,8.84,0.43
1141,1,0.0,6.12,0.76
2742,3,8.7,10.49,0.32
1728,4,14.4,7.65,0.6
1181,5,21.9,9.07,0.49
2120,2,12.4,9.05,0.63
1280,2,1.4,6.27,0.81
1135,6,19.7,11.4,0.67
1537,4,7.7,7.95,0.77
1334,2,7.1,5.83,0.5
1161,2,4.3,7.38,0.72
2364,5,15.9,7.82,0.51
1720,6,19.7,8.63,0.64
2676,2,15.6,7.02,0.46
1201,1,15.2,6.11,0.85
590,3,9.5,6.68,0.33
1904,3,8.9,7.42,0.8
3099,2,18.4,7.06,0.76
2171,2,14.1,8.03,0.58
2032,2,5.4,8.74,0.56
1964,2,6.3,8.7,0.62
500,2,14.2,8.22,0.54
2099,3,14.2,8.46,0.58
1918,4,11.3,9.33,0.6
1514,2,8.3,7.62,0.66
1704,4,13.3,8.45,0.63
1752,2,3.5,7.48,0.42
3262,5,20.5,10.97,0.39
1540,1,5.3,6.03,1.0
1918,5,13.3,10.63,0.59
1517,4,11.2,8.94,0.67
2348,3,5.9,7.0,0.86
1923,5,14.6,7.59,0.72
1604,4,15.0,7.85,0.9
500,1,10.6,4.82,0.7
1970,2,18.9,8.09,0.95
1583,1,2.9,6.67,0.76
1757,2,9.5,7.59,0.59
972,5,7.1,7.43,0.47
2803,2,8.4,8.44,0.49
2399,3,7.2,8.03,0.28
2801,5,21.4,11.77,0.76
2602,3,8.6,9.46,0.62
2214,0,3.9,7.55,1.0
1000,2,11.0,5.71,0.69
3090,5,12.1,8.1,0.51
1150,6,17.2,7.98,0.53
1612,2,10.0,8.18,0.85
2294,2,10.8,6.67,0.61
2329,3,14.8,7.95,0.69
2200,5,10.0,9.1,0.75
1519,3,14.1,10.57,0.68
1375,2,13.3,7.61,0.86
3574,3,11.1,6.26,0.51
1772,0,12.4,6.31,0.71
1686,1,12.0,6.1,0.64
1300,3,7.6,6.71,0.29
1971,1,0.0,6.22,0.7
1938,3,12.4,7.79,0.83
1788,2,13.1,7.74,0.72
2067,4,12.5,9.43,0.55
3034,4,15.8,7.13,0.6
1383,5,15.5,9.52,0.47
1830,3,6.9,9.42,0.72
1346,4,5.5,8.87,0.61
2006,7,12.0,10.87,0.39
1402,3,12.9,7.52,0.63
1432,3,16.5,9.25,0.88
778,3,9.0,9.75,0.63
1868,3,5.3,8.45,0.79
2100,3,1.7,7.16,0.52
3102,0,15.1,7.67,0.68
2128,0,4.8,6.45,0.66
1485,5,21.6,10.61,0.64
848,3,20.8,7.39,0.88
945,3,15.2,7.41,0.8
893,1,5.3,8.21,0.9
3114,7,11.3,9.68,0.54
2001,2,5.6,8.29,0.57
1391,4,16.1,8.07,0.79
1128,0,6.3,6.53,0.68
1200,4,22.0,10.11,0.62
1373,1,8.7,9.58,0.8
2721,3,16.5,7.77,0.61
1779,4,11.7,9.84,0.88
786,2,18.5,8.34,0.91
3417,4,8.5,7.82,0.79
1001,2,11.6,9.43,0.73
1386,6,15.5,8.49,0.51
2717,0,16.5,6.62,0.88
2090,4,9.9,9.07,0.58
1471,4,16.4,9.51,0.64
938,3,17.4,6.22,0.57
1123,2,4.9,6.18,0.76
1165,4,14.8,9.69,0.5
1804,1,0.2,6.79,0.82
1933,1,12.6,7.52,0.42
1695,2,9.3,6.8,0.92
1772,0,13.7,7.01,0.62
1064,2,14.8,8.58,0.72
2005,2,5.0,6.9,0.81
2696,1,17.9,8.96,0.81
1686,4,11.0,9.34,0.53
1672,1,2.9,6.74,0.61
1858,3,6.6,6.85,0.38
2582,3,14.3,7.83,0.55
1173,1,19.2,9.43,0.54
2815,1,7.2,8.44,0.79
2094,2,13.3,9.66,0.81
1820,1,13.2,8.22,0.83
2649,1,13.6,7.86,0.6
972,3,7.2,8.5,0.76
2165,5,22.3,6.15,0.59
2101,2,14.3,7.99,0.43
1145,1,8.2,6.42,0.45
2122,2,4.8,9.63,0.76
1998,3,3.6,8.31,0.73
1674,4,12.0,6.92,0.34
2403,2,15.6,9.83,0.46
1399,1,2.6,7.69,0.54
1989,7,15.3,11.02,0.7
1707,0,4.5,7.08,0.69
1369,1,1.8,5.95,1.0
2152,4,13.2,6.81,0.69
1654,3,17.2,8.38,0.52
768,3,12.0,6.24,0.37
539,3,6.6,7.3,0.67
2352,2,16.6,7.15,0.78
945,1,3.1,7.38,0.54
1995,3,14.0,9.41,0.84
1838,6,10.8,8.48,0.25
1542,3,12.5,7.07,0.83
3169,1,18.2,8.0,0.77
1925,0,1.1,6.97,0.5
2328,1,4.3,7.71,0.76
1999,1,7.5,8.25,0.95
1637,3,9.8,9.1,0.64
1786,7,12.9,10.15,0.77
2820,2,11.9,8.99,0.31
2561,2,13.5,10.28,0.53
3166,3,14.7,6.9,0.53
1955,3,16.1,7.62,0.66
1186,3,11.1,8.19,0.68
1491,1,16.0,5.37,0.94
968,1,9.7,9.52,0.88
2336,4,4.4,8.49,0.62
1389,3,9.6,9.3,0.71
500,2,8.7,8.49,0.7
3524,3,4.9,8.47,0.91
1400,3,15.4,9.29,0.44
1396,5,13.5,8.59,0.74
2970,2,0.0,9.3,0.77
954,0,0.0,6.39,0.49
2595,3,2.4,10.73,0.41
1388,2,10.6,6.99,0.77
873,1,12.4,5.54,0.72
2994,0,9.4,6.84,0.94
2446,2,11.2,7.26,0.53
2444,4,7.4,8.84,0.56
937,2,10.6,7.33,0.47
1878,1,9.7,8.21,0.61
1149,2,14.5,8.16,0.54
827,4,14.4,8.35,0.59
2087,2,11.2,6.52,0.76
2610,3,14.7,9.36,0.64
1531,3,15.4,8.74,0.7
1651,2,13.4,7.07,0.96
1003,2,4.0,8.45,0.64
1805,1,11.8,7.21,0.53
2332,4,14.8,9.86,0.76
2354,2,13.1,7.68,0.63
2181,4,9.0,9.9,0.54
1367,4,8.4,10.07,0.75
1344,6,8.6,10.06,0.43
2356,3,12.3,8.66,0.66
2368,2,8.1,10.31,0.59
1679,1,10.1,4.77,0.62
1501,1,10.4,5.35,0.98
2617,2,12.3,6.29,0.43
1548,2,11.0,7.54,0.66
2322,1,7.9,6.73,0.91
1704,1,6.9,7.86,0.53
1066,4,14.6,5.66,0.47
2928,2,9.6,9.68,0.57
1884,1,3.2,8.06,0.83
1302,0,18.7,9.28,0.6
826,5,13.9,8.39,0.54
896,2,4.1,8.91,0.42
1538,2,4.0,6.87,0.71
3147,4,6.5,6.97,0.67
1390,2,4.9,7.18,0.84
2813,3,16.2,8.75,0.65
1708,5,19.7,9.7,0.81
973,2,9.8,8.84,0.42
1468,1,11.8,7.35,0.64
903,1,11.6,5.98,0.79
1200,6,13.3,8.92,0.46
1179,3,18.8,8.31,0.53
500,5,7.8,10.3,0.44
2858,2,12.7,9.9,0.72
1947,3,14.8,9.72,0.74
1319,2,6.8,7.68,0.75
1955,3,17.6,10.58,0.63
1215,4,7.7,8.14,0.66
500,6,16.1,8.32,0.86
1932,1,3.0,7.83,0.63
1387,1,13.8,7.28,0.78
500,1,10.2,6.69,0.61
754,1,13.9,7.45,0.67
2958,6,7.3,8.57,0.59
2851,2,8.8,10.06,0.83
2327,6,13.3,8.86,0.59
1019,1,11.2,6.05,0.91
2856,4,11.0,9.83,0.41
2114,3,4.0,8.45,0.71
2258,4,11.1,7.69,0.4
2112,5,18.0,9.96,0.29
745,3,13.7,7.6,0.62
961,2,14.6,5.67,0.74
1442,3,3.9,8.71,0.68
2250,2,6.3,7.11,0.63
833,0,2.9,6.37,0.72
1677,3,8.4,7.26,0.62
1676,1,16.6,7.29,0.59
2354,5,10.9,9.33,0.33
2272,2,5.4,5.02,0.63
1092,3,8.9,9.62,0.65
2812,4,7.2,9.5,0.7
985,3,3.3,7.86,0.64
2564,2,11.2,9.38,1.0
1414,4,15.7,9.63,0.56
1914,1,7.3,8.81,0.65
1958,3,16.6,8.56,0.53
1938,3,4.6,7.47,0.68
2272,5,9.8,8.44,0.65
2074,3,9.1,5.69,0.9
2348,1,14.6,7.94,0.93
2125,7,15.5,10.25,0.49
914,2,16.1,7.15,0.83
1988,3,7.3,9.34,0.61
1405,0,0.0,5.03,0.77
1023,1,4.4,5.7,0.56
1597,4,14.6,8.76,0.8
1928,3,8.4,9.44,0.49
1974,2,7.9,8.04,0.58
2539,4,6.7,8.97,0.51
2715,7,15.1,10.49,0.64
2035,3,23.1,9.18,0.55
2161,3,3.0,7.49,0.42
1866,6,13.6,9.5,0.79
2337,4,12.5,7.88,0.61
2140,3,8.0,7.81,0.87
1761,1,0.0,7.28,0.74
3306,5,17.8,10.27,0.44
1417,6,12.0,8.78,0.27
2818,1,6.1,8.23,0.96
851,2,13.4,7.56,0.72
2369,2,6.5,7.44,0.94
2805,4,11.9,9.85,0.56
500,0,9.4,6.15,0.58
1897,1,16.1,9.17,0.6
2300,6,15.3,7.33,0.61
1976,3,14.1,8.86,0.66
2064,0,0.0,6.04,0.75
1895,2,16.2,8.37,0.66
1034,1,6.2,7.66,0.78
3457,2,16.3,9.84,0.66
1447,4,12.8,10.13,0.76
2103,3,11.1,5.51,0.63
1347,0,5.4,4.11,0.81
500,3,10.8,6.74,0.81
1152,2,13.1,6.58,0.75
786,2,9.5,6.64,0.63
2564,2,9.9,9.68,0.69
1440,3,6.5,9.79,0.56
1054,1,8.7,6.49,0.66
1865,2,12.6,9.79,0.71
1298,3,5.4,8.19,0.61
2494,2,5.9,7.63,1.0
2011,1,10.0,5.97,0.6
1399,2,15.5,6.51,0.56
2395,3,1.1,8.53,0.58
1805,2,18.4,9.51,0.9
1815,1,19.9,8.95,0.82
776,3,17.6,7.91,0.68
1750,3,8.0,7.45,0.67
2025,5,19.8,7.53,0.59
2733,6,15.0,6.63,0.42
1273,3,10.5,6.12,0.64
3394,3,9.9,8.21,0.75
2189,4,12.1,10.59,0.57
736,2,9.0,5.16,0.59
1208,0,6.3,6.65,0.74
2794,3,17.5,9.73,0.46
2670,1,12.4,8.96,0.26
1812,2,12.2,6.04,0.63
1904,2,8.0,7.35,0.77
2725,2,5.2,5.02,0.62
1108,2,17.2,7.0,0.98
2391,3,16.3,7.15,0.48
2746,2,13.8,9.82,0.51
1833,0,0.0,8.59,1.0
2477,0,6.4,7.82,0.54
3093,2,8.9,7.76,0.64
1987,4,12.8,7.91,0.63
1677,1,11.1,8.32,0.71
1753,3,4.1,7.75,0.69
1279,2,15.2,9.88,0.76
1264,7,20.4,10.21,0.47
2109,1,16.5,7.82,0.77
1685,3,8.4,8.14,0.76
2029,3,13.6,9.88,0.58
757,1,15.3,6.12,0.92
1735,6,12.2,11.37,0.68
2521,6,13.0,9.05,0.29
1016,1,0.9,8.53,0.79
1811,1,4.7,7.57,0.56
501,3,0.0,6.84,0.57
886,2,7.0,7.45,0.46
2365,4,13.4,10.93,0.86
1583,3,5.0,7.86,0.69
3075,2,14.6,9.82,0.87
2102,1,7.5,8.5,0.52
2171,1,8.9,7.6,0.7
1046,1,14.6,6.12,0.79
1530,3,13.3,8.34,0.64
1287,2,8.5,9.16,0.71
2264,2,5.3,5.59,0.65
2405,3,13.1,8.12,0.65
2079,4,3.0,7.4,0.59
1220,6,11.7,7.76,0.47
2031,6,10.2,8.26,0.59
500,2,7.3,5.73,1.0
2726,2,7.5,7.78,0.54
891,3,9.5,6.11,0.47
1015,2,3.6,6.57,0.9
1880,6,18.7,10.52,0.53
1942,2,3.5,6.62,0.81
1749,4,16.7,9.74,0.62
1022,2,3.2,6.31,0.39
2593,5,2.7,9.21,0.7
619,2,22.8,7.94,0.53
761,3,16.0,9.08,0.75
1725,4,10.2,8.45,0.52
915,0,17.0,8.14,0.65
2655,5,12.4,8.71,0.51
975,0,13.8,7.32,0.9
2889,2,10.6,9.58,0.87
2524,5,4.8,11.85,0.86
2664,3,12.3,9.76,0.56
3120,2,5.1,7.94,0.73
1856,4,12.5,10.04,0.53
1090,1,13.9,5.62,0.54
1727,3,7.7,9.66,0.74
1403,1,13.6,7.45,0.78
1303,1,12.0,5.13,0.61
1905,5,13.2,6.96,0.58
1581,3,2.1,6.98,0.68
1273,3,4.3,6.37,0.67
1628,2,16.3,7.3,0.8
2184,3,6.0,6.33,0.58
2469,3,8.4,9.32,0.63
677,1,13.3,6.51,1.0
1587,0,8.2,5.74,0.71
1701,0,6.8,6.49,0.56
972,2,14.7,9.94,0.59
1716,3,12.2,7.99,0.57
1903,2,13.0,7.07,0.65
2163,5,8.5,9.08,0.4
1854,3,17.3,6.59,0.88
1183,4,11.2,8.15,0.79
2380,5,10.2,8.61,0.72
2186,4,14.9,9.27,0.62
2503,3,12.5,9.47,0.9
1971,4,12.2,8.95,0.52
2700,4,17.5,10.47,0.74
1839,4,15.7,9.03,0.68
1801,1,16.3,7.61,0.55
2244,6,12.7,9.07,0.47
2903,4,17.8,9.45,0.67
2858,2,14.8,8.64,0.84
2214,2,4.2,7.14,0.94
2161,2,6.2,8.49,0.72
2287,0,6.9,7.11,0.55
2489,0,12.8,8.23,0.96
2709,2,13.4,8.87,0.57
1634,5,18.8,10.26,0.57
2722,0,5.8,6.49,0.83
2040,6,13.1,10.75,0.64
2255,1,12.0,8.44,0.64
2767,2,8.9,7.95,0.72
2322,4,10.9,9.09,0.61
2441,0,5.0,6.68,1.0
1527,2,13.7,6.75,0.9
2848,3,14.7,10.32,0.52
2286,5,23.1,10.54,0.39
1888,1,5.8,7.78,0.8
2570,2,12.1,7.47,0.85
3611,5,17.2,9.66,0.53
981,2,7.2,8.61,0.74
1237,1,10.7,5.87,0.77
3679,6,12.0,9.69,0.31
2098,2,16.2,8.63,0.9
1933,1,8.3,7.98,0.8
1719,2,14.9,7.67,0.79
2645,0,5.2,7.28,0.73
3627,3,6.7,9.17,0.29
1334,4,23.0,9.71,0.73
1732,3,15.2,8.81,0.71
1554,2,10.2,7.62,0.53
2313,1,4.7,6.39,0.77
2655,1,10.6,5.23,0.71
2934,5,24.6,10.24,0.45
2336,5,13.6,9.51,0.56
3563,4,9.5,8.71,0.73
1397,1,5.2,7.06,0.7
1215,2,3.3,5.44,0.72
2828,1,4.2,8.45,0.71
1885,6,10.2,9.38,0.77
836,1,5.4,6.42,0.5
1578,2,14.5,9.08,0.51
1978,0,5.9,8.13,1.0
1347,5,13.6,9.65,0.56
1089,1,0.0,6.28,0.52
1654,1,4.5,4.92,0.79
1054,2,13.1,8.05,0.54
2244,1,4.8,6.46,0.76
500,2,7.0,8.73,0.52
1863,3,5.9,8.67,1.0
2163,4,19.8,8.85,0.65
1736,1,19.9,7.95,0.76
2565,6,22.5,10.82,0.52
840,0,6.0,6.87,0.59
1309,3,15.5,7.98,0.8
1568,2,8.7,5.41,0.76
2298,2,5.0,8.42,0.87
1952,3,11.0,8.07,0.91
3300,5,9.8,9.96,0.6
1235,1,5.5,7.97,0.9
823,4,12.9,9.37,0.35
3052,3,15.8,9.38,0.45
798,2,13.7,5.33,0.74
2278,2,12.1,11.5,0.55
1114,2,7.6,6.49,0.84
500,1,9.7,5.39,0.89
1537,4,6.9,7.99,0.67
2429,2,7.3,8.71,0.78
944,3,10.7,6.55,0.6
2203,3,8.0,8.11,0.54
2334,3,13.2,5.88,0.61
909,1,11.8,8.29,0.51
1640,1,16.4,8.75,0.69
2903,6,16.7,9.72,0.34
2255,3,14.3,7.08,0.5
1616,1,8.1,6.41,0.45
1320,1,19.4,7.37,0.82
2579,4,17.0,7.06,0.8
2579,1,0.0,8.03,0.85
1884,0,17.7,5.2,0.95
1961,5,7.8,8.55,0.39
1100,4,18.5,8.23,0.63
853,4,8.7,7.21,0.48
1536,7,18.4,8.77,0.46
1738,6,11.3,9.88,0.66
2543,3,10.6,9.72,0.78
2445,3,11.5,8.53,0.66
1929,2,6.4,7.95,0.73
2633,3,11.4,8.92,0.42
1139,5,12.2,10.38,0.52
2554,4,13.2,9.77,0.62
1246,2,0.1,6.72,0.46
2667,4,12.6,7.2,0.43
1790,2,7.4,5.74,0.83
500,2,6.1,7.03,0.68
2311,4,15.1,8.45,0.66
2366,3,9.6,9.97,0.98
1480,0,2.7,6.68,0.78
1540,2,17.5,7.31,0.72
1688,3,14.1,6.91,0.62
500,4,12.5,8.8,0.89
500,2,17.7,8.78,0.55
2711,3,8.4,7.26,0.68
1223,1,10.7,6.74,0.59
3098,3,17.1,11.68,0.72
2759,4,13.6,9.88,0.39
2897,3,24.2,10.49,0.52
1344,1,10.7,7.27,0.81
674,1,10.8,6.35,0.98
1039,5,20.4,8.79,0.71
1487,2,13.0,7.51,0.89
500,2,11.5,5.69,0.51
1467,1,9.7,6.95,0.68
1658,1,7.8,6.75,0.75
893,1,0.0,7.11,0.59
1071,3,14.3,9.24,0.71
1645,1,9.0,7.48,0.61
2049,3,5.7,8.62,0.55
1176,3,8.2,8.65,0.79
2004,4,8.6,8.43,0.72
1895,2,17.0,6.22,0.73
1832,2,15.0,8.16,0.72
1343,3,19.3,9.75,0.76
866,4,14.1,7.89,0.61
2987,3,16.0,8.39,0.75
2241,5,16.6,9.27,0.5
2504,2,4.2,6.95,0.87
1741,5,12.7,7.89,0.7
1685,1,9.5,6.54,0.84
2143,2,16.5,8.13,0.59
515,3,8.2,8.45,0.77
1019,4,9.0,6.25,0.82
1241,1,6.8,6.84,0.51
1481,2,16.2,8.28,0.63
2032,1,12.4,7.57,0.72
1857,3,17.4,7.11,0.62
2775,2,10.7,8.29,0.86
3531,1,8.9,7.46,0.67
916,4,12.6,8.07,0.85
1903,1,6.9,5.38,0.65
1901,3,14.3,7.23,0.72
1790,1,9.6,6.31,0.86
1040,0,11.3,6.67,0.98
1157,3,13.3,6.98,0.54
1968,4,11.8,9.18,0.6
1138,3,6.7,7.42,0.6
1911,1,5.6,7.66,0.79
1627,4,13.7,6.16,0.43
1899,2,9.2,9.31,0.65
1132,5,10.4,8.68,0.66
1910,4,13.3,11.07,0.64
1183,5,21.1,7.6,0.71
1912,2,16.6,6.19,0.65
2737,3,9.6,8.45,0.86
1982,5,14.3,8.97,0.47
2025,0,3.7,5.47,0.97
2372,1,16.2,7.18,1.0
817,3,21.2,10.41,0.62
3003,4,15.7,10.91,0.45
1061,3,10.9,8.05,0.5
2415,4,9.9,8.6,0.45
2322,1,5.4,6.39,0.68
1168,1,8.9,7.94,0.96
2506,5,10.4,8.88,0.58
2148,2,0.0,8.22,0.61
3122,2,6.4,8.82,0.77
1935,4,18.1,6.82,0.68
1724,2,13.0,9.63,0.62
1439,4,20.5,8.97,0.59
579,3,16.5,6.23,0.7
1577,0,0.0,6.81,0.83
1606,2,13.5,7.62,0.61
1983,3,11.2,5.5,0.86
803,0,12.8,5.87,0.94
2203,2,10.4,8.6,0.55
2272,5,18.7,11.12,0.28
500,3,13.6,4.88,0.32
2294,3,10.4,8.03,0.75
1627,1,5.2,8.41,0.81
1670,1,13.5,6.61,0.91
500,2,18.1,5.63,0.49
2845,4,18.3,6.6,0.54
1923,6,15.4,8.57,0.47
727,1,8.4,6.67,0.74
2062,3,4.3,4.18,0.76
2041,2,8.3,7.18,0.78
2655,4,7.8,7.37,0.66
1583,1,0.0,6.56,0.3
1808,3,5.1,7.38,0.73
1350,1,0.0,8.22,0.73
2218,3,17.0,8.04,0.78
1251,3,18.4,6.36,0.78
1174,1,11.0,9.3,0.35
1752,2,11.4,7.56,0.72
941,3,13.0,6.42,0.34
2921,3,14.1,10.65,1.0
3149,0,6.0,9.46,0.57
1482,3,8.7,8.04,0.79
829,6,19.3,8.57,0.59
2035,0,7.0,5.89,0.84
1462,3,6.5,6.81,0.5
1248,5,24.0,9.3,0.78
2181,3,20.2,8.24,0.58
1879,1,18.3,7.84,0.62
1326,3,24.1,7.51,0.66
1968,4,10.5,9.8,0.82
2414,3,18.4,9.94,0.76
1860,3,10.0,8.36,0.79
1868,4,10.0,7.03,0.7
1189,1,15.5,8.06,0.65
2600,4,12.8,8.5,0.53
2531,3,4.3,8.43,0.59
1512,4,10.2,7.37,0.5
1712,3,0.3,6.95,0.68
2789,4,13.6,12.01,0.54
1006,3,15.1,5.1,0.59
2223,7,24.2,10.6,0.64
1408,2,16.5,6.98,0.57
3044,2,20.5,6.31,1.0
1844,2,9.5,8.15,0.73
2682,0,0.0,5.09,0.74
1267,1,17.9,7.38,0.5
926,6,9.3,9.78,0.67
1636,4,20.1,10.01,0.98
1983,4,4.6,6.15,0.52
1442,2,11.9,7.19,0.88
2330,7,11.4,11.06,0.65
1653,6,17.8,8.7,0.39
500,4,10.5,8.34,0.75
2186,2,12.2,6.83,0.98
1182,0,2.3,6.29,1.0
1546,2,5.9,6.85,0.76
2887,1,0.3,9.31,0.67
3040,1,16.9,7.63,0.71
1397,2,3.6,6.11,0.74
2204,7,18.4,11.06,0.68
1413,3,9.6,7.07,0.67
1599,3,2.8,7.94,0.41
1375,2,4.0,6.85,0.68
592,3,9.2,6.13,0.69
1866,1,9.3,6.4,0.65
2001,4,11.4,9.53,0.66
1330,2,15.8,7.01,0.6
2561,2,10.1,7.54,0.53
1494,0,9.4,7.69,0.67
1353,1,6.6,6.96,0.93
2168,3,9.3,8.77,0.78
720,2,8.7,6.97,0.9
2434,1,11.9,7.23,0.62
1518,2,9.6,9.03,0.66
2492,0,15.9,5.94,0.64
2701,2,3.9,5.34,0.73
2248,4,17.2,6.1,0.33
1231,1,5.5,7.13,0.7
924,6,20.4,9.44,0.43
796,1,7.4,6.65,0.75
2572,5,11.4,8.97,0.71
1705,0,9.6,4.42,0.57
1380,6,11.1,8.26,0.38
1707,3,6.9,7.53,0.82
2556,4,18.0,9.94,0.64
2345,5,10.2,11.02,0.64
2106,3,14.7,8.91,0.75
2246,1,0.0,5.36,0.74
1926,0,9.2,7.67,0.59
2011,5,15.6,11.83,0.6
1954,2,13.2,8.18,0.63
1799,3,9.2,6.65,0.68
2327,1,9.8,8.54,0.68
2052,1,11.2,7.09,0.81
1183,1,0.0,6.68,0.81
2170,0,7.0,6.63,0.88
1973,5,12.3,9.45,0.7
2227,2,14.8,9.34,0.81
1727,1,7.9,7.26,0.82
2368,3,10.0,8.38,0.75
1757,5,11.9,8.88,0.64
2306,3,3.6,9.79,0.47
1480,4,11.2,8.99,0.51
1528,2,9.3,7.23,0.73
2221,5,12.5,7.93,0.54
1567,1,7.7,6.95,0.75
3344,5,13.1,10.77,0.72
2196,2,12.9,8.0,0.55
1817,2,17.1,8.08,0.82
2373,4,12.0,8.76,0.6
1463,3,5.6,8.82,0.62
2446,5,14.4,8.71,0.89
2426,2,13.6,7.96,0.35
2677,2,15.5,8.76,0.8
1491,1,11.2,4.89,0.96
944,0,2.8,7.0,0.87
1372,4,14.6,9.37,0.56
1602,4,10.7,8.88,0.49
2967,3,14.0,8.87,0.6
3336,2,10.3,8.0,0.68
2041,0,10.7,6.64,0.47
1806,5,10.7,7.13,0.8
1555,1,5.7,6.29,0.58
2377,4,6.6,6.97,0.46
3332,4,4.0,7.99,0.62
3050,2,8.7,7.01,0.83
2596,1,5.4,6.74,0.75
2586,4,19.3,8.1,0.88
2382,5,20.7,9.09,0.79
1766,0,0.0,5.98,0.84
1284,4,21.2,8.36,0.58
1785,4,19.6,9.29,0.5
2095,2,14.0,6.16,0.68
782,1,19.3,8.49,0.77
1692,3,21.8,9.38,0.73
1221,3,19.5,8.08,0.63
2509,4,13.0,8.85,0.6
1415,5,14.0,7.79,0.52
2029,3,16.4,11.29,0.75
1309,4,9.4,9.78,0.7
2918,4,11.8,8.67,0.65
609,4,4.8,6.09,0.79
2133,1,6.6,8.66,1.0
905,0,9.1,4.28,0.7
1443,0,7.2,4.62,0.89
1944,2,12.6,7.21,0.36
1978,3,23.5,7.95,0.5
1960,2,11.8,8.21,0.56
1906,4,9.2,10.23,0.6
1350,3,6.9,7.7,0.73
1685,1,15.7,8.57,0.73
1822,4,8.7,7.57,0.36
1936,3,14.6,9.22,0.79
1754,2,14.2,9.17,0.73
2310,6,19.2,10.96,0.44
1865,0,3.2,6.29,0.76
1940,0,10.3,7.01,0.76
1532,1,9.8,4.35,0.5
1063,0,2.4,5.73,0.7
1907,4,7.8,10.43,0.67
2645,5,17.2,9.59,0.44
2110,2,20.7,9.08,0.72
1227,1,11.4,6.55,0.71
2370,1,7.0,8.71,0.77
1565,0,0.0,5.77,0.74
2300,3,16.1,7.84,0.47
1541,0,11.5,4.68,0.52
2047,5,17.7,10.18,0.8
1437,3,13.2,6.99,0.81
1454,2,14.0,5.53,0.56
703,5,10.7,8.72,0.77
2158,0,18.2,9.1,0.79
2059,1,12.2,8.57,0.93
1992,4,13.5,9.49,0.68
1266,3,4.5,6.58,0.49
2476,4,11.1,9.79,0.96
2494,4,14.0,8.0,0.47
2172,5,15.8,10.38,0.71
2412,3,6.8,8.05,0.59
1470,2,3.4,6.46,0.85
2173,2,16.1,8.26,0.59
742,4,10.4,8.8,0.88
1038,0,5.9,7.73,0.68
1107,3,5.3,9.12,0.47
542,4,17.2,8.03,0.68
2559,5,20.1,9.68,0.53
2040,1,16.1,7.43,0.77
2368,5,18.1,9.94,0.8
1594,3,13.5,8.45,0.61
1332,1,12.2,6.53,0.6
1962,3,5.6,8.74,0.57
1801,1,13.0,7.93,0.52
2502,0,15.2,5.71,0.9
500,3,11.6,9.04,0.5
1156,2,6.9,7.12,0.59
2193,5,11.6,6.19,0.46
1835,1,14.8,7.81,0.64
2326,4,12.8,8.67,0.73
1983,4,10.6,11.26,0.71
1705,4,14.5,8.66,0.92
1588,2,11.2,7.35,0.59
2874,5,17.2,9.65,0.57
2146,3,4.6,7.32,0.41
1854,3,21.2,9.69,0.75
2176,4,10.4,9.94,0.59
2378,4,9.8,8.5,0.52
2093,2,15.6,8.66,0.82
1274,4,15.2,9.61,0.76
3049,4,16.8,9.31,0.8
1972,3,14.6,7.4,0.76
3209,4,1.4,9.61,0.44
1931,1,4.6,4.91,0.52
1628,2,10.8,7.23,0.81
2010,2,10.4,7.36,0.9
1893,4,13.8,7.09,0.6
959,3,11.2,9.44,0.76
2262,3,8.5,8.05,0.56
1454,5,9.7,8.18,0.62
1486,1,10.9,6.39,0.68
1456,2,3.6,7.55,0.58
2107,3,13.5,5.89,0.69
725,3,14.1,8.1,0.96
1652,3,9.7,8.59,0.82
2486,2,12.2,9.02,1.0
928,3,9.1,8.82,0.42
1921,5,15.8,8.39,0.77
1358,2,6.0,4.53,0.58
1517,5,12.3,8.03,0.55
2958,2,11.7,7.17,0.6
644,2,9.7,4.81,0.84
2335,2,9.7,6.27,0.75
1465,1,15.5,7.25,0.66
1430,1,4.4,6.44,0.51
1021,3,6.3,5.55,0.75
2327,7,18.4,8.73,0.66
1666,1,2.4,7.59,0.67
1876,0,8.3,8.29,0.95
1680,3,13.3,6.91,0.76
500,3,7.6,7.64,0.61
1456,4,11.0,8.57,0.73
2426,3,14.2,9.36,0.75
745,4,12.4,6.28,0.52
1037,2,11.0,9.66,0.88
1501,0,11.5,9.37,0.63
1780,1,6.5,6.56,0.68
1034,0,7.8,6.03,0.56
1528,4,4.7,7.23,0.71
1766,7,19.7,9.54,0.78
2254,4,13.2,9.98,0.25
2671,3,22.2,7.08,0.78
1616,2,7.0,7.27,0.95
3121,5,5.3,9.5,0.39
1671,1,1.6,5.49,0.77
2380,2,9.9,7.44,0.63
3152,3,14.4,10.89,0.59
1897,5,14.0,9.88,0.46
838,0,11.5,6.19,0.96
1863,0,10.7,6.95,0.88
1371,3,11.8,6.97,0.53
1607,2,9.3,5.38,0.55
3189,2,15.9,7.78,0.38
944,2,5.3,6.13,0.8
2010,3,18.8,8.73,0.75
1185,2,11.8,8.35,0.78
1584,2,4.2,8.07,0.47
2321,5,13.8,10.13,0.74
2022,3,16.2,7.27,0.6
1642,3,13.9,8.02,0.44
1345,0,7.4,5.26,0.59
2021,1,15.4,6.46,0.76
2995,2,14.7,8.31,0.84
1169,6,18.6,9.34,0.42
3138,3,9.7,6.95,0.38
2639,2,8.9,8.6,0.6
2758,4,13.5,8.11,0.66
2015,4,13.4,9.48,0.5
1093,2,3.4,8.87,0.96
1332,4,12.3,7.2,0.78
2336,2,6.7,6.99,0.92
2007,7,20.0,9.73,0.63
1696,3,13.2,8.79,0.76
500,1,11.5,8.04,0.68
1495,5,3.9,7.02,0.6
978,3,13.5,7.18,0.78
2145,3,7.1,8.49,0.85
1666,3,3.4,7.29,0.59
1360,3,17.3,7.02,0.65
3650,5,22.1,10.06,0.26
2526,1,10.8,8.88,0.78
2539,2,12.6,8.15,0.52
3341,1,4.0,7.78,0.96
2361,5,10.8,9.44,0.65
1260,0,4.7,5.84,0.62
1178,4,13.2,8.22,0.72
2475,4,6.0,7.02,0.34
500,3,15.2,8.63,0.6
1745,5,16.8,9.47,0.83
500,2,10.5,5.8,0.58
1869,4,13.5,8.31,0.69
2397,3,18.3,8.37,0.66
1995,1,13.5,9.05,0.7
2456,1,14.9,8.25,0.67
3175,6,19.8,11.39,0.85
1699,4,13.7,8.95,0.59
1948,5,19.0,8.09,0.68
2464,1,11.4,6.7,0.54
1372,6,4.8,9.29,0.52
2933,4,6.1,7.27,0.64
2529,7,21.7,9.63,0.56
2830,3,1.6,8.52,0.88
1838,0,3.3,7.13,0.76
921,1,2.6,4.58,0.68
2122,2,0.0,6.72,0.6
612,4,14.6,7.52,0.69
1564,3,13.2,8.43,0.49
1933,3,8.9,8.14,0.62
3464,3,18.1,6.9,0.51
2022,1,0.0,7.73,0.79
1897,1,6.6,8.74,0.7
1755,4,9.5,7.65,0.77
860,1,18.0,9.27,0.58
1860,3,11.9,8.82,0.73
1872,2,12.3,8.58,0.55
1121,5,13.3,10.69,0.64
969,2,6.9,7.38,0.69
1462,0,11.3,6.32,0.83
1845,3,15.4,7.68,0.61
1479,3,20.6,10.35,0.63
1064,2,2.4,6.09,0.92
2002,2,4.4,8.11,0.61
2177,1,5.8,7.63,0.54
1884,1,16.5,7.91,0.64
1405,3,7.8,8.2,0.43
2216,4,19.2,10.01,0.79
1666,2,2.8,7.0,0.62
967,1,10.9,7.09,0.78
2525,5,14.4,9.48,0.62
2047,2,4.4,7.26,0.77
1716,3,13.6,8.51,0.46
700,2,8.3,9.03,0.65
1278,2,13.8,8.27,0.78
3212,1,12.7,5.94,0.85
744,4,11.3,7.94,0.72
1624,6,15.5,9.01,0.86
1788,2,17.7,7.25,0.77
2024,1,5.3,7.92,0.79
751,2,8.0,6.8,0.89
1921,3,13.7,8.48,0.75
619,2,12.7,6.36,0.86
1868,1,0.0,8.2,0.69
1343,2,7.4,5.01,0.44
1193,2,7.8,6.34,0.79
2384,3,17.9,8.32,0.63
1635,3,12.2,5.47,0.76
2131,3,3.4,5.76,0.51
2154,1,14.8,8.21,0.79
2688,2,14.7,8.9,0.67
954,0,3.0,6.36,0.81
2443,4,16.1,9.73,0.48
1811,3,10.6,6.35,0.68
1535,3,14.9,8.91,0.88
995,1,18.2,4.8,0.59
2224,2,11.1,7.83,0.71
1154,4,4.6,6.11,0.47
2162,3,7.1,6.84,0.67
3149,3,9.7,8.51,0.67
2485,2,10.0,7.06,0.6
2774,4,8.8,9.75,0.48
1296,1,8.7,8.54,0.57
2333,3,5.1,6.5,0.83
999,6,12.4,7.52,0.24
1636,2,9.2,6.97,0.63
3018,3,14.9,9.38,0.43
1374,2,1.0,8.24,0.69
2577,4,7.0,10.67,0.64
2510,2,8.9,8.2,0.7
2552,5,9.6,9.05,0.48
913,4,13.5,10.38,0.58
2167,1,16.8,6.72,1.0
1690,2,4.1,7.05,0.81
2561,1,2.2,6.65,0.69
641,2,10.0,4.45,0.65
2057,1,5.8,7.03,0.61
1958,2,9.9,8.77,0.76
500,4,17.9,5.64,0.53
1180,2,13.8,9.25,0.86
518,3,7.1,7.85,0.62
1291,4,10.7,6.4,0.61
2184,4,5.7,7.63,0.62
1936,3,2.6,8.12,0.74
1918,6,6.0,9.55,0.64
1072,2,0.8,6.92,0.91
2584,2,7.1,6.4,0.39
1786,2,11.1,6.79,0.6
1823,3,13.0,7.44,0.7
2458,3,10.9,8.85,0.65
1106,5,16.4,8.28,0.69
1959,1,0.2,7.46,0.8
2096,2,12.7,6.82,0.71
1418,0,10.1,6.44,0.79
2256,3,16.2,8.53,0.72
2133,2,10.1,6.77,0.77
1729,2,10.9,5.85,0.77
1707,2,13.3,8.07,0.6
2166,4,2.8,7.54,0.69
2351,3,12.6,6.35,0.56
1844,2,6.7,8.12,0.73
2584,1,7.0,8.76,0.62
2260,1,6.8,7.91,0.89
548,2,11.0,8.17,0.74
816,6,20.0,10.85,0.73
2627,3,14.8,9.04,0.53
1627,3,17.1,9.54,0.64
1914,6,13.5,9.54,0.35
2597,4,23.2,8.92,0.47
1795,2,18.0,8.35,0.72
1826,2,11.2,10.49,0.73
1191,6,12.7,8.42,0.65
2058,5,11.6,10.24,0.59
2210,0,0.0,5.0,0.67
1395,3,10.2,7.14,0.39
1154,1,7.9,8.1,0.73
3638,1,13.2,10.31,0.69
1734,1,0.2,6.92,0.6
1321,2,15.1,7.3,0.88
2294,3,21.0,8.84,0.77
1764,1,10.1,6.85,0.66
1039,3,7.4,7.73,0.59
2138,1,16.5,7.02,0.76
1202,6,14.4,10.67,0.7
2903,3,4.8,9.39,0.46
2146,6,14.3,7.62,0.44
1606,1,5.7,7.38,0.81
1876,2,15.1,6.31,0.54
2432,1,7.2,6.53,0.84
1930,2,6.8,7.3,0.56
3285,5,7.8,10.98,0.67
2595,2,6.9,8.94,0.67
2141,3,10.2,8.61,0.76
1144,0,11.1,7.48,0.74
1697,4,5.2,7.77,0.47
2135,2,0.0,8.92,0.58
1223,4,15.8,6.64,0.57
2705,5,10.4,10.82,0.68
1118,1,16.4,7.68,0.65
1353,4,8.9,8.62,0.46
1406,3,12.5,8.84,0.73
2320,1,6.3,5.26,0.43
1236,1,6.8,7.05,0.94
540,1,2.7,6.81,0.53
2561,1,16.1,7.51,0.67
1488,1,9.8,7.91,0.84
1052,3,13.2,7.68,0.72
1271,6,22.1,8.38,0.61
3001,3,16.4,9.16,0.89
1340,1,9.7,6.36,0.87
1713,3,6.6,6.89,0.8
1487,1,0.1,7.03,0.74
937,3,16.6,7.21,0.36
1280,4,15.7,8.6,0.57
889,1,7.5,7.7,0.75
2469,2,19.5,10.4,0.61
1870,3,2.2,8.28,0.66
3537,1,11.1,7.73,0.89
1303,3,6.0,8.0,0.64
1198,3,14.0,8.98,0.75
2873,5,16.5,9.81,0.5
2540,3,15.6,9.57,0.64
2069,4,4.5,8.17,0.34
1020,5,18.4,8.2,0.54
3021,4,11.3,9.21,0.52
1749,7,15.0,10.78,0.52
1498,5,19.1,11.44,0.74
2600,4,20.3,9.84,0.62
1784,3,11.1,9.66,0.82
984,3,7.9,8.71,0.5
1828,5,8.3,9.3,0.56
1253,2,6.0,8.38,0.69
500,2,10.6,8.15,0.98
1182,5,10.5,7.67,0.6
1430,1,14.2,4.6,0.65
991,2,12.9,6.39,0.47
2202,3,13.1,9.28,0.67
1255,2,9.9,6.41,0.86
2134,4,10.4,9.77,0.69
936,2,6.7,7.29,0.54
2436,4,6.7,8.4,0.47
906,5,7.1,8.1,0.55
500,2,8.9,4.32,0.5
2666,3,8.9,6.51,0.57
1200,6,15.8,9.17,0.61
3029,4,10.0,7.49,0.64
2195,1,8.7,7.87,0.61
2531,4,9.4,7.84,0.56
1878,2,20.0,6.33,0.55
1886,3,15.2,8.21,0.59
2696,3,8.8,9.04,0.36
1877,3,7.2,6.96,0.82
1290,2,7.0,9.45,0.66
2210,3,16.0,9.19,0.78
500,2,13.2,6.09,0.91
2723,2,7.3,7.41,0.73
2738,4,10.5,9.15,0.75
2638,2,0.0,7.65,1.0
2611,3,17.2,7.72,0.66
1741,0,6.4,6.35,0.85
1725,2,13.5,6.71,0.79
939,2,3.0,6.86,0.53
3023,3,13.6,8.74,0.81
1460,2,17.5,7.61,0.33
2037,3,11.4,6.32,0.98
1977,3,15.0,8.73,0.49
861,3,22.1,9.72,0.83
578,1,6.8,4.9,0.68
1803,3,14.2,6.89,0.57
1482,1,2.0,6.05,0.57
1737,0,11.5,7.98,0.84
2545,3,18.3,8.38,0.86
1957,0,11.2,6.07,0.68
2330,1,6.7,5.97,0.75
2111,1,15.4,6.21,0.84
1578,1,15.7,6.84,0.75
1098,0,11.7,7.82,0.71
1985,5,10.6,7.89,0.57
1858,3,9.1,6.61,0.33
2440,2,11.3,7.38,0.63
1694,4,21.5,10.24,0.75
1591,2,10.1,7.16,0.83
1639,1,9.9,6.62,0.73
1156,2,5.7,7.45,0.83
2812,5,12.9,11.22,0.75
2597,3,7.3,8.33,0.71
950,2,14.7,5.18,0.72
2362,5,13.6,9.12,0.31
508,1,11.7,5.28,0.8
2489,4,12.3,7.92,0.26
1312,1,6.6,8.05,0.73
2051,1,0.0,6.43,0.75
500,4,16.9,6.6,0.77
960,5,13.4,9.17,0.59
2128,4,13.9,7.42,0.31
1309,2,19.5,7.06,0.59
1212,1,7.3,5.47,0.9
2777,4,18.9,8.88,0.44
3347,3,5.4,8.89,0.54
1035,3,11.6,8.35,0.96
3034,3,14.8,9.89,0.63
706,0,9.2,4.95,0.92
1586,5,14.6,9.06,0.59
3146,5,10.4,10.83,0.6
2438,2,8.5,10.34,0.73
1475,5,20.9,10.89,0.47
1138,3,6.6,8.63,0.54
2501,4,11.4,8.94,0.62
1426,4,12.5,8.14,0.83
1951,0,0.2,7.68,0.72
841,3,20.2,6.96,0.52
2198,5,10.1,9.17,0.68
2142,1,3.0,7.02,1.0
930,1,5.6,8.06,0.73
2522,6,14.3,8.91,0.66
2188,4,17.8,10.1,0.81
2318,2,8.7,10.36,0.64
1534,1,11.2,8.0,0.7
1925,3,15.0,7.2,0.87
1844,2,12.1,7.15,0.62
1696,3,9.1,8.64,0.6
1919,2,18.1,8.17,0.52
2679,6,12.8,9.73,0.38
2552,3,13.5,9.77,0.79
972,1,8.3,6.35,0.89
2489,2,5.0,8.71,0.55
2633,3,8.7,8.92,0.62
1694,3,14.8,9.7,0.78
2155,3,23.9,9.53,0.5
2145,2,12.0,6.06,0.95
1205,3,13.5,6.68,0.79
1532,1,3.9,7.42,0.61
1452,4,10.0,8.73,0.54
2482,2,15.5,8.26,0.65
2713,3,8.3,6.52,0.57
2600,5,14.0,9.62,0.51
3185,3,8.6,9.25,0.67
1736,5,9.7,9.12,0.78
1924,1,13.4,10.04,0.61
2024,2,16.9,7.24,0.76
1757,1,0.2,5.14,0.92
2179,2,16.7,7.23,0.62
602,2,19.3,6.34,0.92
1943,5,5.3,7.5,0.36
835,0,0.0,5.88,0.66
1126,1,10.1,8.21,0.93
2313,4,8.4,7.93,0.62
1660,4,18.0,10.54,0.68
2288,4,16.0,8.57,0.67
1645,3,16.1,9.3,1.0
2574,3,13.1,8.76,0.6
1632,2,9.2,6.47,0.43
500,3,11.4,6.57,0.3
1957,3,6.7,10.28,0.67
500,3,17.6,8.32,0.82
783,4,15.6,8.66,0.5
1181,2,11.6,7.17,0.76
1094,7,13.3,10.04,0.42
1418,3,15.0,7.78,0.46
1070,0,10.6,7.89,0.67
815,4,14.2,8.61,0.61
2879,2,6.2,8.94,0.86
1325,1,14.2,5.1,0.83
500,2,6.6,8.84,0.65
1547,4,13.2,9.05,0.62
1012,7,9.2,8.35,0.53
2297,2,13.4,6.99,0.42
1486,4,3.7,9.73,0.57
993,3,4.3,7.6,0.55
2112,2,9.1,7.56,0.9
2604,6,17.0,9.42,0.45
2175,4,7.0,6.76,0.45
500,1,9.0,7.22,0.88
1019,2,13.8,8.52,0.37
1833,2,17.2,8.58,0.9
1628,1,14.1,8.58,0.55
1570,3,9.6,8.94,0.59
1112,2,8.5,7.24,0.68
816,3,5.2,5.64,0.59
3205,2,13.1,7.37,0.74
1818,3,9.4,6.73,0.57
2249,2,8.5,8.02,0.85
1804,4,18.7,9.59,0.64
1832,2,11.8,7.0,0.81
1756,3,8.9,6.97,0.58
1015,4,5.0,9.06,0.6
739,0,9.1,5.81,0.82
2070,3,4.9,8.14,0.65
1931,2,4.2,8.4,0.46
2456,5,13.7,9.8,0.84
2314,0,10.5,8.17,0.82
1234,2,9.2,8.03,0.95
2592,2,11.3,8.0,0.6
2335,2,17.2,9.09,0.45
2283,2,9.8,7.78,0.81
3374,2,10.0,8.48,0.97
3230,5,15.8,7.9,0.43
2282,3,20.3,9.04,0.55
2195,1,15.1,8.68,0.83
2557,2,14.3,7.84,0.71
1391,1,3.3,8.02,0.69
1401,0,13.0,8.85,0.79
2271,3,10.7,7.33,0.63
1200,6,18.1,9.33,0.77
2214,1,17.5,7.53,0.63
1909,2,11.7,7.73,0.8
1200,5,12.6,10.72,0.38
1818,0,7.3,6.72,0.7
2713,1,11.7,9.51,0.51
1857,1,4.0,6.59,0.85
1860,6,16.6,9.36,0.66
2030,1,14.1,8.23,0.91
2121,3,0.0,8.54,0.93
1568,5,12.0,8.95,0.51
2045,6,17.2,9.19,0.49
1065,3,12.2,6.72,0.34
1240,1,6.3,6.15,0.72
1330,4,12.1,8.69,0.75
2128,3,13.4,11.85,0.53
1912,2,8.2,7.22,0.56
1705,3,15.7,7.76,0.53
2283,6,17.7,7.71,0.55
2065,2,17.6,8.52,0.88
1597,2,9.5,9.2,0.81
1075,3,12.6,8.99,0.89
1226,3,16.1,8.44,0.47
773,1,9.4,5.77,0.62
1898,5,13.2,8.11,0.66
1196,5,17.8,9.26,0.47
1453,1,18.3,9.52,0.73
1710,2,16.5,7.97,0.77
2530,3,20.5,8.72,0.74
2450,1,12.6,8.24,0.71
1761,0,8.1,5.68,0.61
2685,2,8.7,7.0,0.53
500,1,17.5,8.38,0.61
3114,1,12.7,7.93,0.93
2284,3,6.0,7.76,0.88
1871,4,15.1,6.15,0.86
1176,2,4.6,5.37,0.64
1493,1,0.0,8.03,0.39
2226,2,16.4,9.34,0.66
2242,2,16.6,5.97,0.61
2267,3,15.5,11.08,0.82
1290,4,20.2,9.13,0.84
1149,2,3.0,6.33,0.46
1936,1,6.0,7.39,0.67
2338,4,10.4,7.15,0.87
1802,2,5.1,7.37,0.6
2837,1,16.1,8.83,0.74
1823,4,6.8,6.45,0.77
1799,4,9.0,9.22,0.75
2269,3,9.2,9.46,0.74
2653,2,9.8,6.78,0.64
855,1,12.5,7.6,0.82
1017,5,20.9,7.52,0.42
1580,5,15.4,8.49,0.86
1616,4,19.8,10.0,0.59
1714,3,11.6,8.42,0.65
2232,1,2.6,7.76,0.52
2483,4,11.4,9.89,0.68
1918,4,19.3,8.73,0.6
2615,2,13.2,7.3,0.87
964,2,9.8,8.13,0.73
1263,3,8.9,8.35,0.64
2613,5,13.3,7.61,0.79
1807,0,12.5,7.21,0.76
916,5,14.5,6.45,0.63
874,1,4.6,5.81,0.68
1232,5,15.8,9.36,0.53
1801,3,10.9,8.75,0.6
2127,0,1.7,8.88,0.77
1569,2,0.0,7.91,1.0
2069,4,0.0,6.39,0.57
1494,2,10.4,7.3,0.62
2656,6,18.4,10.73,0.54
3586,3,16.2,7.71,0.76
1525,5,16.2,9.82,0.53
2135,0,10.7,9.66,0.82
2078,3,16.2,8.88,0.63
1897,1,8.7,7.88,0.65
2257,3,12.8,9.7,0.67
2135,1,7.5,8.19,0.63
1470,2,13.8,7.28,0.7
1941,3,12.6,7.05,0.72
1530,3,15.2,10.87,0.6
3510,3,18.5,7.36,0.99
1718,2,9.7,6.66,0.36
1978,1,12.8,8.5,0.87
1709,5,13.7,8.68,0.61
2114,5,16.4,5.99,0.62
1208,3,15.8,6.12,0.74
2217,2,8.4,9.6,0.84
569,0,12.3,4.54,0.68
3078,3,12.2,7.72,0.53
920,3,4.8,7.8,0.89
500,4,9.6,8.14,0.48
938,2,8.7,9.24,0.81
3018,4,21.6,9.05,0.49
545,2,18.5,7.45,0.71
1130,2,5.6,6.51,0.51
779,2,6.4,6.19,0.52
1608,3,7.1,8.13,0.95
1494,4,12.3,8.15,0.73
1463,4,8.9,7.6,0.57
3099,2,1.8,6.04,0.84
960,2,2.2,5.18,0.89
1728,4,3.0,9.97,0.8
2037,6,13.1,10.77,0.55
1113,3,11.5,7.62,0.57
2140,3,11.6,9.06,0.74
1520,2,5.3,6.78,0.57
2062,6,11.8,9.29,0.44
1724,3,17.4,11.16,0.86
500,2,17.1,5.59,0.44
2714,2,18.9,10.48,0.96
3249,3,9.2,8.43,0.62
1676,3,6.7,7.95,0.84
1171,3,9.6,8.72,0.71
2854,1,15.8,8.46,0.78
3123,2,11.2,6.79,0.78
1681,3,3.4,9.67,0.61
1646,1,14.5,7.98,0.76
1744,3,17.2,6.14,0.54
627,4,13.3,8.57,0.81
1596,0,10.1,6.92,0.55
3000,6,20.6,9.99,0.78
1681,3,9.0,5.96,0.58
1071,2,21.4,10.18,0.98
2147,3,16.2,7.57,0.81
1332,0,8.4,6.96,0.71
1753,1,9.8,8.26,0.64
911,1,7.0,5.78,0.56
1074,2,10.4,7.58,0.77
2316,3,17.2,8.5,0.92
1881,3,15.8,6.9,0.55
1256,4,9.1,7.8,0.44
1883,1,13.7,6.72,0.87
1374,2,14.6,7.81,0.77
1251,1,1.8,9.74,0.83
2614,2,15.1,9.35,0.65
2348,2,14.0,7.8,0.9
1785,2,17.6,8.63,0.41
1901,5,8.6,11.56,0.69
1794,3,7.7,5.84,0.72
2140,7,14.9,8.85,0.56
1240,1,9.2,6.05,0.45
2403,1,0.0,9.86,0.82
2047,1,13.1,8.27,0.92
1615,2,4.1,6.72,0.64
1458,2,6.5,6.7,0.74
2388,3,8.0,9.24,0.69
1694,5,9.1,9.72,0.75
1310,4,15.8,8.29,0.59
1530,6,3.6,9.54,0.58
2338,3,10.1,6.47,0.48
672,2,10.8,8.51,0.46
1551,4,17.3,10.99,0.55
2549,2,15.4,8.94,0.55
1682,1,15.2,7.84,0.78
1990,5,12.5,10.33,0.39
2560,2,5.2,7.68,0.86
2424,1,7.7,8.81,0.83
1491,4,9.0,8.25,0.91
1708,3,7.9,8.34,0.61
2433,1,13.1,8.31,0.8
2457,2,14.3,7.12,0.87
1738,2,21.9,8.06,0.85
1762,5,15.8,8.24,0.62
1987,3,5.1,7.9,0.74
2756,0,6.8,8.08,1.0
2547,2,4.3,9.91,0.42
2285,6,13.8,9.44,0.73
1044,3,14.7,7.43,0.34
1607,3,12.8,9.0,0.87
1644,3,7.9,7.12,0.94
2792,2,2.3,8.06,0.66
1632,3,6.8,6.43,0.86
2677,3,8.3,6.12,0.79
1400,3,15.1,8.22,0.94
1456,0,4.9,7.13,0.85
2137,1,13.8,7.1,0.97
2897,3,7.8,9.87,0.75
1651,5,18.2,9.69,0.62
500,3,12.8,5.24,0.78
705,2,12.0,6.82,0.6
2008,6,19.3,11.41,0.75
767,1,6.1,5.74,0.59
1194,2,13.2,7.44,0.78
1808,3,21.0,9.22,0.47
500,1,3.6,5.46,0.5
1534,3,12.2,9.76,0.77
984,4,7.2,7.45,0.38
750,4,7.4,6.58,0.66
1238,0,8.7,5.23,0.24
1051,3,14.9,8.32,0.82
2128,1,16.1,6.91,0.59
2637,5,18.4,9.27,0.66
1544,2,11.6,10.2,0.74
1382,6,17.2,10.86,0.7
1510,0,8.2,7.12,0.78
1024,0,8.6,6.06,0.8
897,1,0.4,6.16,0.57
648,2,8.7,5.38,0.42
869,5,22.6,8.97,0.9
2942,3,10.7,7.77,0.55
1316,2,12.9,5.38,0.7
500,3,6.4,7.76,0.61
1389,5,14.6,10.12,0.87
686,1,2.8,5.64,0.8
1841,1,9.2,6.98,0.82
1766,1,13.6,6.07,0.6
1839,3,15.2,8.34,0.81
1771,7,10.0,8.02,0.71
1539,2,6.7,6.75,0.77
780,4,11.7,9.35,0.46
1747,1,4.7,5.64,0.75
2513,4,7.9,9.51,0.73
3069,6,9.7,9.26,0.64
1633,0,7.9,6.35,0.74
1709,5,15.5,10.18,0.45
2150,1,3.9,5.84,0.76
2845,4,11.2,11.08,0.45
1459,3,3.4,7.67,0.58
2284,3,14.6,9.71,0.49
1224,3,11.8,7.58,0.63
2030,4,8.9,8.21,0.58
2479,0,8.9,6.3,0.7
896,2,12.9,6.79,0.48
1432,1,6.7,8.86,0.95
2468,5,7.0,8.61,0.53
2231,2,7.1,7.53,0.63
2525,3,12.0,8.95,0.46
2393,3,7.8,10.72,0.5
1561,3,15.1,7.68,0.72
3339,5,20.3,9.83,0.84
1895,1,10.3,7.32,0.78
500,1,15.8,7.1,0.73
1602,7,14.2,8.93,0.65
1471,3,15.5,7.52,0.62
2356,3,14.7,9.23,0.63
1484,2,15.3,9.43,0.8
2569,1,15.8,10.95,0.69
2190,1,1.9,5.71,0.97
1099,2,10.1,7.36,0.62
1701,4,6.7,6.33,0.56
1257,2,6.7,6.03,0.51
1929,2,9.9,7.73,0.7
1252,2,19.2,7.58,0.98
1852,5,20.8,8.26,0.85
1609,3,7.5,9.73,0.73
1693,4,15.6,7.26,0.66
1547,2,4.4,5.86,0.78
500,3,18.5,9.66,0.56
2511,2,7.0,7.53,0.8
2505,2,11.9,5.98,0.83
500,2,13.0,6.93,1.0
1309,2,14.5,8.96,0.65
2105,5,17.0,6.47,0.7
2166,3,6.4,8.17,0.76
1796,5,13.8,10.73,0.56
1812,4,8.8,8.14,0.73
1142,3,12.4,9.35,0.69
500,2,12.6,5.72,0.78
3234,5,19.8,9.06,0.48
1121,0,1.2,4.6,0.54
1923,1,8.6,8.83,0.67
1688,3,20.3,9.07,0.63
2428,4,6.0,7.08,0.59
1880,3,11.0,8.31,0.52
1907,3,7.3,8.46,0.78
500,0,13.7,6.76,0.74
1216,2,12.4,7.46,0.96
2321,2,4.0,7.0,0.63
2258,4,10.6,9.21,0.79
1133,4,5.2,6.65,0.84
695,3,19.1,7.25,0.57
1888,3,18.6,10.53,0.73
500,0,10.2,6.65,0.82
995,4,4.0,8.01,0.42
3032,4,17.6,9.17,0.76
2811,4,7.0,9.95,0.68
2141,1,4.1,4.74,0.62
2015,1,8.5,7.65,0.66
500,2,13.8,7.24,0.69
1281,3,8.9,7.15,0.76
1593,5,9.3,7.66,0.58
1296,1,9.3,7.24,0.53
1554,3,13.4,8.93,0.71
2709,5,4.7,9.17,0.56
1420,1,5.4,7.16,0.73
1561,1,17.1,8.01,0.76
2317,1,11.4,9.99,0.95
806,2,18.8,7.73,0.48
1211,3,14.7,6.04,0.85
1283,2,14.6,7.79,0.84
1838,4,23.0,7.29,0.51
1558,2,8.5,7.83,0.86
1580,2,8.0,7.22,0.55
1334,1,12.7,6.88,0.79
1050,3,9.6,8.57,0.54
2226,2,2.8,8.17,0.67
1563,4,16.6,10.43,0.72
2233,6,12.7,8.83,0.6
1021,4,15.7,8.24,0.6
1334,1,15.3,7.35,0.75
1645,7,12.3,10.39,0.46
1710,2,15.1,8.2,0.68
2328,4,17.1,8.24,0.69
1498,3,20.8,8.33,0.77
2322,4,12.9,8.74,0.29
2062,1,6.6,6.68,0.83
1725,2,11.5,7.81,0.47
1134,4,19.2,9.5,0.61
2329,5,21.0,9.12,0.57
1151,0,3.0,6.93,0.44
1785,3,9.8,7.79,0.94
1762,3,12.1,7.6,0.56
1655,2,7.3,7.33,0.58
1527,2,8.3,9.35,1.0
1224,3,10.3,6.76,0.4
668,2,17.7,8.2,0.68
2782,7,13.3,10.52,0.59
1455,2,17.9,8.51,0.68
1710,0,7.8,7.17,0.53
1706,3,10.2,8.18,0.55
2566,1,10.2,7.78,0.77
3153,5,9.4,8.36,0.74
1911,3,9.6,7.68,0.89
1690,3,13.7,9.17,0.65
1013,3,4.0,7.9,0.79
789,1,4.3,5.51,0.87
558,1,15.3,6.66,0.9
500,4,13.0,8.74,0.68
2555,2,5.5,6.64,0.75
2096,1,18.6,9.26,0.78
1623,4,20.5,8.15,0.8
2576,2,7.7,6.51,0.68
1050,4,17.3,8.07,0.69
1226,1,6.6,6.45,0.76
500,1,15.3,5.98,0.53
2342,3,12.5,7.31,0.65
1232,3,7.3,8.61,0.78
1810,4,17.4,9.44,0.68
2501,6,18.0,10.06,0.36
2759,3,9.6,9.63,0.75
1779,3,6.2,7.72,0.75
2068,4,12.0,7.64,0.68
1167,4,12.8,9.7,0.84
2978,3,7.7,8.3,0.81
1683,5,8.7,9.54,0.52
1856,1,8.0,5.13,0.83
1515,1,0.0,7.06,0.91
2639,0,9.0,8.52,0.73
1939,2,8.9,5.4,0.85
2332,3,3.8,8.15,0.7
2047,2,6.4,5.57,0.52
1645,1,9.0,7.31,0.51
2450,4,9.5,10.3,0.55
2041,1,8.2,5.76,0.57
1127,1,12.6,6.55,1.0
1107,1,7.1,8.98,0.79
1904,1,15.1,7.33,0.57
2435,2,9.1,7.5,0.8
2947,5,16.7,10.07,0.42
555,2,14.5,5.63,0.52
1817,1,6.1,5.98,0.93
2142,2,18.6,9.75,0.45
2006,1,9.7,5.61,0.79
2506,2,3.8,8.25,0.58
2258,4,8.2,7.67,0.62
1110,3,7.5,9.93,0.54
1089,4,11.2,8.64,0.43
2018,6,13.2,8.25,0.3
2493,6,7.3,10.36,0.76
1900,3,11.8,5.46,1.0
695,1,15.5,4.26,0.92
1066,0,10.8,5.56,0.92
2284,3,16.2,10.07,0.59
1555,3,6.4,9.06,0.73
1882,4,8.7,9.01,0.41
2545,3,6.7,9.6,1.0
958,1,11.7,6.47,0.46
1510,0,0.0,6.2,0.84
1433,5,21.2,9.64,0.73
2048,1,0.7,7.38,0.77
2341,2,0.0,8.66,0.73
763,2,3.6,7.79,0.55
1796,1,6.8,6.8,0.45
2408,4,3.9,10.14,0.74
501,6,5.7,10.27,0.72
1754,2,14.3,7.71,0.76
948,1,5.8,7.53,0.47
1350,4,5.1,7.6,0.58
500,2,8.7,8.0,0.62
1550,4,15.0,10.32,0.6
1234,3,13.3,8.81,0.65
2029,2,14.2,8.06,0.97
1070,3,15.8,7.64,0.73
1003,2,4.7,6.0,0.46
2857,2,4.7,5.3,0.62
3066,5,11.6,11.58,0.66
1385,1,5.1,7.37,0.79
2547,5,9.8,7.93,0.85
2049,3,7.5,7.89,0.53
810,1,5.7,7.36,0.91
1150,2,10.4,6.93,0.61
2885,2,14.5,10.35,0.46
801,2,15.4,7.06,0.54
3396,2,5.8,7.63,0.71
1400,0,13.3,6.79,0.65
2906,2,17.7,9.25,0.9
1586,3,3.8,7.97,0.88
2359,0,12.1,7.87,0.9
2776,4,12.2,9.78,0.39
2772,3,3.9,7.56,0.68
1390,6,16.7,11.91,0.53
1199,3,17.2,9.35,0.64
1743,1,10.2,8.08,0.72
889,1,7.0,7.72,0.75
1967,2,10.2,9.09,0.85
1225,4,21.4,9.87,0.72
2557,4,12.5,9.4,0.67
1400,2,10.8,7.96,0.69
580,3,8.4,7.69,0.32
2780,1,16.2,7.09,0.83
1928,5,6.2,8.25,0.54
1820,3,15.8,10.72,0.5
2566,5,6.6,8.8,0.79
2410,2,12.0,8.77,0.65
1266,1,7.0,4.67,0.89
1485,4,6.5,7.5,0.72
1020,6,22.8,9.21,0.36
774,2,9.8,8.04,0.62
2205,4,4.1,8.01,0.4
2074,4,11.8,9.87,0.53
2332,2,0.0,7.49,1.0
2697,4,9.0,9.94,0.66
2342,3,16.2,7.94,0.46
2404,4,10.4,9.78,0.6
500,2,4.4,6.52,0.7
1585,3,8.6,8.8,0.39
2475,4,15.7,6.58,0.6
982,4,17.0,7.37,0.53
1864,3,10.9,10.04,0.59
2163,1,5.9,4.41,0.79
2109,5,15.1,8.45,0.54
2058,1,3.9,7.83,0.83
2219,5,16.2,9.49,0.62
1926,0,2.4,6.52,1.0
775,4,7.5,7.43,0.62
2154,3,12.9,7.32,0.72
1999,0,11.9,7.95,0.64
785,1,6.6,6.64,0.56
2765,2,17.4,9.51,0.8
2173,1,14.0,5.81,0.87
833,5,12.5,9.44,0.77
1227,2,7.7,5.99,0.75
1405,3,12.3,5.26,0.63
1404,1,4.3,5.59,0.74
2005,5,23.6,10.63,0.62
1116,5,15.9,8.28,0.38
2589,1,16.4,6.17,0.85
2532,5,9.7,9.65,0.44
2233,2,18.3,8.55,0.79
1830,2,10.2,8.66,0.38
2456,3,16.9,8.6,0.83
1606,1,14.5,7.69,0.61
1292,2,17.4,7.27,0.68
2633,2,14.5,7.85,0.59
2022,2,9.7,8.81,0.87
1321,0,10.8,7.29,0.69
1507,3,9.5,8.14,0.62
1284,3,10.4,7.02,0.76
3215,7,17.8,9.6,0.37
1802,5,5.4,8.61,0.54
1910,4,18.1,7.68,0.81
2304,1,6.1,9.04,0.92
949,5,7.1,8.22,0.66
2567,2,8.7,9.75,0.67
1374,3,16.3,9.79,0.74
3081,1,9.0,8.37,0.78
1581,4,4.5,7.06,0.55
2526,2,19.3,5.55,0.65
500,0,6.3,7.33,0.55
977,2,2.9,8.15,0.81
1594,0,3.0,7.88,0.94
500,2,1.3,6.46,0.67
2220,3,15.8,7.1,0.72
2019,4,6.8,7.27,0.87
1106,2,5.1,7.75,0.64
1788,3,24.6,9.84,0.77
2364,2,8.3,8.75,0.75
500,2,7.6,8.37,0.49
908,2,12.4,8.48,0.92
1565,5,3.9,8.76,0.55
1816,2,16.6,8.8,0.46
1758,3,10.1,8.24,0.72
2422,3,14.4,7.49,0.24
2134,2,10.2,7.48,0.38
2287,1,13.1,7.1,0.73
827,0,5.1,5.62,0.82
1901,2,11.6,10.87,0.69
1585,2,20.4,7.76,0.62
2823,4,3.9,8.25,0.71
1922,2,24.0,7.52,0.84
1331,2,15.4,8.43,0.7
2396,0,6.3,7.27,0.79
2194,5,6.7,8.25,0.41
1224,0,0.0,5.65,0.56
1556,1,3.0,7.99,0.87
1567,6,17.3,8.29,0.66
2659,3,9.4,7.78,0.8
1942,1,11.0,7.6,0.64
2308,4,16.3,9.3,0.6
1454,1,11.0,7.86,0.98
2034,4,5.1,7.34,0.66
2712,4,13.5,6.68,0.76
1547,3,12.1,7.92,0.65
1880,5,6.6,8.06,0.8
845,1,0.0,5.52,0.96
1264,3,12.3,8.14,0.94
1565,3,12.1,4.8,0.83
1057,0,6.5,5.83,0.56
2725,3,8.0,8.75,0.52
1213,2,0.0,6.98,0.81
2350,2,10.7,6.91,0.29
1930,1,10.6,9.27,0.72
1821,3,10.9,8.76,0.6
2840,3,17.3,9.45,0.74
500,3,7.1,8.49,0.56
1662,2,10.4,7.63,0.86
1043,0,10.3,7.35,0.96
500,1,13.1,6.53,0.51
963,2,6.6,7.06,0.44
1812,2,9.6,7.89,0.5
1292,3,14.6,8.87,0.5
2427,1,7.6,6.36,0.38
1650,2,17.7,5.76,0.86
1572,3,5.0,6.69,0.8
1575,2,11.2,7.56,0.63
1731,5,14.9,10.0,0.58
1507,3,5.2,9.49,0.46
1204,3,11.7,9.45,0.63
1363,2,8.6,7.45,0.53
1531,6,9.0,9.32,0.56
2100,2,7.4,8.53,0.7
2023,3,16.3,8.78,0.6
1174,2,12.0,6.6,0.83
2176,0,7.9,7.79,0.84
1924,4,16.0,10.16,0.59
1498,3,5.9,9.42,0.7
1515,3,4.7,7.61,0.68
937,3,12.8,5.78,0.56
1772,3,4.3,8.11,0.6
2424,5,17.1,11.14,0.54
2413,3,11.5,7.94,0.81
1533,0,3.0,8.09,0.92
2544,2,9.3,6.07,0.53
3134,2,13.3,6.88,0.7
2284,0,2.9,5.88,0.75
500,0,19.8,6.6,0.92
919,3,14.6,7.13,0.64
1863,5,13.9,8.73,0.68
1095,3,1.7,7.77,0.73
3227,2,5.6,9.44,0.83
2218,4,15.7,8.53,0.66
2476,4,1.1,10.3,0.56
1779,3,16.8,7.28,0.75
1097,4,5.2,7.28,0.6
1436,4,17.1,10.15,0.72
1978,4,20.8,6.59,0.59
1353,1,13.7,7.64,0.73
2269,2,7.6,6.18,0.78
2297,5,16.0,8.34,0.31
1803,3,15.4,6.86,0.43
522,1,8.0,5.32,0.59
3000,4,10.0,8.3,0.52
1651,7,21.3,9.75,0.58
2256,2,5.5,7.94,0.9
1653,4,7.3,7.6,0.53
2113,3,13.0,8.85,0.72
500,3,8.9,7.93,0.54
2518,3,15.0,9.1,0.74
500,2,5.7,7.07,0.77
1598,3,7.9,7.33,0.61
1726,4,6.3,7.93,0.75
2412,2,13.3,9.4,0.67
3274,1,10.1,7.95,0.83
2068,4,15.6,8.42,0.46
3299,5,24.4,9.17,0.38
1919,0,7.4,7.83,0.73
2115,4,12.6,9.67,0.83
2029,7,18.1,10.87,0.45
2654,2,4.1,6.59,0.67
1504,1,3.2,7.24,0.37
2372,2,8.8,7.64,0.79
938,2,2.2,7.45,0.75
1600,5,15.7,10.28,0.87
1354,1,9.9,5.09,0.59
1861,3,6.5,7.74,0.55
1578,3,4.8,8.86,0.84
1184,1,13.7,6.5,0.84
588,2,3.5,5.49,0.5
2495,1,5.4,9.78,0.46
1121,1,10.1,7.18,0.62
2078,6,19.7,8.35,0.66
1593,4,9.8,9.32,0.66
2376,2,19.6,7.04,1.0
1638,2,10.5,8.3,0.59
3128,2,6.7,8.45,0.69
1579,1,8.9,7.94,0.71
1483,5,18.6,9.8,0.36
1044,2,11.4,8.58,0.92
1761,1,3.8,5.89,0.9
1815,1,8.3,5.85,0.81
1798,3,0.0,6.32,0.34
582,3,16.1,5.85,0.78
2147,0,9.7,9.87,0.75
1120,2,12.1,6.89,0.79
2805,3,6.2,6.65,0.85
780,2,1.5,8.05,0.85
1841,1,5.8,5.79,0.8
500,4,8.5,7.44,0.69
500,2,8.0,7.82,0.66
1212,0,12.3,6.26,0.62
1311,2,12.6,8.12,0.67
2826,0,19.5,7.5,0.46
1771,4,7.1,7.62,0.46
2704,3,13.0,8.75,0.64
1534,3,12.1,7.45,0.3
2224,5,19.4,10.18,0.31
1292,2,18.4,7.26,0.49
1244,0,0.0,4.68,0.72
525,3,14.4,9.13,0.75
2035,3,19.8,9.3,0.64
1983,3,8.5,6.88,0.47
2344,1,10.6,6.06,0.81
1950,3,12.5,8.73,0.97
3218,3,2.0,8.54,0.46
1923,2,14.3,8.79,0.5
2494,0,15.2,4.21,0.77
1573,2,17.1,7.67,1.0
1164,3,11.8,9.92,0.63
2302,1,12.5,5.76,0.83
1737,1,18.9,6.09,0.52
2382,1,8.1,8.54,0.86
2047,3,5.9,9.59,0.83
1244,1,10.0,7.0,0.62
2552,3,8.3,9.08,0.42
1190,2,13.3,6.74,0.95
2237,5,24.7,10.21,0.52
2697,4,17.9,10.27,0.63
1530,7,18.9,8.66,0.52
2609,5,17.7,7.84,0.59
2078,2,5.9,6.93,0.66
2396,5,15.2,10.26,0.61
1214,2,5.5,8.1,0.58
1950,3,7.3,6.23,0.62
814,5,14.5,10.7,0.68
2997,3,2.9,9.4,0.65
500,4,2.9,7.54,0.7
1551,2,21.7,6.73,0.75
1147,1,9.5,7.7,0.86
2272,3,13.9,7.31,0.71
3146,2,14.9,7.89,0.49
2258,2,11.6,7.57,0.6
835,1,10.8,7.59,0.97
889,3,17.0,7.66,0.73
1174,2,13.9,8.06,0.73
1884,0,11.6,4.81,0.58
1081,4,16.1,9.99,0.49
1273,6,9.0,10.55,0.62
2234,0,6.5,7.48,0.47
932,1,7.0,7.23,1.0
1006,1,13.5,6.92,0.98
1521,1,14.5,7.76,0.81
1586,1,12.2,6.5,0.81
2507,4,7.1,8.5,0.95
1169,1,8.4,7.08,0.94
1295,4,8.2,6.21,0.65
2207,4,16.5,10.76,0.67
2360,3,17.9,9.05,0.82
2800,3,8.2,9.31,0.78
2128,3,13.2,8.36,0.69
1891,4,16.5,9.57,0.93
2202,3,10.8,6.62,0.44
1612,4,14.7,10.07,0.66
1607,1,13.5,5.38,0.87
558,1,6.7,5.71,0.45
2425,3,12.1,9.62,0.59
1948,2,10.0,9.73,0.65
2343,5,22.4,11.85,0.49
500,2,4.1,7.93,1.0
1767,6,10.5,9.75,0.54
1200,2,13.5,10.47,0.77
2850,1,3.6,7.88,0.99
2229,5,12.7,8.49,0.55
1963,3,9.1,7.45,0.68
1497,2,19.5,7.16,0.47
2078,1,12.1,7.63,0.48
1150,4,7.8,8.77,0.33
1730,0,13.2,5.84,0.83
1395,2,15.4,6.4,0.73
3386,2,7.2,8.09,0.67
2828,5,13.0,9.84,0.53
2544,1,16.2,7.73,0.48
756,1,9.7,5.95,0.6
2404,5,0.0,8.31,0.35
1931,3,1.9,7.92,0.82
2656,5,0.6,7.66,0.48
2025,3,10.2,9.0,0.84
1795,3,12.0,9.32,0.74
1963,1,12.4,6.68,0.83
536,3,13.9,5.09,0.65
1262,2,5.8,7.82,0.78
2061,5,14.2,8.29,0.48
2597,1,9.3,9.26,0.57
1414,2,8.4,8.52,0.68
1771,6,24.4,7.78,0.61
679,3,5.9,7.19,0.67
2821,1,10.6,8.07,0.6
2579,6,10.1,8.89,0.57
2256,2,3.1,8.57,0.86
2084,3,5.1,5.6,0.58
2886,2,11.5,7.64,0.58
1236,2,2.9,6.87,0.88
1160,1,2.8,8.98,0.82
2543,5,18.4,9.64,0.35
2496,6,16.5,8.94,0.5
964,6,20.5,10.62,0.69
1428,4,11.0,6.65,0.85
2982,3,12.7,7.72,0.49
2088,2,10.3,8.44,0.58
2351,3,10.6,8.91,0.57
988,0,11.0,5.26,0.57
2259,2,4.4,9.05,0.91
806,0,5.4,6.21,0.63
500,4,20.2,10.89,0.47
2308,0,4.9,7.46,0.93
2804,3,20.7,9.24,0.64
1622,4,11.9,10.35,0.51
1417,1,14.4,7.25,0.76
2997,7,14.8,10.23,0.58
1663,6,7.6,7.7,0.29
1753,1,12.8,7.8,0.64
2985,4,11.6,10.54,0.68
1552,4,20.8,6.91,0.62
1342,1,12.3,6.89,0.73
2370,4,10.7,7.63,0.71
1301,2,14.7,8.7,0.71
1698,2,2.2,8.39,0.58
876,3,12.4,8.3,0.75
1929,3,16.4,6.09,0.86
1847,2,8.2,5.94,0.8
2477,3,9.1,7.22,0.81
2400,4,3.5,7.23,0.5
2186,4,20.0,8.44,0.59
2075,7,16.5,10.7,0.52
1748,1,11.0,7.63,0.65
2226,4,15.6,7.75,0.9
1021,2,12.9,6.75,0.59
500,1,12.6,7.55,0.64
2613,6,20.7,9.96,0.51
2271,3,14.2,8.28,0.82
1711,3,6.3,8.84,0.66
2552,4,8.8,7.42,0.5
1287,1,6.7,8.35,0.7
1306,0,4.3,6.75,0.73
1209,3,15.1,8.49,0.43
2197,4,11.0,7.22,0.65
691,4,16.5,9.08,0.67
1263,1,4.9,7.22,0.49
2002,2,18.9,7.43,0.71
957,5,10.7,7.97,0.75
1337,3,9.9,6.83,0.55
500,2,16.3,5.8,0.74
2224,7,17.4,8.69,0.77
1318,5,12.2,6.93,0.85
1030,2,10.0,6.72,0.79
893,6,15.9,9.22,0.8
1507,2,8.0,7.65,0.84
693,4,8.9,8.83,0.4
3159,1,10.1,5.9,0.73
500,3,3.0,8.04,0.69
1484,1,0.0,8.13,0.81
1874,4,7.7,8.82,0.43
1257,4,15.3,9.57,0.67
1948,3,11.0,6.84,0.43
1240,1,18.9,7.82,0.82
2871,6,23.8,11.98,0.38
1016,0,3.2,8.19,0.53
500,2,3.6,7.31,0.56
891,2,4.4,6.87,0.55
2070,1,15.7,7.6,0.54
1717,1,17.1,7.33,0.78
2326,1,14.7,7.74,0.78
2151,5,14.3,9.56,0.56
1354,2,9.6,7.49,0.65
1457,1,9.3,6.67,0.47
1530,0,7.7,6.73,0.76
3119,6,12.4,9.22,0.62
2283,5,16.1,10.25,0.63
3124,2,5.2,7.3,0.63
2388,3,13.1,7.03,0.85
1755,3,11.4,6.84,0.58
1086,4,18.5,9.28,0.62
1941,1,14.3,6.1,0.76
1757,1,5.5,7.18,0.6
1734,2,7.5,8.9,0.74
1653,5,19.9,9.31,0.46
500,7,17.8,10.97,0.61
2682,2,14.1,8.19,0.65
1764,1,8.2,4.8,0.29
810,4,4.6,7.32,0.77
2137,4,17.0,9.72,0.57
1200,2,9.9,8.82,0.85
2193,3,16.4,8.72,0.67
2417,5,15.6,9.91,1.0
1687,1,17.1,8.24,0.86
1510,4,7.8,6.02,0.71
1362,1,5.7,5.25,0.58
1294,2,12.3,7.48,0.53
1787,2,12.6,8.01,0.87
1653,1,3.1,9.38,0.5
1222,4,16.5,10.13,0.73
999,1,12.8,6.23,0.88
1723,6,11.8,9.53,0.68
1496,1,17.4,7.26,0.49
1001,2,6.1,9.89,0.58
2381,2,16.5,6.52,0.53
3040,3,7.6,8.81,0.81
2473,2,17.9,7.52,0.79
1295,2,0.0,6.01,0.58
1764,1,15.4,9.02,0.58
2878,3,20.2,7.53,0.85
978,3,15.0,7.22,0.71
2347,5,8.4,9.54,0.83
786,0,9.5,7.77,0.67
2978,4,6.7,10.43,0.56
1498,2,10.8,9.41,0.66
3360,1,9.6,8.87,0.83
3009,3,14.1,7.83,0.81
1725,2,9.0,9.05,0.77
1296,3,3.8,7.45,0.68
1936,2,12.3,10.55,0.76
1673,3,8.9,9.0,0.67
1518,5,6.3,9.08,0.56
639,2,10.1,7.14,1.0
1439,2,14.2,6.48,0.9
1022,2,13.1,7.11,0.79
2186,5,12.6,10.84,0.58
2493,3,12.3,8.54,0.48
2318,3,16.3,8.38,0.66
2039,1,1.5,6.1,0.55
1202,0,10.0,7.6,0.84
1943,3,7.4,9.06,0.72
2354,1,9.8,7.35,0.82
1389,4,23.3,10.44,0.72
1883,4,22.0,9.46,0.46
1698,2,9.6,4.82,0.75
2963,1,14.2,9.91,0.85
2396,2,5.0,8.8,0.75
2226,3,13.4,7.13,0.64
598,0,6.1,5.15,0.61
1920,4,16.1,10.81,0.43
1691,4,8.1,6.17,0.43
1685,3,12.5,8.43,0.88
705,4,17.5,7.56,0.5
1038,4,3.2,9.49,0.76
1752,3,19.5,6.05,0.71
2580,2,8.1,7.95,0.54
1386,3,2.5,8.2,0.57
1520,2,13.4,6.94,0.52
3046,6,9.5,9.26,0.61
1592,2,3.0,9.58,0.64
1709,1,2.3,7.18,0.71
1719,3,12.9,9.52,0.47
858,2,10.7,6.48,1.0
2200,5,14.7,10.23,0.41
1342,3,10.5,7.96,0.68
1778,6,12.1,10.34,0.44
2111,3,14.9,6.48,0.79
3159,3,12.6,7.19,0.78
877,2,1.2,6.73,0.81
2405,2,8.2,8.94,0.56
2408,5,6.4,9.02,0.57
1353,1,11.4,6.44,0.67
2219,1,12.3,7.4,0.71
2950,4,4.8,9.58,0.6
1264,3,9.1,7.22,0.43
1969,1,6.3,8.94,0.71
2083,3,12.2,5.97,0.62
2173,1,16.0,7.56,0.7
2338,1,6.5,7.63,0.54
1916,5,21.3,8.44,0.3
2159,3,11.1,7.69,0.57
1161,0,3.0,7.18,0.52
1914,1,8.3,5.45,0.57
1466,1,13.2,6.86,0.79
939,2,3.4,6.9,0.78
1443,4,15.8,9.18,0.52
1988,3,6.5,8.09,0.64
2105,2,15.2,7.93,0.38
912,1,12.1,5.13,0.72
1143,5,11.1,7.47,0.68
2307,7,19.4,11.47,0.33
2155,2,14.3,8.63,0.41
2420,3,10.3,7.54,0.92
2757,2,7.6,9.65,0.77
2176,2,11.3,9.08,0.88
1509,5,9.9,7.7,0.79
1880,4,15.9,8.54,0.55
2961,2,15.0,6.72,0.4
2124,3,8.4,9.7,0.88
2174,4,13.6,9.57,0.56
2307,3,5.2,7.25,0.75
1816,4,13.4,9.93,0.57
2614,1,16.6,8.02,0.93
2505,0,10.1,7.92,0.75
2048,3,5.4,7.23,0.36
1577,3,15.0,6.2,0.34
735,1,4.5,5.27,0.65
2312,5,10.7,6.97,0.44
1949,3,7.5,9.21,0.45
1283,1,6.7,8.71,0.76
1009,4,10.7,8.59,0.48
2263,1,5.6,6.85,0.56
679,2,7.9,8.36,0.86
2009,3,14.2,8.61,0.71
2390,7,17.4,9.61,0.46
2184,1,8.3,7.67,0.73
1526,3,11.5,7.24,0.7
925,0,17.7,7.64,0.68
2210,1,4.5,4.73,0.64
2640,1,10.0,7.76,1.0
1399,0,5.9,7.2,0.72
2154,7,14.2,10.35,0.73
2907,4,6.7,9.0,0.58
2037,2,7.7,4.99,0.71
1522,2,11.3,6.17,0.6
2528,1,5.0,8.6,0.69
1283,1,0.7,5.18,0.76
891,4,15.9,10.49,0.96
2368,7,10.6,10.18,0.67
1515,0,17.5,8.72,0.89
1578,2,16.0,6.79,0.48
1361,2,14.8,5.78,0.61
1469,3,12.4,7.83,0.46
2782,5,12.7,8.43,0.81
2963,6,20.2,11.37,0.47
3056,2,13.3,9.88,0.67
2563,3,10.4,11.2,0.6
2126,0,0.6,8.5,0.48
797,3,8.9,7.15,0.72
1668,2,18.3,9.35,0.77
3309,3,20.2,10.11,0.46
1495,4,13.3,8.79,0.78
2859,0,5.7,5.2,0.88
1838,3,10.8,7.98,0.59
500,2,12.1,8.36,0.57
2248,4,10.8,7.11,0.63
2686,3,6.3,8.75,0.62
1765,6,15.7,8.31,0.69
2663,3,10.4,9.41,0.44
632,1,12.7,5.82,0.56
830,0,1.7,6.17,0.92
1943,5,15.2,10.89,0.76
2133,1,15.4,8.28,0.71
2749,3,8.7,10.19,0.51
2247,1,5.5,6.45,0.52
964,3,11.4,9.19,0.64
1949,3,11.2,6.73,0.51
2220,3,11.5,9.82,0.63
500,2,8.5,8.43,0.67
1769,1,7.1,6.45,0.82
1565,3,18.2,8.73,0.6
1341,1,4.0,4.62,0.91
2149,2,14.2,7.99,0.68
995,5,19.0,10.2,0.79
2091,6,10.9,9.31,0.75
2191,5,10.0,10.38,0.56
2558,4,12.4,9.53,0.63
1013,1,9.7,6.87,0.67
746,4,9.4,6.78,0.71
1995,5,11.5,9.5,0.65
1599,2,7.2,6.49,0.69
2120,4,15.8,8.1,0.63
1840,1,9.0,9.21,0.9
1679,4,9.4,7.59,0.75
947,6,16.8,8.84,0.76
2194,3,20.0,10.75,0.61
1744,1,6.5,7.51,0.61
1745,1,8.1,9.3,0.56
1866,2,7.8,7.23,0.66
1954,4,18.2,10.12,0.65
582,2,10.2,6.79,0.72
2385,4,2.7,9.12,0.58
1207,3,8.4,9.4,0.62
1703,3,8.9,7.57,0.6
2700,3,13.2,7.19,0.91
3045,1,9.4,9.16,0.76
609,2,6.2,6.34,0.52
1821,5,13.4,8.93,0.34
1991,5,13.2,9.14,0.5
744,2,13.6,6.91,0.73
2361,7,17.2,7.96,0.46
1881,0,3.6,8.29,0.64
1935,4,6.4,7.92,0.6
1157,2,9.6,7.62,0.79
2089,3,4.1,8.9,0.81
2386,3,14.2,8.06,0.66
1889,2,12.9,6.13,0.85
1440,5,21.8,9.18,0.51
1494,5,16.4,8.37,0.63
1954,3,12.1,6.13,0.6
1834,1,5.4,8.36,0.7
2433,3,8.8,6.62,0.57
1463,6,14.9,8.75,0.59
947,2,6.5,7.63,0.85
2051,2,0.3,4.88,0.56
1465,1,12.9,6.0,0.75
2348,1,7.3,5.86,0.6
2258,0,8.1,7.92,1.0
1089,5,20.5,10.23,0.6
1900,1,0.0,6.18,0.81
1310,2,7.6,7.27,0.62
945,1,12.6,8.17,0.67
1197,1,12.6,6.44,0.45
1418,1,4.3,8.5,0.69
2671,2,13.1,7.56,0.85
1400,3,2.9,8.8,0.67
909,3,15.5,9.52,0.59
1892,4,9.9,9.74,0.76
1820,6,22.6,10.92,0.39
1455,3,16.6,9.65,0.81
1687,2,14.8,8.38,0.53
2483,3,15.4,7.21,0.52
2269,2,4.9,6.72,0.7
2208,1,8.3,6.55,0.83
971,4,15.4,8.0,0.54
2535,5,13.2,10.89,1.0
2161,2,0.0,5.24,0.73
984,5,13.6,7.71,0.49
2463,5,10.0,7.57,0.77
1449,3,10.2,6.17,0.76
1664,3,17.5,8.71,0.85
623,2,18.0,6.09,0.64
930,1,0.0,6.52,1.0
2106,2,4.9,8.9,0.7
2504,3,15.6,8.49,0.6
2255,4,12.6,9.41,0.47
1754,7,14.8,10.34,0.57
1515,2,13.3,9.87,0.7
2002,1,1.6,6.15,0.63
2374,4,19.5,7.94,0.57
2647,2,6.9,7.46,0.69
1649,1,4.2,6.66,0.47
1113,3,17.6,8.16,0.42
1792,3,4.0,9.76,0.79
1874,6,19.4,9.58,0.7
1742,5,15.0,6.9,0.58
2696,3,11.2,8.33,0.61
2363,3,9.7,9.98,0.78
798,4,11.9,7.72,0.54
2874,1,8.9,8.83,0.62
500,1,14.2,8.5,0.58
3305,2,12.1,7.15,0.84
1598,3,13.3,7.4,0.8
1667,1,11.2,7.02,0.88
1757,2,8.8,7.31,0.95
2069,3,11.4,9.1,0.87
1799,3,15.2,7.85,0.66
1706,6,16.1,8.68,0.6
2716,1,16.8,7.76,0.49
2195,2,13.5,6.47,0.63
1128,2,3.2,5.85,0.69
2318,1,17.0,8.91,0.67
2166,3,17.4,8.27,0.8
1418,3,5.2,8.74,0.64
2354,4,19.8,8.84,0.46
1689,3,13.3,9.19,0.64
1644,2,2.9,8.53,0.63
1625,1,12.3,6.99,0.73
500,4,11.7,10.11,0.59
1431,0,5.0,7.27,0.77
2299,2,5.5,7.96,0.78
1784,5,14.8,9.17,0.71
900,2,15.0,7.52,0.67
2475,3,16.2,8.94,0.57
1590,4,12.9,7.87,0.83
944,4,12.7,4.62,0.49
3344,4,15.7,10.6,0.75
1062,1,14.7,7.59,0.41
2415,6,12.7,10.36,0.37
1261,4,6.9,8.03,0.51
1895,4,10.2,6.54,0.6
1168,2,0.0,6.24,0.75
932,1,4.5,8.14,0.73
2165,1,13.6,6.23,0.73
2083,2,8.9,10.38,0.79
2601,2,14.3,6.19,0.98
1775,3,17.4,9.33,1.0
3354,6,17.6,10.62,0.43
1987,5,22.7,9.76,0.54
2196,4,20.0,9.24,0.43
849,4,19.1,8.19,0.79
1370,2,13.9,8.76,0.58
2163,4,19.7,7.98,0.79
1741,4,12.7,9.16,0.66
1931,2,18.4,7.51,0.79
1228,3,14.5,8.47,0.82
1885,1,6.8,6.6,0.79
1882,4,12.1,9.32,0.31
973,7,12.0,8.01,0.41
2249,3,11.1,8.04,0.87
609,3,8.5,7.3,0.72
3035,4,18.9,10.1,0.61
2276,5,10.1,9.01,0.86
2272,1,11.1,8.15,0.98
1171,3,7.4,6.92,0.75
3038,5,14.5,11.19,0.62
2763,6,8.1,10.23,0.54
1209,2,2.3,7.95,0.68
1467,2,14.9,8.05,0.69
2678,4,8.1,9.54,0.75
3057,2,14.5,9.0,0.74
914,3,19.1,7.75,0.43
1097,3,5.5,9.71,0.78
1699,2,13.4,7.53,0.57
500,1,4.3,7.07,0.56
1813,4,19.2,8.47,0.64
2630,3,15.5,8.28,0.94
792,1,10.5,5.46,0.95
1888,2,19.5,8.87,0.87
1392,6,19.8,8.02,0.35
2947,4,13.0,8.73,0.74
1401,3,15.5,6.95,0.61
2863,3,14.0,10.81,0.58
1381,1,7.6,7.47,0.56
2339,2,13.8,9.87,0.35
1976,2,16.9,8.56,0.75
1703,3,9.4,7.93,0.65
1246,0,14.7,8.53,0.76
2026,1,10.3,8.17,0.69
1491,2,0.0,7.61,0.67
1317,4,8.3,7.06,0.63
2830,3,13.9,9.69,0.67
2183,1,12.0,7.15,1.0
2250,2,13.8,6.35,0.72
1525,1,8.1,8.64,0.76
1669,1,20.8,6.45,0.59
1625,0,13.7,6.39,0.86
2036,5,17.9,9.2,0.42
2249,1,9.0,5.24,0.77
1778,2,1.8,7.06,0.89
1245,6,24.3,11.13,0.7
2332,0,5.7,7.21,0.68
1823,2,11.8,8.29,0.6
791,2,16.2,4.57,0.9
500,3,13.0,6.87,0.64
2008,4,17.3,6.94,0.7
1219,4,6.7,5.13,0.73
2101,1,6.4,7.6,0.73
1257,2,13.4,7.67,0.63
1893,2,10.6,7.48,0.76
1535,2,11.3,5.75,0.64
3026,6,9.4,9.54,0.64
2465,4,18.5,8.34,0.66
2743,2,12.2,8.26,0.72
1816,1,12.3,7.59,0.94
2375,1,7.4,6.92,0.62
1864,2,15.1,8.87,0.72
2828,7,11.2,10.39,0.46
1749,1,11.1,8.6,0.74
821,2,7.1,4.8,0.86
500,2,4.0,6.06,0.7
2967,3,7.0,10.15,0.65
2134,2,11.7,7.2,0.46
2180,3,16.3,8.95,0.63
2842,5,7.4,10.58,0.53
1548,2,9.9,8.02,0.63
1634,1,8.8,8.27,0.75
2319,4,9.9,7.86,0.72
1315,1,5.3,4.62,0.96
959,5,10.1,8.56,0.62
952,4,20.3,8.06,1.0
2604,0,9.4,7.24,0.68
1280,3,7.0,6.73,0.59
1413,0,11.5,9.19,1.0
2244,3,15.6,6.51,0.53
1310,4,20.2,8.21,0.6
606,1,0.0,4.39,0.72
692,2,14.8,9.97,0.71
1760,6,23.0,9.27,0.45
2148,4,10.0,10.67,0.66
1658,3,25.1,10.57,0.88
2101,3,13.9,8.21,0.78
671,0,3.4,7.22,0.83
718,3,11.2,8.52,0.71
3377,6,16.6,11.33,0.31
2662,0,12.2,7.17,0.58
2338,1,0.0,7.31,0.94
1338,0,11.5,8.63,0.74
1633,4,16.2,8.4,0.74
1798,0,4.1,6.71,0.77
2720,4,18.5,8.89,0.43
2081,4,10.8,7.28,0.65
2168,4,10.6,9.24,0.65
1682,4,18.0,6.23,0.74
2354,6,12.9,11.15,0.86
2011,3,14.2,6.87,0.89
1830,2,10.5,6.98,0.75
1279,6,19.0,9.62,0.56
1720,3,11.6,7.68,0.63
1044,1,5.5,7.21,0.63
1771,4,6.5,8.97,0.88
1862,1,9.2,5.69,1.0
500,4,13.6,7.99,0.82
1638,2,15.0,6.88,0.72
976,4,16.5,9.55,0.45
2149,4,13.0,11.04,0.57
2246,2,7.8,8.18,0.93
1501,3,6.3,5.28,0.56
2184,3,9.4,8.41,0.51
2213,2,13.7,6.46,0.56
1639,5,20.1,9.21,0.45
2874,2,0.2,8.9,0.64
1292,1,6.5,5.23,0.72
2829,3,5.8,9.01,0.7
1642,2,14.7,8.74,0.72
1209,5,15.0,7.82,0.65
1030,4,4.3,8.86,0.65
2349,0,7.8,6.49,0.73
678,0,0.5,5.83,0.68
2772,3,14.8,9.64,1.0
1144,3,10.7,8.72,0.62
2385,5,16.4,7.98,0.6
1816,0,20.2,7.46,0.75
1989,5,10.0,8.02,0.86
1386,2,9.9,8.05,0.71
2046,3,4.8,9.06,0.87
1894,1,9.6,7.78,0.71
779,2,4.5,7.47,0.54
1126,2,4.4,6.18,0.85
1421,4,12.6,7.94,0.5
1271,5,15.0,10.77,0.83
2676,1,0.0,7.46,0.66
1804,3,5.8,8.51,0.66
1254,6,7.5,9.45,0.56
1456,2,10.8,7.89,0.58
1446,4,8.9,7.6,0.93
1598,6,20.5,9.33,0.54
1047,1,10.1,7.22,0.49
1230,2,15.2,5.71,0.8
2336,4,14.6,9.19,0.39
1929,3,21.6,7.91,0.62
1693,3,9.8,8.85,0.52
1801,4,5.7,9.58,0.63
1768,0,1.7,8.83,1.0
1653,1,13.4,10.62,0.78
2161,2,10.1,8.97,0.48
2110,4,13.3,8.04,0.43
699,0,12.1,6.85,0.84
1707,1,14.7,4.93,0.86
745,1,1.5,7.34,0.63
2244,2,3.0,6.0,0.81
2337,3,10.4,9.68,0.46
1372,1,6.9,8.17,0.82
1718,1,7.0,5.6,0.9
500,4,14.7,8.24,0.78
2480,3,6.7,5.95,0.76
2296,2,12.3,6.35,0.41
2605,2,12.1,8.5,0.62
2840,5,3.6,11.11,0.55
943,2,6.4,5.53,0.64
2421,4,4.0,10.59,0.46
2835,2,6.1,8.78,1.0
753,3,14.0,7.75,0.51
1680,2,5.3,5.41,0.51
1545,3,12.4,6.48,0.56
2398,2,9.1,8.18,0.88
500,2,4.3,5.61,0.66
3071,3,11.1,7.66,0.88
1721,3,8.8,7.38,0.58
2441,6,15.8,7.87,0.57
1757,1,2.4,6.42,0.79
2144,0,7.5,5.7,0.6
500,6,16.4,9.94,0.41
1530,0,18.4,7.5,0.93
2393,5,9.1,8.16,0.34
2002,6,13.7,10.94,0.46
654,2,22.5,8.66,0.8
1842,7,17.9,9.72,0.67
1226,4,6.0,5.79,0.66
1166,4,1.7,7.49,0.59
735,4,14.4,8.92,0.98
2233,3,8.8,9.26,0.74
2579,3,8.2,7.77,0.89
3284,1,11.8,8.23,0.78
768,6,11.4,9.98,0.51
2337,5,14.2,8.98,0.82
2383,2,15.4,7.3,0.5
1393,2,11.5,8.34,0.61
1157,2,17.0,8.21,0.76
1039,1,4.4,6.3,0.84
1430,1,7.0,7.79,0.55
1941,2,12.7,6.73,0.56
2752,1,6.1,7.49,0.63
2573,1,11.3,6.78,0.72
669,2,12.4,8.02,0.47
1247,2,17.2,7.73,0.57
2709,5,20.0,7.77,0.38
1288,5,18.9,10.82,0.46
1760,3,7.5,8.82,0.66
606,2,17.4,8.15,0.64
2607,2,7.8,8.41,0.97
500,3,13.6,9.27,0.68
2535,5,19.0,8.11,0.67
3144,5,15.0,9.94,0.53
1596,1,0.0,6.37,0.89
1767,2,19.7,7.52,0.63
2435,0,14.7,9.0,1.0
2002,3,9.0,10.52,0.58
1538,5,15.0,9.79,0.7
1460,1,6.5,6.19,0.74
703,1,9.9,8.63,0.58
1963,4,15.8,6.55,0.37
1735,4,17.7,8.57,0.66
1493,2,8.6,7.85,0.93
1098,2,16.4,5.98,0.82
1169,3,5.2,6.55,0.84
2232,0,6.8,6.28,0.73
2417,6,13.3,10.72,0.57
1571,3,6.0,7.9,0.75
1497,6,17.6,9.5,0.68
1202,3,8.2,7.16,0.53
2455,2,8.8,8.51,0.49
1821,3,8.5,9.37,0.53
2057,5,13.4,8.96,0.35
2050,4,10.0,9.62,0.62
1584,1,3.4,7.97,0.75
984,1,16.0,6.74,0.67
1102,3,18.4,8.47,0.85
2589,2,13.5,9.17,0.66
1292,1,19.0,6.75,0.48
1512,5,20.1,9.76,0.57
1005,0,12.2,7.24,0.53
948,3,7.2,6.23,0.59
1261,4,6.8,7.29,0.68
2981,4,13.3,8.45,0.69
2260,2,11.1,6.89,0.63
1431,4,3.5,9.56,0.6
2558,2,6.7,8.17,0.58
1693,2,13.5,8.49,0.67
3348,4,16.7,8.06,0.7
2519,3,9.7,9.18,0.57
1866,2,10.5,5.67,0.68
2289,2,7.1,6.79,0.83
1810,2,13.5,8.72,0.81
514,1,13.7,5.96,0.69
1341,2,10.0,8.83,0.68
1133,4,15.7,7.41,0.68
1326,1,7.4,8.06,0.76
2585,4,9.8,8.87,0.79
2108,1,10.0,8.16,0.75
2368,3,16.2,9.79,0.89
500,1,13.6,8.82,0.76
2309,1,0.8,6.58,0.55
2457,1,8.5,8.02,0.77
500,3,12.6,11.56,0.71
2335,3,6.8,8.57,0.67
803,3,8.6,8.51,0.75
500,2,17.5,8.44,0.55
2728,4,8.1,8.73,0.58
1095,2,3.2,4.93,0.58
1298,1,19.7,8.44,0.86
2492,5,16.9,8.07,0.46
1586,2,6.7,8.46,0.72
1673,2,17.5,7.71,0.66
1658,1,8.5,7.13,0.65
2043,5,15.0,9.19,0.8
1641,7,12.9,9.22,0.89
1879,1,22.5,8.31,0.65
1447,1,16.9,6.03,0.58
2046,4,8.4,9.19,0.72
2019,1,8.3,5.38,0.51
3128,1,9.6,8.31,0.81
1533,2,4.8,5.73,0.99
1671,4,9.4,6.79,0.66
1967,5,12.6,7.63,0.74
2475,3,13.8,7.68,0.96
1035,2,4.5,7.2,0.76
1872,2,4.8,8.19,0.69
500,2,6.0,5.4,0.66
1609,3,16.1,7.3,0.58
2550,5,8.1,7.21,0.48
1291,5,18.5,10.4,0.5
1923,2,0.0,6.64,0.63
1429,1,8.3,6.77,0.74
1198,0,0.0,5.95,0.66
2480,3,10.5,8.73,0.57
1068,4,15.3,7.08,0.49
2015,4,14.1,6.96,0.51
1203,4,10.0,9.43,0.64
1908,3,13.9,7.94,0.61
1145,3,14.0,7.93,0.91
2165,2,7.1,8.01,0.73
879,2,14.9,7.07,0.73
1562,2,10.9,6.47,0.8
1623,4,12.9,7.78,0.94
2579,3,13.4,7.66,0.65
1898,3,14.0,7.01,0.45
2468,3,12.2,10.47,0.54
2188,2,13.8,7.13,0.61
2183,3,18.9,9.18,0.54
1567,4,11.1,8.2,0.49
2514,0,2.9,4.43,0.89
1550,1,15.4,7.63,0.84
589,4,10.5,8.42,0.77
1649,2,15.0,5.49,0.51
2117,5,21.7,8.34,0.64
675,0,12.6,6.77,0.8
1180,5,13.6,9.25,0.48
938,1,6.2,9.41,0.66
2350,4,20.0,8.42,0.51
2971,3,15.7,9.66,0.54
1653,1,6.8,6.76,0.44
2172,1,18.8,6.8,0.49
2153,4,5.1,6.64,0.64
2887,1,6.6,8.25,0.65
1343,2,14.4,7.71,0.95
1646,0,5.5,5.95,0.97
1561,1,6.2,5.73,0.89
1852,0,11.5,6.05,1.0
3553,4,8.0,7.99,0.72
1821,1,10.8,7.55,0.54
1201,2,5.2,7.26,0.62
991,3,10.1,6.99,0.77
2676,3,12.5,8.11,0.77
1198,0,10.5,6.11,0.73
2264,2,4.4,10.12,0.85
1324,4,8.2,8.19,0.41
913,3,12.0,8.4,0.65
2223,4,11.1,6.45,0.45
1358,2,18.4,5.77,0.73
2097,5,19.0,6.7,0.49
2149,4,14.5,8.27,0.58
2182,5,11.9,9.27,0.76
1612,0,10.7,7.66,0.73
2280,2,15.1,8.03,0.24
1154,2,11.7,6.17,0.52
500,1,8.9,6.22,0.77
2294,3,17.1,8.43,0.99
1372,3,9.4,7.71,0.56
770,0,10.6,7.89,0.66
500,1,10.4,6.19,0.64
1836,7,18.9,10.87,0.67
2954,2,4.3,8.21,0.54
1703,2,8.6,5.81,0.61
1547,3,13.6,9.42,0.72
1782,5,16.7,9.45,0.75
3325,6,21.0,8.01,0.61
2326,2,12.3,6.97,0.66
1146,1,12.5,7.29,0.53
1819,1,2.6,4.95,0.52
2032,4,8.4,7.54,0.8
1060,5,18.4,7.75,0.51
2331,1,12.6,6.61,0.96
1227,0,0.5,6.05,0.73
742,2,7.1,7.12,0.84
1853,2,16.7,8.16,0.43
1742,1,12.6,7.86,0.63
1799,2,9.2,8.78,0.56
1264,2,12.5,8.49,0.9
1362,4,13.3,7.05,0.77
2589,5,11.4,9.96,0.41
2108,1,6.1,5.01,0.76
1130,3,20.1,9.66,0.48
500,3,8.7,8.18,0.71
1159,6,16.2,9.1,0.89
1910,6,6.2,7.95,0.84
1357,2,22.7,8.95,0.52
1303,4,22.8,7.21,0.48
1387,3,7.4,8.7,0.6
1749,5,19.6,9.59,1.0
2349,3,17.7,8.25,0.67
1799,6,12.6,9.68,0.44
1843,1,12.8,9.94,0.59
1642,3,5.3,6.3,0.78
1450,3,12.1,8.06,0.77
2425,4,15.7,8.64,0.46
2319,4,14.2,9.12,0.61
3231,3,12.7,9.21,0.42
2227,1,7.1,8.66,0.65
1451,3,12.8,6.69,0.4
1166,2,13.7,9.22,0.59
2467,1,2.5,7.29,0.77
1229,3,11.7,5.71,0.83
2366,3,16.1,7.94,0.77
1268,3,23.7,8.86,0.72
2044,4,24.6,9.96,0.87
1058,5,11.4,8.41,0.55
2345,3,13.9,8.03,0.77
936,3,13.5,8.88,0.75
1991,3,1.3,8.65,0.81
1661,2,6.8,7.03,0.53
1871,1,2.1,5.95,0.63
1522,1,7.9,5.5,0.72
1506,2,10.9,7.38,0.83
1908,3,9.9,10.28,0.68
1098,1,8.8,9.42,0.45
1094,1,6.5,5.31,0.87
1549,4,13.7,9.41,0.53
1521,2,10.0,7.47,0.72
1096,2,5.0,7.76,0.79
1565,3,13.2,9.51,0.32
870,2,6.4,5.99,0.83
3250,5,11.9,7.2,0.61
3498,1,7.8,7.69,0.67
1253,3,17.5,10.67,0.77
2658,4,9.3,10.56,0.85
1735,0,5.1,6.21,0.79
2922,4,5.9,9.59,0.87
2035,2,15.8,8.47,0.53
1869,3,3.5,6.29,0.36
500,2,0.0,6.96,0.51
1184,1,11.1,8.73,0.83
1814,2,6.3,8.46,0.58
1939,4,15.6,7.23,0.67
949,1,9.7,4.66,0.71
1289,3,5.9,9.61,0.71
2187,3,8.5,9.06,0.83
831,2,6.2,8.65,0.67
1893,3,7.9,10.37,0.85
2666,3,3.7,6.85,0.43
2069,1,7.6,7.94,0.74
2034,6,18.8,9.57,0.88
500,3,23.1,8.0,0.83
1224,5,12.2,8.34,0.71
3237,1,9.4,7.48,0.67
1380,1,6.9,6.44,0.8
2685,6,12.0,10.25,0.72
1372,7,13.0,9.52,0.53
1605,1,9.5,8.44,0.94
2160,5,20.0,8.37,0.6
1870,3,12.4,8.88,0.78
2067,3,10.7,6.79,0.86
1227,2,12.6,6.49,0.53
1004,4,11.2,8.0,0.88
1179,5,13.5,8.53,0.59
1427,3,16.7,8.66,0.39
1639,1,15.1,8.98,0.87
2526,3,8.7,9.81,0.46
1861,1,13.3,7.44,0.95
2139,0,6.1,9.08,0.49
1899,3,4.2,7.16,0.42
1019,0,12.9,6.65,0.59
1812,3,9.8,7.89,0.54
1891,3,15.0,9.16,0.64
2331,4,4.5,8.25,0.3
1051,5,13.7,8.74,0.63
500,5,10.1,8.68,0.52
1923,4,19.9,10.74,0.44
2047,3,10.1,7.92,0.68
1674,2,14.6,8.52,0.91
1819,4,14.6,8.44,0.83
2415,3,8.9,8.87,0.71
1478,2,15.2,6.05,0.63
1604,7,15.9,11.25,0.34
1855,1,11.7,6.59,0.54
946,4,14.2,6.82,0.86
1693,2,12.4,10.31,0.75
1755,1,11.4,8.46,0.71
2945,5,17.4,9.51,0.64
1591,5,16.5,7.58,0.4
1940,0,8.5,7.87,0.82
2443,1,11.9,7.54,0.65
1213,3,12.4,8.73,0.47
3034,3,0.0,7.81,0.69
1779,1,2.2,7.37,0.72
1422,5,18.0,8.34,0.74
2938,2,10.9,7.28,0.56
2356,0,0.0,7.54,0.79
1857,3,11.5,7.4,0.58
2798,0,8.9,7.69,0.72
2724,7,22.4,11.47,0.74
1564,4,13.1,8.93,0.73
1974,2,16.9,6.06,0.77
2203,3,14.4,6.26,0.92
1820,4,11.1,8.09,0.44
826,1,4.6,5.33,0.75
1143,1,8.9,9.47,0.59
849,3,14.2,8.18,0.32
2145,3,17.4,8.16,0.63
970,0,8.9,5.49,0.86
1934,3,11.6,9.75,0.42
3082,3,2.3,6.83,0.68
2799,1,13.6,6.92,0.82
513,1,14.5,6.29,0.67
904,0,6.4,7.68,0.53
1256,0,11.6,8.13,0.97
981,0,6.4,6.01,0.47
642,1,8.4,9.42,0.72
1792,1,9.5,8.45,0.5
2293,3,7.3,7.24,0.82
2467,2,19.6,7.05,0.83
1467,1,4.5,4.85,0.73
1609,6,10.0,8.48,0.46
2048,4,16.7,7.46,0.83
1724,4,13.9,8.77,0.65
2367,5,13.0,8.37,0.41
1536,2,9.5,8.44,0.55
500,1,5.0,6.67,0.54
2849,1,19.1,7.45,0.55
1319,4,7.8,9.25,0.79
2050,3,6.0,8.29,0.52
500,4,14.4,8.38,0.41
1792,1,19.1,8.68,0.63
1870,5,22.1,10.66,0.97
1904,3,16.3,9.77,0.69
1358,5,14.9,8.52,0.79
2374,3,0.8,8.35,0.88
2166,2,21.0,7.24,0.8
1324,1,13.1,7.01,0.8
2363,2,20.9,8.16,0.6
1684,2,11.3,6.3,0.69
2412,3,14.4,10.5,0.62
3172,2,15.5,8.66,0.63
1905,1,0.0,5.47,0.75
1603,4,11.4,6.08,0.71
2536,4,14.6,7.13,0.59
2777,3,21.9,8.46,0.48
1181,0,14.5,7.83,0.77
1482,1,13.5,6.43,0.75
2272,3,12.6,9.02,0.64
1707,3,11.0,10.02,0.76
1131,0,1.9,5.86,0.97
2178,5,18.4,10.76,0.55
2270,3,10.3,6.79,0.76
1565,2,9.1,7.93,0.87
1842,1,11.6,6.9,0.77
1396,0,5.5,6.81,0.91
1033,2,16.5,8.56,0.53
1452,2,10.4,6.96,0.68
1851,1,6.4,5.46,0.71
767,3,12.0,6.3,0.55
1503,2,14.1,6.27,0.73
1861,4,9.2,8.09,0.76
2636,3,9.5,8.47,0.67
1581,4,16.4,6.83,0.5
927,0,12.1,6.63,0.95
1653,2,4.2,6.37,0.68
1403,4,14.1,8.43,0.45
2186,0,13.6,8.39,0.71
1563,4,0.0,7.57,0.49
500,5,19.2,8.96,0.63
1899,2,12.0,8.01,0.68
1862,7,11.8,8.66,0.36
721,3,12.6,8.17,0.64
774,1,9.0,8.52,0.73
1735,2,2.7,6.46,0.59
2035,3,1.1,6.62,0.75
2291,4,7.5,10.99,0.71
1966,3,1.3,5.78,0.62
969,0,5.1,5.7,0.93
500,2,6.0,6.33,0.65
1729,3,7.8,9.13,0.5
1426,4,10.2,8.05,0.65
916,1,11.3,6.73,0.69
2379,3,10.9,11.27,0.84
697,3,3.0,7.65,0.68
2231,2,10.6,7.7,0.91
812,3,18.7,9.68,0.66
1893,3,16.8,8.1,0.56
2453,3,11.8,9.28,0.62
1563,3,13.5,7.56,0.89
3142,4,11.5,10.12,0.56
1966,7,18.1,11.31,0.49
2178,4,14.5,10.81,0.49
2542,4,8.4,9.19,0.52
2181,4,17.1,9.3,0.65
2106,0,1.6,8.44,0.56
1433,1,4.1,6.01,1.0
618,3,9.7,9.09,0.71
826,3,7.1,8.41,0.79
3467,3,11.8,10.21,0.72
2025,2,6.3,7.18,0.68
1628,2,13.0,9.39,0.96
2684,6,15.0,9.16,0.48
1275,2,11.0,7.83,0.73
2208,3,10.0,9.72,0.66
1854,2,14.1,8.65,0.91
2122,2,2.0,9.04,0.91
1564,3,7.7,6.21,0.81
1124,3,13.3,6.98,0.73
1223,1,3.0,5.93,0.93
1251,2,7.5,7.19,0.67
1797,4,16.7,10.48,0.86
710,5,18.8,7.84,0.8
926,2,7.1,7.32,0.72
1710,3,12.7,10.78,0.58
1933,5,10.8,7.72,0.55
1768,2,11.4,8.18,0.76
3563,4,21.8,10.49,0.72
1888,3,17.4,7.96,0.69
1534,1,9.5,6.68,0.55
1870,5,21.1,10.81,0.69
2513,0,12.7,5.67,0.82
1765,2,2.4,7.84,0.7
2279,2,5.3,6.59,0.63
2077,3,5.5,8.66,0.64
1596,2,5.8,7.31,1.0
1877,6,9.4,10.96,0.51
2919,4,11.1,8.37,0.59
1970,3,13.5,8.73,0.59
1109,3,9.4,6.27,0.78
1576,4,10.8,10.22,0.74
500,1,11.3,7.53,0.71
1896,5,16.7,9.85,0.61
2718,2,9.8,10.57,0.47
861,1,10.2,4.69,0.76
1904,3,0.0,8.09,0.61
2489,0,10.5,7.77,0.83
2563,5,15.7,7.0,0.27
2695,2,18.0,7.38,0.57
500,4,15.0,6.9,0.7
2153,6,18.4,8.73,0.54
746,3,2.0,5.8,0.74
1101,1,3.1,6.3,0.53
2374,4,14.4,8.73,0.56
1910,2,12.0,6.6,0.68
2308,0,5.3,7.13,1.0
1149,1,4.6,6.27,0.66
2831,4,11.1,11.0,0.73
2281,2,2.6,9.56,0.78
2422,3,6.8,8.7,0.44
1043,4,15.7,8.6,0.78
1578,2,15.5,7.83,0.44
1372,2,10.5,6.82,0.62
2237,3,13.6,10.11,0.49
2208,2,9.4,6.46,0.79
3239,2,5.2,8.48,0.83
3070,1,15.3,8.68,0.51
2223,2,11.7,9.94,0.82
2101,6,25.5,9.51,0.82
2030,4,17.6,9.67,0.41
715,1,6.7,6.75,0.79
1878,3,5.2,9.13,0.62
1869,2,13.2,8.78,0.27
1396,1,11.4,8.09,0.83
1583,1,4.0,5.79,0.88
500,4,11.3,6.65,0.48
1031,0,4.7,6.74,0.97
2445,4,11.0,9.19,0.75
3011,1,9.1,8.31,1.0
1139,5,12.2,7.46,0.56
1927,2,16.2,9.22,0.51
2568,4,9.4,8.91,0.61
1435,5,10.1,9.25,0.56
2273,2,7.5,7.8,0.52
1776,2,15.5,9.92,0.58
2633,1,13.8,8.1,0.81
902,3,15.4,7.69,0.62
1026,1,7.6,5.05,0.38
1995,1,6.7,6.96,0.6
1867,5,16.9,11.47,0.71
1760,2,7.6,6.83,0.52
2203,3,14.5,9.3,0.75
1148,3,14.0,7.33,0.48
841,0,8.2,5.96,0.86
1528,5,14.1,8.11,0.45
1601,6,23.8,10.25,0.41
2688,1,15.3,6.38,0.94
2339,3,11.8,9.21,0.47
2173,3,9.8,8.11,0.47
1955,6,9.3,8.59,0.6
1496,4,16.1,10.1,0.76
1202,3,15.7,8.3,0.58
961,4,10.1,7.58,0.62
1313,3,9.0,7.77,0.65
1769,4,8.5,8.73,0.59
991,5,17.5,8.14,0.63
1918,1,15.7,7.76,1.0
1663,2,5.6,6.76,0.82
1521,1,4.6,8.02,0.68
2613,3,10.9,7.56,0.59
500,3,15.7,8.93,0.72
1531,5,16.5,9.17,0.76
500,1,15.1,4.47,0.68
1966,3,0.0,9.74,0.83
2333,3,9.3,7.87,0.55
854,2,15.8,6.67,0.75
943,2,18.8,8.15,0.56
611,0,7.0,5.8,0.74
1844,3,9.0,6.37,0.81
1561,2,6.1,7.57,0.64
1604,4,16.4,8.22,0.57
1542,5,20.0,9.09,0.63
1118,2,12.1,6.6,0.7
2592,0,0.0,6.94,0.75
1990,1,11.2,9.88,0.71
970,6,12.7,9.93,0.79
1309,1,11.6,5.38,0.6
1189,2,10.8,8.62,0.79
2784,4,19.2,10.17,0.76
2297,1,9.8,7.34,0.62
1711,2,10.0,8.79,0.83
2995,4,12.4,10.45,0.82
2816,3,19.3,9.2,0.55
1638,1,7.0,7.23,0.51
1512,4,16.8,8.1,0.67
1546,2,13.2,8.23,0.65
1133,5,15.3,7.25,0.74
1095,4,13.1,10.0,1.0
2407,2,17.7,8.92,0.32
2283,5,15.9,11.07,0.45
1586,6,19.1,9.89,0.61
3067,2,10.2,8.46,0.71
708,1,16.6,7.34,0.61
1744,2,9.3,7.24,0.92
1457,2,11.5,9.45,0.51
2472,3,2.0,9.3,0.81
2047,3,12.5,9.53,0.61
590,5,10.8,9.45,0.54
2667,2,8.9,8.55,0.7
2139,3,7.4,6.56,0.77
1075,1,8.0,5.06,0.56
1555,5,21.6,9.06,0.6
890,0,8.4,5.04,0.58
1680,1,4.4,7.36,0.94
1905,3,12.4,9.64,0.72
1565,2,14.5,7.59,0.68
671,2,13.3,5.48,0.65
500,3,6.0,7.2,0.76
1821,1,11.6,9.08,0.69
540,2,3.0,6.87,0.88
1835,3,13.8,8.41,0.42
1795,3,7.8,7.91,0.62
2082,1,4.3,7.7,0.76
2403,1,10.9,5.87,0.87
2533,3,14.5,8.13,0.81
672,3,17.6,8.9,0.77
1759,4,15.9,9.83,0.49
3207,5,15.8,9.44,0.35
1883,1,15.7,9.09,0.79
1218,2,5.7,6.08,0.71
1744,1,2.9,6.47,1.0
1531,5,6.5,10.81,0.47
976,2,14.5,9.09,0.46
2408,4,9.1,10.02,0.76
2209,3,7.6,6.11,0.67
865,0,7.5,5.97,0.68
1734,2,6.3,5.87,0.46
1403,0,4.7,7.36,0.69
678,1,6.9,6.86,0.64
809,2,13.1,6.52,0.86
913,1,15.1,6.41,0.82
1759,1,5.2,6.98,0.79
1479,0,0.0,6.45,0.89
1128,3,14.0,8.76,0.66
1525,3,4.2,9.21,0.66
2323,6,14.0,11.63,0.49
2049,3,15.0,9.6,0.52
2501,1,15.4,7.18,0.8
1640,2,2.3,6.64,0.91
2921,4,16.4,11.35,0.58
2043,6,5.7,8.4,0.56
1457,3,9.3,8.25,0.69
1865,1,10.0,8.36,0.85
926,4,7.5,8.14,0.77
1585,1,11.0,9.13,0.84
2100,6,13.2,8.48,0.74
2228,1,9.1,8.37,0.71
1512,2,10.7,7.44,0.78
1679,0,15.0,7.77,0.47
625,2,7.8,5.55,0.44
2649,4,9.3,10.63,0.42
2224,3,18.9,9.26,0.81
1962,1,7.1,5.14,0.86
1474,1,10.0,6.96,0.51
2075,2,14.6,9.3,0.96
2933,6,17.2,9.35,0.56
770,3,6.5,6.37,0.57
500,2,0.0,7.24,0.66
2069,4,12.3,7.44,0.64
1109,1,10.1,9.39,0.58
1730,3,11.8,8.95,0.64
1233,1,12.9,8.07,0.74
1183,4,9.3,9.81,0.84
1264,1,10.5,5.06,0.91
1327,5,15.8,7.72,0.56
2343,2,11.9,8.49,0.85
2201,4,21.9,10.0,0.67
954,1,10.0,8.14,0.74
1049,1,3.0,6.27,0.59
2065,1,4.4,6.91,0.84
2536,3,16.9,10.09,0.76
2525,1,11.9,8.87,0.49
1097,2,10.0,6.19,0.6
2492,3,8.9,7.51,0.74
556,3,13.3,6.28,0.57
1657,3,12.5,10.03,0.91
2140,6,17.5,10.77,0.41
500,2,1.0,7.68,0.53
3264,4,11.5,9.49,0.74
2728,7,18.1,11.05,0.48
2252,5,12.0,9.57,0.47
1124,0,12.2,6.88,0.73
1752,2,14.2,6.37,0.79
2353,3,5.6,11.41,0.93
1014,3,17.5,9.28,0.78
1673,2,7.7,5.14,0.9
2437,2,13.8,9.22,0.71
753,2,11.5,8.21,0.75
2032,3,9.5,8.43,0.81
571,2,16.1,7.87,0.81
1139,2,16.3,4.57,0.84
1446,3,13.5,6.62,0.66
2159,3,15.4,8.87,0.49
1309,3,7.7,7.53,0.49
1887,4,20.9,8.7,0.61
1318,5,13.7,7.48,0.39
1428,2,11.1,6.92,0.66
2675,5,19.7,9.64,0.53
994,5,12.4,7.4,0.65
2331,1,2.1,6.93,1.0
1799,3,5.1,8.64,0.57
1397,1,5.5,7.26,0.68
947,2,16.9,7.79,0.65
997,3,21.5,7.49,0.65
1282,1,14.4,8.69,0.48
1694,4,10.4,9.63,0.62
2222,1,9.8,7.94,1.0
1589,0,6.2,4.76,1.0
1636,2,3.2,8.72,0.7
1741,2,7.0,7.14,0.84
2133,3,7.2,7.62,0.65
2251,4,4.2,9.87,0.64
829,1,7.7,7.15,0.85
1602,2,11.3,7.36,0.68
2659,2,9.1,7.98,0.93
878,4,11.6,8.63,0.35
1852,3,10.6,8.13,0.54
1680,1,3.2,5.21,0.8
2913,4,6.1,9.58,0.48
1825,1,3.1,6.44,0.71
2857,4,21.2,10.17,0.3
1803,0,7.9,4.64,0.52
2122,1,0.0,5.6,0.51
1395,1,19.4,6.68,0.74
1403,4,17.7,9.4,0.54
2086,2,7.8,6.72,0.7
2099,3,15.3,7.41,0.62
2218,4,7.5,9.52,0.79
2063,6,10.7,8.63,0.4
864,2,7.2,6.49,0.76
1235,6,18.7,8.55,0.47
2394,5,20.1,8.51,0.61
500,4,12.3,8.5,0.3
2004,2,12.5,7.66,0.46
1721,4,14.3,7.33,0.62
2394,2,3.0,7.83,0.78
2091,2,0.0,8.22,0.32
1335,3,13.0,5.79,0.54
1303,3,12.4,7.03,0.5
1434,4,8.3,7.39,0.62
2206,3,6.2,10.19,0.84
500,0,6.7,6.6,0.77
1910,2,9.2,8.51,0.65
1181,2,7.5,9.99,0.57
1933,3,10.8,7.84,0.67
2041,5,3.4,8.08,0.94
636,4,6.5,6.41,0.71
1641,4,23.1,6.75,0.6
1908,4,23.8,8.41,0.38
1861,1,2.3,7.9,0.96
1714,0,14.2,7.42,0.86
945,3,13.7,10.45,0.72
1051,1,3.1,6.59,0.86
835,1,6.3,7.67,0.98
2187,0,13.4,7.4,0.63
1719,1,12.2,5.88,0.81
1763,4,15.8,9.31,0.8
606,2,8.6,7.26,0.63
1776,1,0.0,6.42,0.82
2243,1,12.4,5.87,0.61
510,2,11.1,7.95,0.68
1425,3,15.9,5.01,0.7
700,0,13.0,8.66,0.67
1505,1,0.0,7.09,0.57
1169,1,17.6,6.3,0.68
2066,1,9.4,8.83,0.9
1918,6,14.5,10.85,0.63
1762,4,11.1,10.04,0.33
2036,2,10.5,7.41,0.71
1409,3,19.1,7.36,0.58
1027,3,6.5,7.88,0.52
2384,2,9.2,6.66,0.49
2670,3,9.0,10.13,0.74
2293,2,7.5,8.06,0.52
1891,7,13.7,10.42,0.54
1118,3,1.7,5.99,0.7
2599,3,11.9,6.81,0.71
2205,1,5.8,7.0,0.67
3217,5,15.8,10.22,0.78
991,0,13.8,8.12,1.0
2403,6,12.4,10.75,0.7
2184,1,7.1,6.92,0.56
1560,2,11.2,8.74,0.78
2754,4,11.2,9.23,0.6
2081,2,13.8,7.85,0.86
1144,2,15.9,5.74,0.65
1717,2,19.6,8.31,1.0
1135,4,9.6,7.93,0.63
1472,3,7.7,8.25,0.85
2292,2,14.8,7.89,0.63
2492,7,15.5,9.72,0.3
1954,1,8.6,7.59,0.6
1274,2,9.6,7.77,0.76
2067,2,16.8,8.22,0.93
2306,2,12.0,8.31,0.63
500,3,4.8,6.68,0.45
1881,2,5.4,7.16,0.79
1666,4,18.6,9.48,0.33
2069,4,18.5,9.49,0.53
2139,1,4.2,7.5,0.86
1462,6,16.2,9.76,0.53
1801,4,17.6,9.33,0.52
2460,1,4.5,4.95,0.67
1754,2,3.0,9.37,0.82
1922,3,16.6,6.98,0.83
724,3,11.4,9.4,0.72
1752,3,14.0,7.45,0.75
500,2,14.4,10.24,0.83
1438,1,8.8,5.76,0.36
1844,3,7.3,7.64,0.75
2336,2,13.0,8.97,0.55
1100,4,16.1,7.06,0.6
2061,1,5.8,8.69,0.54
2827,2,14.9,5.21,0.62
1351,2,15.0,7.68,0.7
717,5,13.3,7.06,0.65
2002,4,13.3,10.18,0.68
965,2,10.4,6.51,0.68
1226,3,19.1,9.49,0.7
2446,3,7.2,8.32,0.74
3113,2,7.8,6.49,0.74
1099,5,15.7,8.68,0.55
1283,0,12.0,5.31,0.71
1492,3,7.6,6.64,0.66
1416,1,9.0,4.69,1.0
3153,2,16.8,8.78,0.48
1428,4,9.8,7.34,0.66
1528,3,11.1,8.18,0.67
2931,1,11.8,8.72,0.69
2203,2,8.9,6.54,0.44
2490,0,12.4,7.65,0.89
1165,2,13.4,6.15,0.97
1428,1,10.4,7.11,0.88
1072,1,5.4,7.13,0.59
2360,3,10.2,7.69,0.52
2657,2,4.1,8.27,0.83
1380,3,8.5,9.3,0.65
1545,3,9.1,8.9,0.48
1575,4,3.6,8.04,0.81
716,2,15.6,6.36,0.6
1328,4,10.2,7.67,0.67
2341,2,6.7,8.21,0.94
1187,2,8.1,6.14,0.66
1865,3,14.1,10.83,0.3
884,1,2.3,7.6,0.43
1699,0,9.6,5.92,0.62
1405,5,14.3,8.31,0.49
944,5,17.3,9.9,0.55
2353,3,19.1,9.08,0.7
1121,1,2.6,9.98,0.74
1648,1,5.2,7.98,0.81
1831,1,14.4,8.55,0.77
529,2,11.4,6.18,0.51
822,3,16.1,6.8,0.65
2700,5,13.5,10.02,0.37
1054,2,1.1,7.61,0.65
2680,5,12.1,8.44,0.6
858,3,16.0,7.48,0.66
2261,3,17.5,8.41,0.77
1582,2,12.1,6.86,0.95
1680,2,6.0,8.02,0.53
3099,5,16.3,9.57,0.48
922,2,14.8,8.07,0.57
2216,3,15.3,8.36,0.68
2187,1,10.4,6.27,0.81
1046,2,15.5,8.43,0.54
1361,0,2.5,4.53,0.58
2371,2,8.9,7.31,0.63
1659,4,17.1,9.58,0.79
1475,3,18.2,11.93,0.67
2470,6,12.2,8.35,0.76
1613,3,8.9,7.92,0.53
1175,2,8.5,7.98,0.67
2308,5,14.0,8.59,0.44
2062,5,10.4,8.61,0.54
1581,4,9.9,8.43,0.53
1547,3,6.3,8.7,0.47
1159,3,5.1,6.54,0.73
2307,6,13.9,8.82,0.84
1547,0,6.4,6.02,0.71
1261,4,11.9,9.01,0.37
900,3,8.5,8.86,0.54
2074,3,4.5,7.57,0.64
1443,4,9.2,8.7,0.59
500,4,9.2,6.85,0.76
957,6,7.8,8.98,0.35
1636,5,16.3,8.58,0.63
1656,1,5.2,6.98,0.56
1629,3,10.7,9.39,0.55
1532,2,6.5,8.04,0.56
1187,2,8.3,6.23,0.85
2628,2,7.4,9.1,0.68
2525,3,10.3,8.13,0.78
2204,3,12.6,10.04,0.53
2142,2,14.8,7.7,0.58
2433,6,10.1,7.76,0.41
1015,4,2.9,7.66,0.91
1823,3,16.1,7.92,0.88
1015,1,9.4,5.99,0.71
1027,2,11.7,6.52,0.78
2057,3,8.3,6.86,0.83
2462,1,18.8,8.23,0.97
1664,2,11.3,8.57,0.39
2954,1,7.2,7.01,0.95
1948,2,4.1,7.92,0.71
1256,2,16.8,7.57,0.64
1039,2,3.7,7.05,0.54
2512,3,22.0,9.48,0.71
1889,3,16.0,8.63,0.88
2273,0,5.1,7.58,0.62
500,2,12.5,5.31,0.76
1971,2,5.5,9.91,0.74
1441,1,14.4,5.9,0.94
824,0,3.7,7.33,0.78
1756,1,2.7,5.99,0.68
2564,4,6.6,8.8,0.53
3386,5,16.0,11.8,0.47
1969,2,10.9,7.94,0.41
1303,1,9.8,8.37,0.5
1261,4,9.6,7.97,0.41
2474,4,11.4,7.35,0.61
1102,2,11.4,7.15,0.73
2235,3,18.2,10.03,0.63
2005,2,8.7,9.72,0.6
1928,1,11.2,4.45,0.4
702,0,15.7,7.29,0.78
1550,2,13.5,7.11,0.78
779,1,6.7,6.99,0.61
1388,3,11.4,7.09,0.74
2441,0,9.9,6.84,0.67
2661,3,3.3,8.26,0.57
1949,7,13.1,8.98,0.31
1400,2,11.5,8.31,0.34
2911,3,20.9,9.06,0.49
1391,2,17.5,8.88,0.54
1005,4,6.8,6.96,0.73
2287,6,9.9,9.75,0.63
2120,4,21.6,9.83,0.71
1420,2,4.7,7.72,0.45
1870,7,9.7,9.48,0.54
2109,3,2.6,7.75,0.56
1942,3,8.9,9.32,0.79
2121,2,19.7,9.14,0.63
1445,3,15.9,8.66,0.87
2168,3,11.5,5.26,0.41
1812,1,17.2,8.56,0.65
1469,3,21.0,6.54,0.52
1627,2,7.8,7.43,0.89
1731,0,0.0,6.57,0.46
788,4,6.2,9.02,0.39
1354,3,7.4,8.83,0.64
854,1,17.7,7.65,0.61
1366,4,17.3,10.55,0.57
3469,3,7.3,7.56,0.75
1009,1,12.1,8.68,0.72
1531,4,15.9,9.71,0.56
1216,2,3.6,7.29,0.72
1718,4,10.3,8.18,0.39
1229,3,1.6,6.6,0.75
1629,2,12.9,7.76,0.52
1297,3,10.1,7.47,0.77
2538,3,11.7,9.44,0.61
1857,1,14.5,8.86,0.68
1097,4,18.6,6.37,0.81
2388,4,17.6,10.12,0.66
1129,4,17.6,8.84,0.8
705,1,9.0,7.87,0.52
1797,0,7.5,8.19,1.0
3135,0,15.3,7.86,0.79
520,2,8.4,5.72,0.85
868,0,0.5,4.85,0.75
2326,4,3.3,7.42,0.51
1350,5,18.7,9.8,0.83
2228,3,11.0,7.27,0.62
1213,2,15.9,4.6,0.68
1899,2,4.2,9.29,0.73
3021,3,10.2,8.76,0.86
963,2,11.8,9.32,0.76
2516,4,22.1,9.39,0.63
2275,1,5.7,9.68,0.92
757,5,19.5,9.73,0.36
2191,1,8.3,7.25,0.75
1850,0,6.0,5.05,0.63
1863,0,13.3,8.12,0.51
2035,1,16.9,6.48,0.85
1554,2,11.1,8.28,0.41
1849,5,2.5,8.1,0.5
2322,3,8.8,8.74,0.47
730,5,17.6,10.33,0.55
2703,7,9.0,10.22,0.46
991,4,13.1,7.91,0.78
2333,1,9.8,9.26,1.0
903,3,17.2,7.43,0.55
2169,2,3.8,8.41,0.57
1138,3,9.9,7.19,0.57
2548,2,8.0,8.91,0.9
1302,3,10.0,8.29,0.66
753,3,9.5,8.98,0.76
2873,3,12.1,9.06,0.51
2407,4,8.0,8.37,0.82
1203,1,5.0,6.75,1.0
500,2,6.5,4.98,0.67
2972,6,21.7,8.8,0.71
1795,2,8.4,7.31,0.79
2143,6,13.3,10.5,0.7
1565,1,6.5,5.88,0.98
1958,4,7.6,7.69,0.64
2915,2,1.3,7.71,0.76
1777,1,19.0,8.36,0.72
2459,2,16.2,7.89,0.59
500,2,9.8,5.69,0.62
2586,0,4.3,7.9,1.0
734,2,13.4,6.3,0.64
2506,3,10.4,8.6,0.7
2073,2,14.2,9.99,0.62
1732,4,6.0,7.09,0.71
1730,3,11.5,9.34,0.74
1623,3,7.0,7.73,0.63
1225,2,8.2,5.84,0.45
1655,3,6.1,8.02,0.75
3345,1,11.9,7.95,0.9
2711,1,3.5,6.74,0.64
1190,1,17.3,8.2,0.7
1987,3,11.9,10.44,0.41
1867,4,8.0,8.45,0.42
1700,1,6.8,4.37,0.52
1098,2,10.3,7.54,0.66
2392,1,14.6,5.41,0.63
1216,4,0.0,7.04,0.45
3168,1,8.0,6.42,0.54
2865,6,10.4,11.02,0.39
2183,1,0.3,8.61,0.68
937,3,22.2,11.06,0.56
2080,2,9.8,8.07,0.65
1997,5,11.3,9.53,0.73
2159,1,19.4,7.99,0.75
2913,0,10.6,7.02,0.75
1676,3,9.0,8.11,0.85
3233,5,16.3,8.76,0.52
2084,2,19.2,7.08,0.77
1596,4,10.5,6.46,0.67
3479,2,11.8,8.41,0.89
2380,3,18.5,10.57,0.67
1481,2,6.5,8.26,0.86
2244,1,12.2,8.49,0.71
1694,3,20.2,9.08,0.57
1893,0,0.0,5.51,0.91
1227,4,7.5,9.56,0.61
620,4,8.1,7.6,0.48
1874,3,8.2,9.36,0.65
2168,1,21.2,8.25,0.54
1396,4,6.9,7.48,0.72
861,3,8.4,7.27,0.76
1124,4,19.3,9.26,0.58
2538,1,10.4,8.45,0.7
1333,2,19.7,8.17,0.73
1490,2,9.3,6.83,0.87
1581,4,11.4,7.91,0.53
1366,4,18.2,10.22,0.6
1314,5,11.1,8.81,0.71
1190,6,11.2,8.47,0.45
2780,0,8.2,10.19,0.78
2276,2,6.4,8.47,0.71
2673,4,13.5,7.71,0.68
2814,1,11.1,5.01,0.74
500,1,16.7,6.5,0.65
2040,5,6.1,9.59,0.71
1389,4,23.2,9.02,0.46
2581,5,11.2,9.41,0.7
1280,0,18.8,6.47,0.53
1062,0,5.9,6.5,0.72
796,1,8.1,6.98,0.9
1588,5,19.1,8.34,0.81
2440,0,0.0,5.66,0.9
1979,4,7.7,9.48,0.71
958,1,1.7,7.01,0.74
3306,2,16.3,9.34,0.56
2254,7,18.9,8.01,0.73
2344,3,17.7,7.83,0.71
2699,4,13.3,7.66,1.0
651,3,5.4,9.02,0.72
1161,4,12.5,5.78,0.87
2376,2,9.1,7.77,0.83
1232,6,10.3,9.02,0.59
1607,2,11.3,8.6,0.83
1745,1,10.4,8.05,0.72
905,2,11.7,10.02,0.67
1547,1,12.3,8.52,0.8
2440,3,10.4,9.17,0.8
2310,2,14.1,9.83,0.6
2579,5,10.3,9.93,0.63
2506,4,16.8,8.51,0.46
2084,0,11.4,6.26,0.75
2028,2,17.8,8.59,0.62
1977,3,15.5,7.83,0.64
1361,2,12.9,8.56,0.56
1079,5,20.3,9.08,0.42
1317,1,8.7,6.49,0.89
1571,3,3.9,9.41,0.85
1340,1,13.2,8.46,0.68
2089,4,6.8,10.07,0.35
1941,3,16.3,7.37,0.57
2045,4,18.3,7.67,0.86
2636,4,22.9,9.85,0.46
1793,5,15.3,8.58,0.48
2505,6,12.2,10.23,0.41
2161,3,11.4,10.02,0.73
2590,2,13.8,7.7,0.64
2930,2,13.2,6.46,0.46
2203,5,8.7,8.64,0.56
1872,2,18.5,7.62,0.66
1868,4,8.4,8.88,0.68
1470,2,5.3,5.09,0.67
1447,3,8.2,9.14,0.51
2431,0,9.4,6.77,0.64
1125,1,10.4,7.21,0.62
2930,3,10.4,10.11,0.7
1693,2,13.5,6.84,0.49
1314,1,8.4,6.76,1.0
1975,2,8.1,8.03,0.73
1553,1,10.5,8.29,0.74
1244,6,11.4,9.68,0.24
2544,4,11.4,8.85,0.68
1026,2,12.6,8.79,0.72
1326,2,17.6,7.74,0.83
2210,3,0.3,5.85,0.74
2321,3,11.8,7.92,0.81
825,3,11.9,8.36,0.73
2207,2,5.3,6.21,0.55
1890,6,11.2,9.72,0.56
1157,5,8.0,7.86,0.55
1247,1,14.6,8.3,0.87
500,2,1.5,7.24,0.8
3002,4,7.3,8.51,0.72
2510,3,7.3,8.52,0.78
897,2,6.7,5.18,0.68
2359,4,12.0,11.43,0.76
1398,6,11.9,8.14,0.65
2440,5,13.1,8.89,0.58
1452,1,2.8,9.12,0.6
1545,3,3.0,7.24,0.6
1598,3,12.2,8.94,0.75
1339,5,19.4,8.63,0.45
2779,0,8.0,10.71,1.0
2428,4,11.9,9.38,0.54
1876,6,14.4,8.57,0.45
2517,4,10.4,8.31,0.58
661,1,15.5,6.47,0.89
940,3,18.6,9.42,0.47
2132,6,21.1,9.32,0.79
2314,5,22.1,8.61,0.76
1995,2,13.5,5.95,0.96
500,2,11.6,6.34,0.78
1056,4,11.4,9.64,0.67
2091,1,10.0,7.78,0.46
3498,6,15.6,10.4,0.59
2652,3,18.2,11.19,0.47
2904,5,16.8,10.98,0.74
2037,2,18.2,8.81,0.67
2032,3,7.0,6.53,0.46
1076,0,18.3,7.64,0.81
2466,5,12.8,8.14,0.54
1748,4,21.1,9.13,0.79
2284,2,8.7,6.24,0.64
1821,3,14.2,8.41,0.42
1995,3,10.9,8.59,0.57
1738,3,13.0,6.45,0.65
1957,4,14.7,7.45,0.82
2500,6,14.0,10.29,0.59
913,1,4.5,7.87,0.69
754,3,14.6,7.9,0.66
2098,4,18.4,8.42,0.83
2808,2,8.2,6.71,0.8
2984,5,12.3,8.08,0.74
942,2,15.2,7.36,0.78
1517,1,10.0,7.56,0.71
764,2,10.9,6.62,0.74
1414,3,22.3,8.47,0.64
2585,1,1.0,10.1,0.71
1790,4,8.8,7.88,0.47
1538,3,14.5,8.3,0.31
2181,0,5.9,7.96,0.56
1243,3,8.3,6.37,0.61
2915,2,0.2,7.61,0.72
1805,2,5.5,7.44,0.64
1518,4,8.6,8.26,0.88
2210,2,9.2,6.86,0.68
2457,4,16.1,9.74,0.35
2917,1,10.7,6.79,0.64
1653,1,15.8,9.11,0.87
2560,3,10.5,7.15,0.78
1870,2,12.9,8.92,0.61
1372,2,9.6,5.06,1.0
1256,2,5.0,5.57,0.65
1032,1,14.7,8.71,0.8
1280,2,5.6,6.64,0.92
2580,3,16.1,8.29,0.66
2294,3,11.4,9.11,0.64
931,0,10.8,5.32,0.72
577,3,10.4,5.94,0.73
1021,0,10.3,6.13,0.76
1256,5,19.1,8.15,0.43
1587,4,12.9,8.96,0.7
2621,3,15.8,6.64,0.57
1416,3,11.3,8.79,0.67
2976,5,25.1,10.61,0.72
623,2,8.6,5.39,0.68
1555,2,9.2,8.29,0.64
2349,2,13.2,9.47,0.89
2393,5,16.2,10.19,0.49
1565,1,6.9,8.22,0.86
2501,4,13.1,9.18,0.67
2368,6,16.0,9.49,0.5
1322,2,17.8,5.82,0.7
2020,3,6.8,8.26,0.67
2292,6,17.8,9.59,0.67
1372,4,18.1,8.87,0.95
2986,4,11.0,9.83,0.72
1215,3,19.3,8.58,0.56
1900,1,5.7,6.06,0.66
925,1,15.4,5.3,0.94
1872,0,17.8,8.68,0.29
1053,2,20.1,7.0,0.74
1594,2,9.6,9.01,0.71
689,1,9.3,8.41,0.49
2359,4,11.1,9.09,0.65
2049,2,13.6,7.61,0.6
2561,3,15.1,8.49,0.69
1556,2,9.7,8.76,0.84
2593,6,21.2,10.25,0.44
1827,1,9.1,9.66,0.75
1879,4,16.1,9.38,0.56
3279,0,6.8,6.91,0.83
1460,1,8.9,7.44,0.65
2659,4,7.7,7.93,0.54
2135,2,11.4,6.87,0.64
1399,2,15.1,9.24,0.79
879,3,22.6,8.52,0.73
1076,2,4.5,6.93,0.92
2591,2,3.0,7.39,0.7
3014,2,12.0,8.15,0.74
1864,0,4.9,6.64,0.78
1900,4,19.2,8.1,0.45
2343,2,9.3,7.97,0.8
1851,2,8.5,8.12,0.85
2569,4,12.0,7.77,0.71
2004,3,15.4,9.25,0.64
1894,2,9.5,7.52,0.87
1310,5,11.4,7.64,0.68
1138,2,5.5,5.55,0.97
500,2,13.6,7.23,0.75
2663,6,18.7,10.31,0.61
1697,3,7.7,8.87,0.8
1519,1,4.7,8.03,0.95
500,2,11.8,8.55,0.7
1351,2,13.5,7.38,0.67
1259,3,10.0,7.38,0.73
1243,3,5.8,6.27,0.71
2032,1,8.1,7.72,0.81
1885,5,11.4,11.5,0.44
847,3,13.1,6.88,0.48
891,1,2.0,7.84,0.51
890,0,10.2,7.3,0.54
3067,2,7.9,7.77,0.82
2844,4,13.9,9.5,0.95
1203,2,15.1,4.6,0.54
500,0,0.5,4.16,0.62
1889,2,16.0,8.48,0.91
1832,1,9.6,6.22,0.83
2021,4,12.2,8.06,0.54
2318,2,9.1,5.58,0.56
1018,1,7.4,4.76,0.51
2005,4,12.6,9.86,0.64
2397,2,7.7,5.87,0.79
1293,4,12.9,8.91,0.64
2009,2,11.3,7.6,0.65
1413,3,13.6,6.85,0.68
3197,3,13.5,8.92,0.78
871,1,4.4,8.57,0.94
2609,3,1.8,8.01,0.44
630,1,9.8,6.22,0.65
3055,6,24.2,10.47,0.79
1000,1,7.7,6.43,0.95
1932,3,7.3,7.54,0.79
659,5,5.6,10.58,0.45
855,3,4.8,8.81,0.53
2428,5,16.0,10.35,0.6
2519,6,6.4,11.1,0.62
1967,3,16.0,8.48,0.75
2318,6,7.3,9.23,0.37
2531,2,17.2,7.15,0.78
1321,5,21.4,8.94,0.62
820,3,5.9,8.8,0.67
1790,3,3.5,6.03,0.74
1395,5,17.2,10.32,0.63
2072,3,15.2,8.44,0.53
2183,4,12.4,8.67,0.82
1322,3,13.8,7.45,0.47
2292,1,7.7,5.91,0.72
2257,1,2.5,6.28,0.3
2306,1,11.6,4.7,0.79
1514,4,15.8,10.47,0.71
2345,3,8.5,8.53,0.55
2164,2,4.7,8.96,0.67
2248,4,12.4,9.71,0.77
2974,4,7.7,11.46,0.56
2029,5,5.4,9.4,0.35
1375,1,9.8,5.4,0.42
1022,4,13.0,9.48,0.45
2589,3,15.4,9.4,0.97
2050,0,9.4,6.98,0.93
2969,4,24.6,9.73,0.47
500,3,15.2,6.73,0.43
2437,4,13.8,9.55,0.76
1617,4,14.0,8.63,0.47
1552,5,14.9,9.35,0.55
1264,7,11.3,9.03,0.58
2429,1,8.6,8.06,0.78
2229,5,16.8,10.14,0.46
1000,4,22.2,8.88,0.58
1915,4,15.3,9.6,0.69
2294,2,5.7,7.46,0.38
1924,6,13.8,8.72,0.54
2575,4,18.3,6.96,0.84
1596,5,8.1,9.39,0.66
500,1,7.6,8.96,0.6
1930,2,8.5,7.09,0.64
1926,1,15.2,6.84,0.84
2017,3,8.7,6.93,0.81
2574,2,16.0,8.98,0.67
500,3,10.5,6.83,0.48
1633,1,8.6,6.63,0.82
1154,3,13.0,7.53,0.76
954,1,8.1,7.61,0.41
1749,1,12.6,4.82,0.83
2291,3,1.6,9.8,0.63
2010,2,3.9,8.95,0.59
1318,2,10.0,8.56,0.7
1698,3,14.6,8.51,0.52
2450,5,16.7,8.76,0.69
2278,3,14.7,8.1,0.6
1413,1,5.0,9.52,1.0
1367,2,4.2,7.5,0.95
598,1,9.2,7.29,0.59
1499,0,3.7,6.99,0.94
584,0,12.3,4.09,0.65
3246,0,2.8,6.61,0.56
1201,2,4.2,6.29,0.49
3072,4,13.6,8.35,0.43
1951,5,13.3,6.7,0.68
1729,1,13.8,7.08,0.55
874,3,5.1,5.45,0.69
1446,1,6.6,6.74,0.59
2922,0,11.5,7.6,0.89
2045,1,13.2,4.56,0.73
2718,2,4.6,7.5,0.7
2287,2,14.6,9.77,0.53
1696,6,10.2,9.52,0.56
1951,3,7.4,6.61,0.52
1262,3,10.8,9.47,0.56
1407,4,5.9,5.78,0.66
1655,4,0.0,9.13,0.59
2190,2,14.8,6.82,0.88
926,5,12.7,9.52,0.56
1853,2,7.8,8.81,0.77
1527,2,6.2,7.1,0.6
1169,3,19.9,7.71,0.74
1530,0,2.0,6.29,0.64
500,4,18.8,7.66,0.55
1269,2,8.3,8.61,0.89
1030,4,16.6,8.52,0.67
1604,3,15.5,8.65,0.4
500,0,6.2,5.5,0.97
1933,2,10.4,9.66,0.62
2436,3,4.8,7.62,0.63
1717,5,14.2,9.25,0.69
2149,4,19.1,10.19,0.66
1441,0,7.0,6.14,0.64
711,2,10.0,7.56,0.48
1801,5,17.9,10.03,0.36
2276,2,7.9,8.25,0.71
872,4,13.5,8.65,0.56
1474,2,17.3,9.3,0.81
1627,4,12.6,9.4,0.46
1956,3,8.0,7.76,0.39
500,2,25.2,9.43,0.64
500,1,12.2,7.65,0.89
2311,3,24.1,10.84,0.74
3539,4,13.7,9.29,0.72
1603,0,9.6,8.27,0.8
1561,3,12.9,6.77,0.41
2101,3,15.7,9.06,0.39
1241,0,1.5,7.21,0.67
500,2,5.4,6.76,0.84
2526,3,16.1,11.27,0.72
1370,3,0.0,8.78,0.64
2535,2,5.5,8.22,0.63
1267,5,19.5,8.93,0.69
1885,4,6.0,9.18,0.59
2398,5,15.3,7.91,0.79
2549,4,6.1,10.02,0.7
1963,3,2.7,9.33,0.85
1928,3,11.4,9.1,0.78
2233,4,15.0,9.93,0.71
2124,3,8.0,8.47,0.85
896,2,3.1,4.5,0.68
909,2,13.8,6.22,0.37
500,1,13.8,5.17,0.64
2336,4,16.9,9.07,0.7
1522,1,7.5,8.62,0.63
2374,0,10.8,6.36,0.73
2082,2,14.0,6.61,0.43
1098,2,11.6,6.52,1.0
1715,3,7.0,6.15,0.76
1481,0,9.3,6.06,0.91
1373,3,10.5,7.23,0.92
2440,3,16.3,7.85,0.29
3557,3,5.4,11.5,0.7
2581,5,8.5,9.46,0.55
1781,5,23.3,9.3,0.57
2681,1,12.3,7.84,0.66
2999,3,15.3,10.26,0.65
825,5,7.9,8.35,0.55
2338,0,11.0,7.59,0.68
2631,1,13.3,8.59,0.64
2369,2,12.2,8.39,0.42
1640,1,19.9,7.05,0.81
3223,3,21.8,10.31,0.64
2037,4,20.4,8.21,0.46
1495,3,20.9,10.12,0.84
2154,2,7.2,7.01,0.37
2480,3,10.0,7.87,0.97
1866,2,13.2,8.73,0.59
2075,1,21.1,6.02,0.87
1861,3,3.5,8.57,0.75
1337,3,7.5,6.69,0.61
1224,1,10.2,6.22,0.58
818,1,3.3,8.57,0.83
2862,1,14.1,7.17,0.74
1643,3,18.8,10.14,0.58
500,1,10.7,6.86,0.74
2077,3,19.0,10.48,0.71
2063,5,19.8,7.67,0.79
500,4,18.9,6.63,0.61
1217,2,6.8,8.52,0.76
1186,4,16.5,10.65,0.65
1280,3,16.2,8.09,0.63
2648,5,12.4,8.89,0.76
1695,2,14.8,8.06,0.67
1500,4,0.4,6.55,0.53
2585,2,10.6,6.65,0.53
581,0,1.8,5.75,0.73
1368,2,10.2,8.97,0.76
2025,4,18.3,8.68,0.52
1146,1,8.3,7.23,0.87
3220,3,9.0,8.36,0.61
1879,3,7.0,9.0,0.73
1272,2,9.2,8.05,0.5
1013,2,10.2,8.41,0.59
2449,0,9.2,6.71,0.55
1346,2,22.3,6.36,0.85
2065,1,9.0,7.95,0.62
993,3,8.2,6.91,0.67
1849,5,21.2,10.73,0.68
1354,1,5.6,7.66,0.57
1579,0,3.8,7.81,0.32
1242,5,6.7,7.98,0.57
2517,2,6.1,8.11,0.51
1456,4,1.2,7.35,0.63
1699,3,9.8,6.85,0.61
1733,4,5.5,10.28,0.63
2928,5,8.7,9.73,0.63
2423,1,7.4,8.55,0.84
2353,6,17.5,9.55,0.56
695,2,4.4,6.05,0.89
1340,6,4.5,8.33,0.69
2632,2,11.2,9.0,0.81
980,1,14.1,6.26,0.71
1858,2,13.5,8.26,0.71
1054,3,15.5,7.49,0.57
1124,5,19.6,10.73,0.73
2976,2,9.6,7.93,0.67
2303,2,11.0,6.33,0.6
2488,0,5.7,8.79,0.66
2348,1,5.1,5.68,0.6
1702,1,7.8,6.86,0.7
1315,4,11.4,5.33,0.61
1518,2,13.4,8.94,0.56
1665,5,5.7,8.93,0.82
3043,4,6.0,8.23,0.47
864,4,17.8,8.9,0.51
1412,4,13.1,9.34,0.6
1160,2,10.8,7.12,0.6
2539,3,3.9,6.93,0.64
3097,3,11.7,10.1,0.62
2016,4,10.8,9.32,0.79
2073,2,10.9,8.24,0.52
1863,1,8.0,7.08,0.71
2106,3,5.4,6.38,0.93
2341,1,8.2,7.75,0.85
2097,6,22.0,10.44,0.45
2149,5,10.0,9.58,0.77
2342,2,6.1,6.32,0.83
555,4,18.7,6.48,0.62
1801,6,6.3,10.67,0.68
2013,4,13.0,8.78,0.63
2091,3,8.0,7.34,0.69
1680,1,14.0,7.31,1.0
1912,5,11.4,7.86,0.73
1296,1,4.3,7.35,0.78
557,2,6.1,7.4,0.73
2488,2,17.8,6.84,0.42
1005,3,13.4,4.86,0.58
1687,5,22.2,10.5,0.37
1275,2,9.3,7.69,0.76
2910,7,17.6,10.39,0.72
1744,2,2.9,9.21,0.79
1582,2,10.0,7.93,0.85
2323,3,12.0,9.41,0.62
3309,3,19.4,8.57,0.58
2083,4,15.9,7.14,0.98
1535,2,5.5,7.79,0.48
2287,2,7.1,6.53,0.65
699,4,6.6,5.12,0.54
1832,4,12.4,7.24,0.46
3195,5,16.3,10.59,0.62
1875,3,12.0,6.61,0.52
1814,5,9.2,7.98,0.7
1523,4,9.1,7.51,0.67
2020,2,13.3,9.56,0.57
2342,5,19.7,10.47,0.55
1567,3,10.3,8.47,0.93
500,1,12.2,9.21,0.96
2125,4,8.8,6.98,0.74
3293,5,11.8,9.25,0.49
1536,1,10.6,6.85,0.82
770,2,11.3,8.27,0.81
2274,3,13.8,9.72,0.59
2170,3,14.5,8.35,0.55
3007,3,8.7,9.27,0.77
2355,2,21.3,7.62,0.68
2294,6,21.1,9.53,0.63
1437,2,12.4,10.23,0.79
1999,4,14.4,9.37,0.64
1779,1,9.7,8.31,0.92
1755,1,8.5,5.82,1.0
1622,2,16.8,10.48,0.81
1957,5,17.1,7.39,0.47
892,1,6.3,9.49,0.55
2368,0,8.6,6.11,0.46
1185,1,12.2,5.9,0.81
1624,4,14.6,8.63,0.68
2031,3,8.7,8.55,0.91
1150,5,10.2,9.24,0.35
500,2,14.7,5.95,0.57
1531,4,14.1,9.29,0.5
798,2,8.5,5.94,0.91
2298,5,25.3,10.68,0.65
992,3,15.1,9.48,0.35
2839,4,12.7,8.87,0.53
1795,5,12.7,7.04,0.51
1841,5,19.1,9.81,0.86
500,2,17.0,6.15,0.83
1901,5,10.9,10.0,0.59
1743,3,7.4,5.88,0.71
890,1,10.0,6.43,0.52
1861,1,8.3,5.74,0.75
1521,0,3.0,5.93,0.73
1648,4,10.7,8.72,0.89
1818,1,6.0,9.14,0.71
1469,2,7.9,8.14,0.68
1972,0,12.1,9.46,0.58
1739,5,17.8,8.41,0.36
2130,3,24.9,9.05,0.54
1429,2,3.1,8.36,0.66
1054,3,15.2,8.29,0.58
1303,0,13.8,6.26,0.88
2809,4,6.7,7.23,0.53
2469,5,3.5,7.28,0.63
2649,3,7.1,8.66,0.69
2697,2,5.2,7.69,0.75
1473,2,8.3,7.08,0.62
2007,4,19.0,7.77,0.83
1853,3,4.5,6.88,0.65
1597,2,9.9,5.68,1.0
1865,2,16.3,6.74,0.56
1850,3,12.7,5.96,0.59
2172,5,15.8,8.08,0.43
2259,4,15.0,11.32,0.62
1865,3,8.5,8.46,0.78
1886,3,11.9,8.64,0.49
1958,2,12.2,7.88,0.74
2952,4,11.0,9.13,0.84
589,3,7.0,6.02,0.81
1121,3,13.4,7.33,0.94
2271,4,10.5,8.7,0.4
1988,5,18.8,8.16,0.71
1983,2,3.2,7.23,0.64
2267,4,16.3,9.46,0.59
1949,3,12.9,7.77,0.56
1408,2,13.1,9.93,0.73
2240,1,3.1,8.44,0.75
1814,2,6.8,7.47,0.67
1486,0,13.7,7.73,0.52
2283,3,16.7,8.03,0.79
2255,4,23.9,10.16,0.66
1950,0,8.6,5.57,0.64
3001,4,13.5,8.28,0.66
2501,2,11.4,9.07,0.54
3596,3,10.8,8.13,0.82
1697,3,14.8,8.65,0.47
1474,3,8.9,5.41,0.8
2402,2,16.2,8.77,0.7
1623,1,2.3,5.77,0.67
1808,1,8.4,8.06,0.72
1109,2,2.8,7.04,0.63
2224,2,11.8,8.6,0.7
770,3,14.4,7.29,0.36
1732,1,12.3,7.29,0.84
1789,3,6.3,7.23,0.94
1494,5,17.1,8.82,0.55
569,3,9.4,5.71,0.61
564,2,7.5,6.02,0.67
1277,3,5.8,7.43,0.67
2177,7,9.7,10.28,0.42
2002,4,15.0,9.77,0.56
1788,1,7.3,7.85,0.82
1180,0,6.1,6.22,0.77
2038,6,14.2,9.13,0.6
540,3,12.1,7.08,0.74
500,3,6.2,6.75,0.79
1629,4,13.2,8.39,0.49
1417,4,10.3,7.72,0.63
2509,1,17.6,8.2,0.95
1910,6,18.1,8.75,0.55
2955,2,11.0,7.13,0.84
1416,2,0.0,4.4,1.0
2140,3,0.8,8.08,0.6
1623,1,1.8,6.03,0.65
2767,2,21.2,8.16,0.8
1657,0,12.7,8.0,0.58
2398,4,12.2,8.37,0.79
1045,1,14.1,5.11,1.0
1509,4,15.4,7.84,0.87
1741,3,18.8,6.5,0.65
2684,5,12.4,8.15,0.76
500,4,14.3,5.39,0.75
1567,1,8.6,10.24,0.63
1543,0,11.6,7.61,0.68
500,0,9.5,6.4,1.0
1475,4,11.3,10.74,0.56
721,2,13.7,8.67,0.59
500,3,13.8,9.77,0.86
1616,2,12.4,8.06,0.59
1592,2,10.7,8.06,0.84
1628,3,4.7,8.15,0.79
1977,5,15.7,8.56,0.76
1184,2,0.0,6.42,0.79
3053,3,6.1,10.72,0.72
1776,6,21.8,9.01,0.82
624,2,12.7,10.1,0.74
1215,1,16.9,7.09,0.71
2280,2,12.0,9.15,0.74
1641,2,12.0,9.0,0.77
1048,3,6.1,9.07,0.51
512,1,16.1,5.8,0.71
2313,1,8.7,6.74,1.0
2256,4,14.8,9.36,0.84
1970,2,12.0,7.79,0.61
1452,3,7.7,8.08,0.76
1020,2,15.2,7.56,0.73
1762,1,15.6,8.38,0.88
879,2,17.2,6.76,0.75
1273,2,0.5,6.71,0.68
2682,1,8.6,5.74,0.61
504,4,8.4,8.84,0.75
2274,1,14.6,6.89,0.8
2845,3,17.2,8.83,0.72
2371,4,18.9,9.43,0.59
2078,1,7.1,5.19,0.76
1475,2,16.9,9.16,0.8
1347,3,14.4,9.81,0.78
500,2,9.8,6.12,0.53
1825,1,16.1,7.48,0.61
1518,3,15.5,10.34,0.91
1311,3,1.2,7.82,0.61
1785,2,3.0,6.96,0.49
1843,2,7.1,6.97,0.44
1355,4,13.9,6.28,0.71
2929,3,19.6,9.85,0.52
2311,1,16.2,10.31,0.59
2427,3,10.5,9.42,0.56
1727,4,12.9,9.25,0.35
2157,3,5.0,6.87,0.77
1173,1,14.4,6.09,1.0
2266,4,14.7,10.64,0.36
1656,6,14.4,9.76,0.6
1084,2,7.9,7.37,0.66
1784,4,15.9,8.08,0.81
1595,4,15.5,7.55,0.74
3426,4,14.8,8.72,0.75
2104,3,23.3,8.68,0.46
2905,3,15.3,9.63,0.67
2591,2,10.4,8.8,0.6
1826,1,16.4,7.89,0.62
1489,4,4.4,6.46,0.64
581,1,14.9,4.9,0.76
1190,4,14.6,7.45,0.81
2263,3,12.7,9.44,0.59
1588,1,9.0,5.97,0.6
2063,0,8.6,7.16,0.7
500,4,10.9,7.93,0.72
2117,2,9.9,7.87,0.75
2567,3,4.2,8.48,0.61
2060,5,13.4,10.19,0.49
2740,0,8.8,6.02,0.68
2976,3,9.3,7.43,0.63
1447,2,16.5,5.32,0.35
2345,2,10.6,10.18,0.62
2800,3,13.7,9.02,0.5
2080,2,7.8,7.16,0.59
2699,5,13.8,8.08,0.73
1774,7,18.9,8.4,0.58
2076,5,19.9,10.77,0.52
1364,1,13.7,7.05,0.71
1684,3,7.6,7.18,0.43
2103,1,9.2,4.91,0.72
1312,1,11.7,7.63,0.69
1643,3,5.9,6.62,0.61
2332,6,10.5,10.28,0.56
3236,2,10.0,6.74,0.83
500,3,7.8,6.23,0.65
3183,4,24.9,11.0,0.77
1618,6,12.2,9.37,0.7
2475,2,15.0,7.84,0.51
2612,6,18.6,8.7,0.71
2895,5,16.5,8.18,0.65
1290,5,8.8,8.61,0.54
1642,2,11.4,6.31,0.67
1549,5,15.6,11.3,0.7
2723,3,11.2,8.14,0.45
1746,5,11.9,10.36,0.51
667,3,7.3,7.38,0.52
1356,1,11.9,5.24,0.58
695,4,16.9,8.67,0.51
1640,1,15.2,6.71,0.73
2270,2,5.9,9.03,0.89
1341,3,11.7,7.76,0.77
1517,3,14.9,8.23,0.7
1607,3,2.0,7.24,0.63
1898,5,16.6,8.88,0.61
2161,4,5.7,9.49,0.64
3378,1,11.8,8.36,0.83
1886,7,10.8,9.95,0.68
2315,0,2.6,6.7,0.75
688,3,22.0,8.13,0.49
1534,4,5.2,7.9,0.58
1610,3,18.5,6.65,0.67
1087,0,11.0,6.62,0.44
1424,1,13.0,8.44,0.42
1724,4,23.7,10.7,0.49
1446,2,8.8,8.13,0.66
3621,3,17.8,10.84,0.51
2158,1,0.0,7.91,0.59
3200,2,17.1,9.27,0.43
2844,2,9.0,8.95,0.64
1352,3,12.1,5.93,0.69
1826,5,12.3,8.64,0.61
1495,1,8.0,5.93,0.7
1686,4,3.2,7.95,0.33
1116,1,15.5,6.33,0.82
1490,2,10.8,8.05,0.76
2051,2,0.0,7.11,0.67
2033,2,12.9,7.28,0.59
1977,1,3.0,6.69,0.61
1758,1,15.9,7.4,0.56
2402,2,14.7,7.85,0.64
1620,4,4.0,8.42,0.4
2774,3,13.6,9.97,0.9
506,2,5.2,5.72,0.72
2259,3,13.4,8.48,0.77
2141,7,19.0,11.67,0.54
1327,5,14.7,10.6,0.57
1551,2,15.0,9.38,0.72
2125,3,25.6,8.58,0.96
2441,3,13.8,9.15,0.63
575,2,19.7,7.3,0.38
2239,5,19.2,8.75,0.73
2587,5,15.1,8.75,0.7
512,2,8.6,8.96,0.44
3511,0,10.4,8.76,0.5
1179,1,13.7,6.25,0.8
2800,5,8.0,10.67,0.64
1751,4,9.5,8.55,0.58
1226,2,8.8,8.8,0.6
1985,3,14.8,8.42,0.51
2520,6,23.3,11.33,0.5
713,2,6.3,5.73,0.73
2291,4,9.8,9.02,0.42
1791,2,5.2,6.64,0.47
2203,6,11.5,8.19,0.74
1807,5,13.3,9.1,0.47
1399,1,12.3,8.15,0.79
1020,4,13.3,8.58,0.55
2270,3,11.5,7.02,0.59
2267,4,19.5,9.11,0.36
2263,1,8.4,8.82,0.77
2099,4,12.6,8.76,0.54
2461,4,14.2,8.67,0.68
2784,1,9.6,10.36,0.85
500,6,15.0,10.24,0.69
500,5,10.1,8.2,0.75
3002,3,5.9,6.85,0.71
861,4,14.8,8.08,0.72
1039,2,6.9,6.75,0.51
1598,5,10.9,9.04,0.68
642,1,6.0,5.73,0.73
1532,4,16.4,8.65,0.66
1136,0,3.8,8.54,0.88
1636,3,3.5,9.66,0.76
1995,3,11.4,7.82,0.49
1559,2,7.9,8.39,0.64
1524,4,11.8,8.53,0.91
1980,2,12.9,5.86,0.56
2531,5,18.0,9.02,0.58
2922,1,4.1,8.36,0.7
1647,2,5.9,5.27,0.74
3077,4,5.3,10.71,0.84
2413,2,9.4,9.74,0.63
937,4,18.3,7.55,0.87
917,3,10.6,6.28,0.72
1395,0,6.5,6.5,0.76
2811,5,6.8,6.84,0.57
1449,6,15.3,9.93,0.67
500,3,1.0,6.2,0.73
1639,2,12.4,7.05,0.51
